{"stats":{"minecraft:dropped":{"minecraft:iron_ingot":6,"minecraft:wheat_seeds":3,"minecraft:lapis_lazuli":1,"minecraft:golden_helmet":1,"bakery:strawberry":1,"minecraft:stick":4,"minecraft:mutton":2,"minecraft:bone":1,"minecraft:andesite_slab":1,"minecraft:light_gray_wool":1,"qualitycrops:wheat_iron":2,"minecraft:cobblestone_slab":1,"qualitycrops:wheat_gold":2,"minecraft:andesite":2,"minecraft:spruce_log":6},"minecraft:crafted":{"minecraft:oak_planks":4,"minecraft:coal":18,"minecraft:furnace":1,"quark:framed_glass":16,"aquaculture:sushi":13,"aquaculture:fish_fillet_raw":17,"minecraft:glass":32,"vinery:dark_cherry_sapling":1,"minecraft:iron_axe":2,"quark:spruce_chest":2,"minecraft:dark_oak_planks":100,"minecraft:stone_hoe":1,"biomesoplenty:jacaranda_planks":8,"minecraft:crafting_table":1,"minecraft:spruce_planks":264,"minecraft:bucket":1,"minecraft:campfire":1,"minecraft:stone_axe":1,"minecraft:air":0,"minecraft:dark_oak_slab":198,"vinery:savanna_grape_seeds_white":1,"minecraft:stick":20,"minecraft:iron_ingot":19,"quark:framed_glass_pane":32,"minecraft:iron_pickaxe":1,"aquaculture:stone_fillet_knife":1,"minecraft:iron_block":4,"minecraft:iron_shovel":1,"minecraft:torch":72,"minecraft:shears":1},"minecraft:used":{"aquaculture:sushi":6,"minecraft:iron_shovel":224,"minecraft:spruce_planks":206,"minecraft:iron_sword":62,"minecraft:stone_hoe":40,"minecraft:cooked_chicken":1,"minecraft:torch":14,"minecraft:dirt":9,"minecraft:carrot":10,"quark:spruce_chest":2,"minecraft:lantern":4,"minecraft:iron_axe":429,"minecraft:dark_oak_slab":195,"minecraft:written_book":1,"minecraft:furnace":1,"aquaculture:fish_fillet_cooked":4,"minecraft:potato":22,"minecraft:dark_oak_sapling":12,"minecraft:crafting_table":2,"minecraft:campfire":1,"minecraft:white_bed":4,"biomesoplenty:jacaranda_planks":2,"quark:glass_item_frame":1,"minecraft:oak_log":40,"minecraft:bread":11,"minecraft:iron_pickaxe":150,"minecraft:spruce_sapling":26,"minecraft:golden_leggings":1,"minecraft:golden_helmet":1,"minecraft:stone_axe":25,"minecraft:pink_petals":5,"minecraft:coal_block":7,"chococraft:gysahl_green":14,"minecraft:dandelion":1,"minecraft:bone_meal":1},"minecraft:broken":{"minecraft:iron_axe":2},"minecraft:custom":{"minecraft:interact_with_anvil":1,"minecraft:mob_kills":27,"minecraft:interact_with_crafting_table":29,"minecraft:open_barrel":11,"minecraft:interact_with_campfire":7,"minecraft:time_since_death":99953,"minecraft:climb_one_cm":2395,"minecraft:sprint_one_cm":261563,"minecraft:walk_one_cm":331174,"minecraft:drop":21,"minecraft:talked_to_villager":4,"minecraft:play_time":99953,"minecraft:sneak_time":1065,"minecraft:walk_under_water_one_cm":17600,"minecraft:jump":1615,"minecraft:walk_on_water_one_cm":24294,"minecraft:total_world_time":99953,"minecraft:interact_with_furnace":30,"minecraft:traded_with_villager":2,"minecraft:sleep_in_bed":8,"minecraft:time_since_rest":8124,"minecraft:damage_taken":771,"minecraft:damage_dealt":2120,"minecraft:swim_one_cm":14192,"minecraft:fly_one_cm":321017,"minecraft:open_chest":29,"minecraft:crouch_one_cm":4595,"tombstone:undead_killed":5,"tombstone:villager_killed":1,"minecraft:fall_one_cm":49280,"minecraft:inspect_dispenser":1},"minecraft:mined":{"minecraft:spruce_planks":13,"minecraft:white_bed":4,"farmersdelight:wild_carrots":11,"minecraft:dark_oak_log":70,"biomesoplenty:bush":8,"minecraft:grass_block":197,"minecraft:decorated_pot":1,"minecraft:coal_block":39,"minecraft:moss_block":2,"minecraft:hay_block":2,"minecraft:tall_seagrass":7,"biomesoplenty:jacaranda_log":2,"minecraft:raw_iron_block":4,"minecraft:spruce_sapling":2,"minecraft:iron_ore":16,"minecraft:andesite":2,"minecraft:gold_block":8,"chococraft:gysahl_green":13,"minecraft:potatoes":3,"minecraft:cobblestone_slab":1,"biomesoplenty:webbing":6,"biomesoplenty:spider_egg":1,"minecraft:stone":61,"minecraft:iron_block":1,"minecraft:podzol":3,"biomesoplenty:jacaranda_leaves":1,"minecraft:dandelion":1,"biomesoplenty:hanging_cobweb_strand":1,"minecraft:crafting_table":1,"bakery:wild_strawberries":1,"minecraft:poppy":1,"minecraft:andesite_slab":1,"minecraft:tall_grass":5,"minecraft:pink_petals":1,"minecraft:air":18,"minecraft:seagrass":8,"minecraft:dark_oak_slab":3,"minecraft:spruce_log":205,"minecraft:light_gray_wool":1,"minecraft:grass":40,"minecraft:coal_ore":13,"minecraft:oak_log":73,"minecraft:sand":32,"minecraft:dirt":6,"biomesoplenty:stringy_cobweb":4,"minecraft:cobweb":5,"minecraft:oak_leaves":6},"minecraft:picked_up":{"minecraft:crafting_table":1,"minecraft:seagrass":22,"chococraft:loverly_gysahl_green":3,"qualitycrops:wheat_gold":2,"vinery:red_grape":5,"minecraft:chicken":1,"minecraft:gold_block":8,"minecraft:brick":2,"minecraft:string":6,"vinery:savanna_grapes_red":2,"aquaculture:bluegill":2,"minecraft:gold_nugget":1,"minecraft:spruce_planks":13,"minecraft:written_book":1,"minecraft:cobblestone_slab":1,"minecraft:poppy":1,"minecraft:iron_pickaxe":1,"minecraft:light_gray_wool":1,"minecraft:coal_block":39,"minecraft:raw_iron":16,"minecraft:golden_helmet":1,"minecraft:dark_oak_sapling":16,"minecraft:stick":31,"qualitycrops:potato_iron":2,"aquaculture:perch":5,"minecraft:carrot":11,"aquaculture:fish_fillet_cooked":4,"minecraft:arrow":1,"qualitycrops:baked_potato_iron":2,"minecraft:rotten_flesh":2,"biomesoplenty:jacaranda_log":2,"aquaculture:brown_trout":2,"minecraft:hay_block":2,"minecraft:iron_block":1,"minecraft:gold_ingot":2,"minecraft:mutton":2,"minecraft:cobblestone":61,"minecraft:pink_petals":5,"minecraft:burn_pottery_sherd":4,"minecraft:andesite":2,"minecraft:potato":12,"minecraft:oak_log":72,"aquaculture:rainbow_trout":2,"minecraft:dirt":206,"minecraft:lantern":6,"chococraft:chocobo_feather":1,"minecraft:bone":3,"chococraft:gysahl_green":34,"minecraft:apple":1,"chococraft:gold_gysahl":1,"minecraft:wheat_seeds":7,"minecraft:iron_ingot":5,"minecraft:cooked_chicken":1,"minecraft:moss_block":2,"minecraft:iron_sword":1,"aquaculture:smallmouth_bass":1,"bakery:strawberry":1,"minecraft:dark_oak_slab":3,"quark:glass_item_frame":1,"minecraft:dandelion":1,"minecraft:raw_iron_block":4,"minecraft:sand":32,"chococraft:gysahl_green_seeds":12,"minecraft:spruce_sapling":51,"minecraft:ink_sac":7,"minecraft:white_bed":4,"minecraft:spruce_log":331,"minecraft:dark_oak_log":70,"qualitycrops:wheat_iron":2,"minecraft:snort_pottery_sherd":2,"minecraft:iron_helmet":1,"minecraft:bone_meal":2,"minecraft:spruce_sign":5,"alexsmobs:maggot":1,"minecraft:oak_sapling":14,"minecraft:coal":13,"minecraft:andesite_slab":1},"minecraft:killed":{"minecraft:cave_spider":2,"aquaculture:bluegill":2,"aquaculture:smallmouth_bass":1,"minecraft:skeleton":2,"minecraft:chicken":1,"aquaculture:perch":5,"aquaculture:brown_trout":2,"aquaculture:rainbow_trout":2,"vinery:wandering_winemaker":1,"minecraft:squid":3,"minecraft:zombie":3,"alexsmobs:gazelle":2,"alexsmobs:fly":1}},"DataVersion":3465}