{"stats":{"minecraft:mined":{"biomesoplenty:toadstool":1},"minecraft:used":{"vinery:grapevine_pot":1,"wardrobe:fox_hat_helmet":1,"vinery:fermentation_barrel":1,"vinery:spruce_wine_rack_big":1,"biomesoplenty:toadstool":1},"minecraft:custom":{"minecraft:time_since_rest":5096,"minecraft:play_time":5096,"minecraft:sprint_one_cm":5272,"minecraft:damage_taken":10,"minecraft:walk_one_cm":4583,"minecraft:sneak_time":116,"minecraft:walk_under_water_one_cm":459,"minecraft:drop":2,"minecraft:jump":91,"minecraft:time_since_death":5096,"minecraft:walk_on_water_one_cm":767,"minecraft:total_world_time":5096,"minecraft:swim_one_cm":1672,"minecraft:fall_one_cm":2125,"minecraft:fly_one_cm":39386},"minecraft:picked_up":{"biomesoplenty:toadstool":1,"qualitysdelight:hamburger_diamond":1,"farmersdelight:hamburger":1},"minecraft:dropped":{"qualitysdelight:hamburger_diamond":1,"farmersdelight:hamburger":1}},"DataVersion":3465}