{"stats":{"minecraft:mined":{"biomesoplenty:toadstool":1},"minecraft:crafted":{"vinery:creepers_crush":1},"minecraft:used":{"supplementaries:bomb":3,"vinery:creepers_crush":12,"vinery:grapevine_pot":10,"wardrobe:fox_hat_helmet":1,"vinery:fermentation_barrel":1,"vinery:spruce_wine_rack_big":2,"biomesoplenty:toadstool":1},"minecraft:custom":{"minecraft:open_chest":1,"minecraft:time_since_rest":1,"minecraft:crouch_one_cm":2,"minecraft:deaths":1,"minecraft:play_time":17034,"minecraft:sprint_one_cm":6080,"minecraft:damage_taken":858,"minecraft:walk_one_cm":17771,"minecraft:sneak_time":227,"minecraft:walk_under_water_one_cm":667,"minecraft:drop":2,"minecraft:jump":147,"minecraft:leave_game":1,"minecraft:time_since_death":432,"minecraft:walk_on_water_one_cm":1221,"minecraft:total_world_time":17034,"minecraft:swim_one_cm":1672,"minecraft:fall_one_cm":2125,"minecraft:fly_one_cm":79167},"minecraft:picked_up":{"biomesoplenty:toadstool":1,"qualitysdelight:hamburger_diamond":1,"farmersdelight:hamburger":1},"minecraft:dropped":{"qualitysdelight:hamburger_diamond":1,"farmersdelight:hamburger":1}},"DataVersion":3465}