{"stats":{"minecraft:dropped":{"minecraft:iron_ingot":6,"minecraft:wheat_seeds":2,"minecraft:lapis_lazuli":1,"minecraft:golden_helmet":1,"minecraft:andesite_slab":1,"minecraft:light_gray_wool":1,"minecraft:stick":4,"qualitycrops:wheat_iron":2,"minecraft:cobblestone_slab":1,"qualitycrops:wheat_gold":2,"minecraft:mutton":1,"minecraft:andesite":2,"minecraft:bone":1},"minecraft:crafted":{"biomesoplenty:jacaranda_planks":8,"minecraft:crafting_table":1,"minecraft:air":0,"minecraft:stick":4,"minecraft:iron_ingot":1,"minecraft:iron_pickaxe":1,"minecraft:iron_block":4},"minecraft:used":{"minecraft:iron_sword":8,"minecraft:dirt":9,"minecraft:crafting_table":1,"minecraft:white_bed":3,"biomesoplenty:jacaranda_planks":2,"quark:glass_item_frame":1,"minecraft:lantern":4,"minecraft:bread":8,"minecraft:iron_pickaxe":93,"minecraft:golden_leggings":1,"minecraft:golden_helmet":1,"minecraft:pink_petals":5,"minecraft:coal_block":7,"minecraft:written_book":1,"chococraft:gysahl_green":14},"minecraft:custom":{"minecraft:interact_with_furnace":22,"minecraft:mob_kills":3,"minecraft:interact_with_anvil":1,"minecraft:interact_with_crafting_table":2,"minecraft:open_barrel":11,"minecraft:time_since_death":39953,"minecraft:sleep_in_bed":3,"minecraft:climb_one_cm":2395,"minecraft:time_since_rest":2049,"minecraft:walk_one_cm":135043,"minecraft:sprint_one_cm":120945,"minecraft:damage_taken":466,"minecraft:drop":17,"minecraft:damage_dealt":359,"minecraft:swim_one_cm":7320,"minecraft:talked_to_villager":3,"minecraft:fly_one_cm":157108,"minecraft:open_chest":9,"minecraft:crouch_one_cm":2023,"minecraft:play_time":39953,"tombstone:undead_killed":1,"minecraft:sneak_time":550,"minecraft:walk_under_water_one_cm":4917,"minecraft:jump":786,"minecraft:walk_on_water_one_cm":9030,"minecraft:total_world_time":39953,"minecraft:fall_one_cm":24415,"minecraft:inspect_dispenser":1},"minecraft:mined":{"biomesoplenty:jacaranda_leaves":1,"minecraft:white_bed":4,"farmersdelight:wild_carrots":1,"minecraft:crafting_table":1,"minecraft:grass_block":6,"minecraft:decorated_pot":1,"minecraft:andesite_slab":1,"minecraft:coal_block":39,"minecraft:tall_grass":5,"minecraft:moss_block":2,"minecraft:pink_petals":1,"minecraft:hay_block":2,"biomesoplenty:jacaranda_log":2,"minecraft:raw_iron_block":4,"minecraft:iron_ore":16,"minecraft:andesite":2,"minecraft:light_gray_wool":1,"minecraft:gold_block":8,"minecraft:grass":17,"chococraft:gysahl_green":13,"minecraft:coal_ore":13,"minecraft:cobblestone_slab":1,"minecraft:dirt":3,"minecraft:stone":4,"minecraft:iron_block":1},"minecraft:picked_up":{"qualitycrops:wheat_gold":2,"chococraft:loverly_gysahl_green":3,"minecraft:pink_petals":5,"minecraft:crafting_table":1,"vinery:red_grape":4,"minecraft:burn_pottery_sherd":4,"minecraft:andesite":2,"minecraft:gold_block":8,"minecraft:brick":2,"minecraft:dirt":9,"minecraft:lantern":6,"chococraft:chocobo_feather":1,"minecraft:bone":1,"vinery:savanna_grapes_red":1,"chococraft:gysahl_green":34,"chococraft:gold_gysahl":1,"minecraft:wheat_seeds":3,"minecraft:gold_nugget":1,"minecraft:iron_ingot":5,"minecraft:cobblestone_slab":1,"minecraft:written_book":1,"minecraft:iron_pickaxe":1,"minecraft:light_gray_wool":1,"minecraft:moss_block":2,"minecraft:coal_block":39,"minecraft:iron_sword":1,"minecraft:golden_helmet":1,"minecraft:raw_iron":16,"quark:glass_item_frame":1,"minecraft:raw_iron_block":4,"chococraft:gysahl_green_seeds":12,"minecraft:white_bed":4,"minecraft:carrot":1,"qualitycrops:wheat_iron":2,"minecraft:snort_pottery_sherd":2,"biomesoplenty:jacaranda_log":2,"minecraft:iron_helmet":1,"minecraft:hay_block":2,"minecraft:iron_block":1,"minecraft:spruce_sign":5,"minecraft:gold_ingot":2,"minecraft:mutton":1,"minecraft:coal":13,"minecraft:andesite_slab":1,"minecraft:cobblestone":4},"minecraft:killed":{"minecraft:skeleton":1,"alexsmobs:gazelle":2}},"DataVersion":3465}