{"stats":{"minecraft:dropped":{"minecraft:iron_ingot":6,"minecraft:wheat_seeds":2,"minecraft:lapis_lazuli":1,"minecraft:andesite_slab":1,"minecraft:light_gray_wool":1,"qualitycrops:wheat_iron":2,"minecraft:cobblestone_slab":1,"qualitycrops:wheat_gold":2,"minecraft:andesite":2},"minecraft:crafted":{"biomesoplenty:jacaranda_planks":8,"minecraft:crafting_table":1,"minecraft:air":0,"minecraft:stick":4,"minecraft:iron_ingot":1,"minecraft:iron_pickaxe":1,"minecraft:iron_block":2},"minecraft:used":{"minecraft:dirt":5,"minecraft:crafting_table":1,"minecraft:white_bed":2,"minecraft:lantern":4,"minecraft:bread":7,"minecraft:iron_pickaxe":86,"minecraft:golden_leggings":1,"minecraft:golden_helmet":1,"minecraft:pink_petals":5,"minecraft:written_book":1,"chococraft:gysahl_green":1},"minecraft:custom":{"minecraft:interact_with_furnace":16,"minecraft:interact_with_crafting_table":2,"minecraft:open_barrel":7,"minecraft:time_since_death":27953,"minecraft:sleep_in_bed":2,"minecraft:climb_one_cm":1338,"minecraft:time_since_rest":3048,"minecraft:walk_one_cm":101036,"minecraft:sprint_one_cm":75651,"minecraft:damage_taken":230,"minecraft:drop":13,"minecraft:swim_one_cm":7320,"minecraft:talked_to_villager":1,"minecraft:fly_one_cm":92782,"minecraft:open_chest":8,"minecraft:crouch_one_cm":1052,"minecraft:play_time":27953,"minecraft:sneak_time":317,"minecraft:walk_under_water_one_cm":4917,"minecraft:jump":530,"minecraft:walk_on_water_one_cm":8901,"minecraft:total_world_time":27953,"minecraft:fall_one_cm":11525,"minecraft:inspect_dispenser":1},"minecraft:mined":{"biomesoplenty:jacaranda_leaves":1,"minecraft:white_bed":3,"farmersdelight:wild_carrots":1,"minecraft:crafting_table":1,"minecraft:grass_block":6,"minecraft:decorated_pot":1,"minecraft:andesite_slab":1,"minecraft:coal_block":32,"minecraft:tall_grass":3,"minecraft:moss_block":2,"minecraft:pink_petals":1,"minecraft:hay_block":2,"biomesoplenty:jacaranda_log":2,"minecraft:raw_iron_block":4,"minecraft:iron_ore":16,"minecraft:andesite":2,"minecraft:light_gray_wool":1,"minecraft:gold_block":8,"minecraft:grass":7,"chococraft:gysahl_green":6,"minecraft:coal_ore":13,"minecraft:cobblestone_slab":1,"minecraft:dirt":3,"minecraft:stone":4,"minecraft:iron_block":1},"minecraft:picked_up":{"qualitycrops:wheat_gold":2,"chococraft:loverly_gysahl_green":1,"minecraft:pink_petals":5,"minecraft:crafting_table":1,"minecraft:burn_pottery_sherd":4,"minecraft:andesite":2,"minecraft:gold_block":8,"minecraft:brick":2,"minecraft:dirt":9,"minecraft:lantern":6,"chococraft:chocobo_feather":1,"chococraft:gysahl_green":17,"minecraft:wheat_seeds":2,"minecraft:iron_ingot":3,"minecraft:cobblestone_slab":1,"minecraft:written_book":1,"minecraft:iron_pickaxe":1,"minecraft:light_gray_wool":1,"minecraft:moss_block":2,"minecraft:coal_block":32,"minecraft:iron_sword":1,"minecraft:raw_iron":16,"quark:glass_item_frame":1,"minecraft:raw_iron_block":4,"chococraft:gysahl_green_seeds":5,"minecraft:white_bed":3,"minecraft:carrot":1,"qualitycrops:wheat_iron":2,"minecraft:snort_pottery_sherd":2,"biomesoplenty:jacaranda_log":2,"minecraft:hay_block":2,"minecraft:iron_block":1,"minecraft:spruce_sign":5,"minecraft:coal":13,"minecraft:andesite_slab":1,"minecraft:cobblestone":4}},"DataVersion":3465}