{"stats":{"minecraft:dropped":{"minecraft:iron_ingot":6,"minecraft:wheat_seeds":2},"minecraft:crafted":{"biomesoplenty:jacaranda_planks":8,"minecraft:crafting_table":1,"minecraft:stick":4,"minecraft:iron_ingot":1,"minecraft:iron_pickaxe":1},"minecraft:used":{"minecraft:bread":4,"minecraft:iron_pickaxe":53,"minecraft:pink_petals":5,"minecraft:dirt":3,"minecraft:crafting_table":1,"minecraft:white_bed":1},"minecraft:custom":{"minecraft:time_since_rest":5182,"minecraft:sprint_one_cm":42555,"minecraft:damage_taken":115,"minecraft:walk_one_cm":53587,"minecraft:drop":4,"minecraft:swim_one_cm":5997,"minecraft:interact_with_crafting_table":2,"minecraft:fly_one_cm":58536,"minecraft:open_barrel":7,"minecraft:open_chest":5,"minecraft:crouch_one_cm":874,"minecraft:play_time":15953,"minecraft:sneak_time":265,"minecraft:walk_under_water_one_cm":3111,"minecraft:jump":312,"minecraft:walk_on_water_one_cm":8712,"minecraft:time_since_death":15953,"minecraft:sleep_in_bed":1,"minecraft:total_world_time":15953,"minecraft:fall_one_cm":8750},"minecraft:mined":{"minecraft:pink_petals":1,"biomesoplenty:jacaranda_leaves":1,"biomesoplenty:jacaranda_log":2,"minecraft:raw_iron_block":4,"minecraft:white_bed":2,"minecraft:iron_ore":16,"minecraft:andesite":2,"minecraft:light_gray_wool":1,"minecraft:crafting_table":1,"minecraft:gold_block":8,"minecraft:grass":7,"chococraft:gysahl_green":6,"minecraft:grass_block":3,"minecraft:coal_ore":13,"minecraft:decorated_pot":1,"minecraft:cobblestone_slab":1,"minecraft:andesite_slab":1,"minecraft:tall_grass":3,"minecraft:stone":4,"minecraft:moss_block":2,"minecraft:hay_block":2},"minecraft:picked_up":{"minecraft:pink_petals":5,"minecraft:crafting_table":1,"minecraft:raw_iron":16,"chococraft:loverly_gysahl_green":1,"minecraft:burn_pottery_sherd":4,"minecraft:andesite":2,"minecraft:raw_iron_block":4,"minecraft:gold_block":8,"chococraft:gysahl_green_seeds":5,"minecraft:brick":2,"minecraft:white_bed":2,"minecraft:dirt":3,"minecraft:lantern":2,"chococraft:chocobo_feather":1,"minecraft:snort_pottery_sherd":2,"chococraft:gysahl_green":17,"biomesoplenty:jacaranda_log":2,"minecraft:wheat_seeds":2,"minecraft:hay_block":2,"minecraft:iron_ingot":3,"minecraft:cobblestone_slab":1,"minecraft:spruce_sign":5,"minecraft:light_gray_wool":1,"minecraft:moss_block":2,"minecraft:coal":13,"minecraft:andesite_slab":1,"minecraft:cobblestone":4}},"DataVersion":3465}