{"stats":{"minecraft:dropped":{"minecraft:iron_ingot":6,"minecraft:wheat_seeds":3,"minecraft:lapis_lazuli":1,"minecraft:golden_helmet":1,"bakery:strawberry":1,"vinery:rotten_cherry":1,"minecraft:stick":4,"minecraft:mutton":2,"minecraft:bone":1,"minecraft:andesite_slab":1,"minecraft:light_gray_wool":1,"qualitycrops:wheat_iron":2,"minecraft:cobblestone_slab":1,"qualitycrops:wheat_gold":2,"minecraft:andesite":2,"qualitycrops:baked_potato_iron":1,"minecraft:spruce_log":6},"minecraft:crafted":{"minecraft:oak_planks":136,"minecraft:coal":18,"minecraft:furnace":1,"minecraft:bone_meal":6,"quark:framed_glass":32,"aquaculture:sushi":13,"aquaculture:fish_fillet_raw":17,"minecraft:dark_oak_door":3,"minecraft:glass":32,"vinery:dark_cherry_sapling":1,"minecraft:iron_axe":2,"quark:spruce_chest":4,"minecraft:dark_oak_planks":108,"minecraft:stone_hoe":1,"minecraft:oak_fence":21,"minecraft:oak_slab":204,"biomesoplenty:jacaranda_planks":8,"minecraft:crafting_table":1,"minecraft:spruce_planks":280,"minecraft:bucket":1,"minecraft:campfire":1,"minecraft:stone_axe":2,"minecraft:air":0,"minecraft:dark_oak_slab":198,"vinery:savanna_grape_seeds_white":1,"minecraft:stick":20,"minecraft:iron_ingot":28,"quark:framed_glass_pane":80,"minecraft:iron_pickaxe":1,"aquaculture:stone_fillet_knife":1,"minecraft:iron_block":4,"minecraft:iron_shovel":1,"minecraft:torch":72,"minecraft:shears":1},"minecraft:used":{"minecraft:oak_fence":21,"minecraft:peony":1,"aquaculture:sushi":11,"minecraft:iron_shovel":228,"minecraft:spruce_planks":244,"minecraft:iron_sword":62,"minecraft:stone_hoe":88,"minecraft:cooked_chicken":1,"minecraft:torch":22,"minecraft:dirt":12,"minecraft:carrot":13,"vinery:dark_cherry_sapling":1,"quark:spruce_chest":4,"minecraft:lantern":4,"minecraft:iron_axe":429,"minecraft:dark_oak_slab":197,"minecraft:written_book":1,"minecraft:furnace":1,"qualitycrops:baked_potato_iron":1,"aquaculture:fish_fillet_cooked":4,"minecraft:potato":46,"minecraft:dark_oak_sapling":12,"minecraft:wheat_seeds":2,"minecraft:water_bucket":1,"quark:framed_glass_pane":69,"minecraft:sugar_cane":3,"farmersdelight:onion":1,"minecraft:oak_slab":184,"minecraft:crafting_table":2,"minecraft:white_bed":4,"minecraft:campfire":1,"biomesoplenty:jacaranda_planks":2,"minecraft:dark_oak_door":3,"quark:glass_item_frame":1,"minecraft:oak_log":56,"minecraft:bread":11,"minecraft:iron_pickaxe":150,"minecraft:spruce_sapling":30,"minecraft:golden_leggings":1,"minecraft:golden_helmet":1,"minecraft:stone_axe":155,"minecraft:pink_petals":5,"minecraft:coal_block":7,"minecraft:bucket":1,"chococraft:gysahl_green":14,"minecraft:dandelion":1,"minecraft:bone_meal":4},"minecraft:broken":{"minecraft:iron_axe":2,"minecraft:stone_axe":1},"minecraft:custom":{"minecraft:interact_with_anvil":1,"minecraft:mob_kills":27,"minecraft:interact_with_crafting_table":42,"minecraft:open_barrel":11,"minecraft:interact_with_campfire":7,"minecraft:leave_game":1,"minecraft:time_since_death":127850,"minecraft:climb_one_cm":2395,"minecraft:sprint_one_cm":335011,"minecraft:walk_one_cm":451828,"minecraft:drop":23,"minecraft:talked_to_villager":4,"minecraft:play_time":127850,"minecraft:sneak_time":1087,"minecraft:walk_under_water_one_cm":18182,"minecraft:jump":1894,"minecraft:walk_on_water_one_cm":25177,"minecraft:total_world_time":127850,"minecraft:interact_with_furnace":32,"minecraft:traded_with_villager":2,"minecraft:sleep_in_bed":11,"minecraft:time_since_rest":2906,"minecraft:damage_taken":885,"minecraft:damage_dealt":2129,"minecraft:swim_one_cm":14223,"minecraft:fly_one_cm":392095,"minecraft:open_chest":43,"minecraft:crouch_one_cm":4605,"tombstone:undead_killed":5,"tombstone:villager_killed":1,"minecraft:fall_one_cm":57867,"minecraft:inspect_dispenser":1},"minecraft:mined":{"minecraft:spruce_planks":17,"minecraft:white_bed":4,"farmersdelight:wild_carrots":11,"minecraft:dark_oak_log":70,"biomesoplenty:bush":14,"minecraft:grass_block":202,"minecraft:decorated_pot":1,"minecraft:coal_block":39,"minecraft:moss_block":2,"minecraft:hay_block":2,"minecraft:tall_seagrass":7,"biomesoplenty:jacaranda_log":2,"minecraft:raw_iron_block":4,"minecraft:carrots":1,"minecraft:spruce_sapling":2,"minecraft:iron_ore":16,"minecraft:andesite":2,"minecraft:peony":1,"minecraft:gold_block":8,"chococraft:gysahl_green":13,"minecraft:potatoes":11,"minecraft:cobblestone_slab":1,"biomesoplenty:webbing":6,"biomesoplenty:spider_egg":1,"minecraft:stone":61,"minecraft:iron_block":1,"minecraft:podzol":3,"biomesoplenty:jacaranda_leaves":1,"minecraft:oak_slab":4,"minecraft:dandelion":1,"biomesoplenty:hanging_cobweb_strand":1,"minecraft:oak_fence":2,"minecraft:crafting_table":1,"bakery:wild_strawberries":1,"minecraft:poppy":1,"minecraft:andesite_slab":1,"minecraft:tall_grass":5,"minecraft:sugar_cane":1,"minecraft:air":18,"minecraft:pink_petals":1,"minecraft:seagrass":8,"minecraft:dark_oak_slab":3,"minecraft:dark_oak_door":1,"minecraft:spruce_log":216,"minecraft:light_gray_wool":1,"minecraft:grass":55,"minecraft:oak_log":160,"minecraft:coal_ore":13,"minecraft:sand":32,"minecraft:dirt":10,"biomesoplenty:stringy_cobweb":4,"minecraft:cobweb":5,"minecraft:oak_leaves":14},"minecraft:picked_up":{"qualitycrops:wheat_gold":2,"minecraft:seagrass":22,"minecraft:crafting_table":1,"chococraft:loverly_gysahl_green":3,"vinery:red_grape":10,"minecraft:chicken":1,"minecraft:gold_block":8,"minecraft:brick":2,"minecraft:string":6,"vinery:savanna_grapes_red":4,"aquaculture:bluegill":2,"minecraft:gold_nugget":1,"minecraft:spruce_planks":17,"minecraft:cobblestone_slab":1,"minecraft:written_book":1,"vinery:cherry":9,"minecraft:light_gray_wool":1,"minecraft:poppy":1,"minecraft:iron_pickaxe":1,"minecraft:sugar_cane":3,"minecraft:coal_block":39,"minecraft:dark_oak_door":1,"minecraft:golden_helmet":1,"minecraft:dark_oak_sapling":16,"minecraft:stick":42,"minecraft:raw_iron":16,"qualitycrops:potato_iron":4,"minecraft:oak_fence":1,"aquaculture:perch":5,"minecraft:carrot":13,"aquaculture:fish_fillet_cooked":4,"minecraft:arrow":1,"qualitycrops:baked_potato_iron":2,"minecraft:rotten_flesh":2,"biomesoplenty:jacaranda_log":2,"minecraft:peony":1,"aquaculture:brown_trout":2,"minecraft:hay_block":2,"minecraft:iron_block":1,"minecraft:gold_ingot":2,"minecraft:mutton":2,"minecraft:cobblestone":61,"minecraft:pink_petals":5,"vinery:rotten_cherry":1,"minecraft:burn_pottery_sherd":4,"minecraft:andesite":2,"minecraft:potato":43,"minecraft:oak_log":201,"aquaculture:rainbow_trout":2,"minecraft:dirt":215,"minecraft:lantern":6,"chococraft:chocobo_feather":1,"minecraft:bone":3,"chococraft:gysahl_green":34,"minecraft:apple":4,"qualitycrops:apple_iron":2,"chococraft:gold_gysahl":1,"minecraft:wheat_seeds":9,"minecraft:iron_ingot":5,"minecraft:cooked_chicken":1,"minecraft:moss_block":2,"minecraft:iron_sword":1,"minecraft:oak_slab":7,"aquaculture:smallmouth_bass":1,"bakery:strawberry":1,"minecraft:dark_oak_slab":3,"minecraft:poisonous_potato":1,"quark:glass_item_frame":1,"minecraft:dandelion":1,"minecraft:raw_iron_block":4,"qualitycrops:sugar_cane_diamond":1,"minecraft:sand":32,"minecraft:spruce_sapling":55,"chococraft:gysahl_green_seeds":12,"minecraft:ink_sac":7,"minecraft:white_bed":4,"minecraft:spruce_log":342,"minecraft:dark_oak_log":70,"qualitycrops:wheat_iron":2,"minecraft:snort_pottery_sherd":2,"minecraft:iron_helmet":1,"minecraft:bone_meal":2,"minecraft:spruce_sign":5,"alexsmobs:maggot":1,"minecraft:oak_sapling":33,"minecraft:coal":13,"minecraft:andesite_slab":1},"minecraft:killed":{"minecraft:cave_spider":2,"aquaculture:bluegill":2,"aquaculture:smallmouth_bass":1,"minecraft:skeleton":2,"minecraft:chicken":1,"aquaculture:brown_trout":2,"aquaculture:perch":5,"aquaculture:rainbow_trout":2,"vinery:wandering_winemaker":1,"minecraft:squid":3,"minecraft:zombie":3,"alexsmobs:gazelle":2,"alexsmobs:fly":1}},"DataVersion":3465}