{"stats":{"minecraft:dropped":{"minecraft:iron_ingot":6,"minecraft:wheat_seeds":3,"minecraft:lapis_lazuli":1,"minecraft:golden_helmet":1,"minecraft:andesite_slab":1,"bakery:strawberry":1,"minecraft:light_gray_wool":1,"minecraft:stick":4,"qualitycrops:wheat_iron":2,"minecraft:cobblestone_slab":1,"qualitycrops:wheat_gold":2,"minecraft:mutton":2,"minecraft:andesite":2,"minecraft:spruce_log":6,"minecraft:bone":1},"minecraft:crafted":{"biomesoplenty:jacaranda_planks":8,"minecraft:crafting_table":1,"minecraft:spruce_planks":20,"minecraft:furnace":1,"minecraft:air":0,"minecraft:iron_axe":1,"minecraft:stick":12,"minecraft:iron_ingot":1,"minecraft:iron_pickaxe":1,"minecraft:iron_block":4,"quark:spruce_chest":2},"minecraft:used":{"minecraft:iron_sword":9,"minecraft:dirt":9,"minecraft:crafting_table":2,"minecraft:white_bed":4,"biomesoplenty:jacaranda_planks":2,"quark:glass_item_frame":1,"quark:spruce_chest":2,"minecraft:lantern":4,"minecraft:iron_axe":276,"minecraft:bread":10,"minecraft:iron_pickaxe":116,"minecraft:golden_leggings":1,"minecraft:golden_helmet":1,"minecraft:pink_petals":5,"minecraft:coal_block":7,"minecraft:written_book":1,"minecraft:furnace":1,"chococraft:gysahl_green":14,"minecraft:dark_oak_sapling":9},"minecraft:broken":{"minecraft:iron_axe":1},"minecraft:custom":{"minecraft:interact_with_furnace":22,"minecraft:mob_kills":4,"minecraft:interact_with_anvil":1,"minecraft:interact_with_crafting_table":7,"minecraft:open_barrel":11,"minecraft:time_since_death":51953,"minecraft:sleep_in_bed":4,"minecraft:climb_one_cm":2395,"minecraft:time_since_rest":1283,"minecraft:walk_one_cm":167710,"minecraft:sprint_one_cm":165826,"minecraft:damage_taken":466,"minecraft:drop":21,"minecraft:damage_dealt":399,"minecraft:swim_one_cm":7320,"minecraft:talked_to_villager":3,"minecraft:fly_one_cm":224025,"minecraft:open_chest":13,"minecraft:crouch_one_cm":2179,"minecraft:play_time":51953,"tombstone:undead_killed":1,"minecraft:sneak_time":578,"minecraft:walk_under_water_one_cm":4917,"minecraft:jump":1039,"minecraft:walk_on_water_one_cm":9230,"minecraft:total_world_time":51953,"minecraft:fall_one_cm":31662,"minecraft:inspect_dispenser":1},"minecraft:mined":{"biomesoplenty:jacaranda_leaves":1,"minecraft:white_bed":4,"farmersdelight:wild_carrots":1,"minecraft:dark_oak_log":58,"minecraft:dandelion":1,"minecraft:crafting_table":1,"biomesoplenty:bush":2,"bakery:wild_strawberries":1,"minecraft:grass_block":6,"minecraft:poppy":1,"minecraft:decorated_pot":1,"minecraft:andesite_slab":1,"minecraft:coal_block":39,"minecraft:tall_grass":5,"minecraft:moss_block":2,"minecraft:pink_petals":1,"minecraft:hay_block":2,"biomesoplenty:jacaranda_log":2,"minecraft:raw_iron_block":4,"minecraft:iron_ore":16,"minecraft:spruce_log":122,"minecraft:andesite":2,"minecraft:light_gray_wool":1,"minecraft:gold_block":8,"minecraft:grass":25,"minecraft:oak_log":71,"chococraft:gysahl_green":13,"minecraft:coal_ore":13,"minecraft:cobblestone_slab":1,"minecraft:dirt":3,"minecraft:stone":27,"minecraft:iron_block":1,"minecraft:oak_leaves":4},"minecraft:picked_up":{"qualitycrops:wheat_gold":2,"chococraft:loverly_gysahl_green":3,"minecraft:pink_petals":5,"minecraft:crafting_table":1,"vinery:red_grape":5,"minecraft:chicken":1,"minecraft:burn_pottery_sherd":4,"minecraft:andesite":2,"minecraft:gold_block":8,"minecraft:oak_log":70,"minecraft:brick":2,"minecraft:dirt":9,"minecraft:lantern":6,"chococraft:chocobo_feather":1,"minecraft:bone":1,"vinery:savanna_grapes_red":1,"chococraft:gysahl_green":34,"minecraft:apple":1,"chococraft:gold_gysahl":1,"minecraft:wheat_seeds":6,"minecraft:gold_nugget":1,"minecraft:iron_ingot":5,"minecraft:cobblestone_slab":1,"minecraft:written_book":1,"minecraft:poppy":1,"minecraft:iron_pickaxe":1,"minecraft:light_gray_wool":1,"minecraft:moss_block":2,"minecraft:coal_block":39,"minecraft:iron_sword":1,"minecraft:dark_oak_sapling":14,"minecraft:stick":23,"minecraft:golden_helmet":1,"bakery:strawberry":1,"minecraft:raw_iron":16,"minecraft:dandelion":1,"quark:glass_item_frame":1,"minecraft:raw_iron_block":4,"minecraft:spruce_sapling":31,"minecraft:spruce_log":128,"chococraft:gysahl_green_seeds":12,"minecraft:white_bed":4,"minecraft:carrot":1,"minecraft:dark_oak_log":58,"qualitycrops:wheat_iron":2,"minecraft:snort_pottery_sherd":2,"biomesoplenty:jacaranda_log":2,"minecraft:iron_helmet":1,"minecraft:hay_block":2,"minecraft:iron_block":1,"minecraft:spruce_sign":5,"minecraft:gold_ingot":2,"minecraft:oak_sapling":13,"minecraft:mutton":2,"minecraft:coal":13,"minecraft:andesite_slab":1,"minecraft:cobblestone":27},"minecraft:killed":{"minecraft:skeleton":1,"minecraft:chicken":1,"alexsmobs:gazelle":2}},"DataVersion":3465}