{"stats":{"minecraft:used":{"minecraft:peony":1,"aquaculture:sushi":13,"minecraft:iron_shovel":228,"minecraft:spruce_planks":419,"minecraft:iron_sword":122,"minecraft:cooked_chicken":1,"minecraft:stone_hoe":88,"minecraft:torch":54,"minecraft:dirt":14,"minecraft:carrot":32,"vinery:dark_cherry_sapling":1,"quark:spruce_chest":4,"minecraft:lantern":4,"minecraft:iron_axe":429,"minecraft:dark_oak_slab":197,"minecraft:written_book":1,"minecraft:furnace":3,"qualitycrops:baked_potato_iron":1,"tombstone:gift":2,"aquaculture:fish_fillet_cooked":4,"minecraft:potato":52,"minecraft:dark_oak_sapling":12,"quark:dark_oak_ladder":8,"minecraft:calcite":2,"minecraft:wheat_seeds":2,"minecraft:water_bucket":2,"quark:framed_glass_pane":69,"minecraft:baked_potato":7,"minecraft:sugar_cane":3,"farmersdelight:onion":1,"minecraft:oak_slab":184,"minecraft:crafting_table":2,"minecraft:white_bed":4,"minecraft:campfire":1,"minecraft:smoker":1,"biomesoplenty:jacaranda_planks":2,"minecraft:dark_oak_door":3,"quark:glass_item_frame":1,"minecraft:oak_log":86,"minecraft:bread":11,"minecraft:iron_pickaxe":470,"minecraft:spruce_sapling":30,"minecraft:golden_leggings":1,"minecraft:golden_helmet":1,"minecraft:stone_axe":228,"minecraft:pink_petals":5,"minecraft:coal_block":7,"minecraft:cobblestone":3,"minecraft:bucket":2,"chococraft:gysahl_green":14,"minecraft:dandelion":1,"minecraft:bone_meal":4,"minecraft:oak_fence":21},"minecraft:picked_up":{"minecraft:crafting_table":1,"minecraft:seagrass":22,"qualitycrops:wheat_gold":2,"chococraft:loverly_gysahl_green":3,"vinery:red_grape":10,"minecraft:chicken":1,"minecraft:gold_block":8,"minecraft:brick":2,"minecraft:string":11,"minecraft:raw_copper":40,"vinery:savanna_grapes_red":4,"aquaculture:bluegill":2,"minecraft:gold_nugget":1,"minecraft:spruce_planks":19,"minecraft:calcite":2,"minecraft:cobblestone_slab":1,"minecraft:written_book":1,"vinery:cherry":41,"minecraft:light_gray_wool":1,"minecraft:poppy":1,"minecraft:iron_pickaxe":1,"minecraft:coal_block":39,"minecraft:sugar_cane":3,"minecraft:furnace":1,"minecraft:dark_oak_door":1,"minecraft:golden_helmet":1,"minecraft:dark_oak_sapling":16,"minecraft:stick":42,"minecraft:raw_iron":24,"qualitycrops:potato_iron":4,"minecraft:oak_fence":1,"minecraft:torch":1,"aquaculture:perch":5,"tombstone:grave_dust":3,"minecraft:diorite":45,"minecraft:carrot":33,"aquaculture:fish_fillet_cooked":4,"qualitycrops:potato_diamond":1,"minecraft:arrow":4,"qualitycrops:baked_potato_iron":2,"minecraft:rotten_flesh":13,"biomesoplenty:jacaranda_log":2,"minecraft:peony":1,"aquaculture:brown_trout":2,"minecraft:hay_block":2,"minecraft:iron_block":1,"supplementaries:ash":8,"minecraft:gold_ingot":2,"minecraft:mutton":2,"minecraft:cobblestone":306,"minecraft:pink_petals":5,"vinery:rotten_cherry":3,"minecraft:burn_pottery_sherd":4,"minecraft:andesite":6,"minecraft:potato":67,"create:raw_zinc":11,"minecraft:oak_log":201,"minecraft:gunpowder":5,"aquaculture:rainbow_trout":2,"minecraft:dirt":217,"minecraft:lantern":6,"minecraft:white_banner":1,"chococraft:chocobo_feather":1,"minecraft:bone":6,"chococraft:gysahl_green":34,"minecraft:apple":4,"qualitycrops:apple_iron":2,"chococraft:gold_gysahl":1,"minecraft:wheat_seeds":9,"minecraft:iron_ingot":13,"minecraft:cooked_chicken":1,"minecraft:moss_block":2,"minecraft:iron_sword":1,"minecraft:oak_slab":9,"aquaculture:smallmouth_bass":3,"bakery:strawberry":1,"minecraft:dark_oak_slab":3,"quark:glass_item_frame":1,"minecraft:dandelion":1,"minecraft:poisonous_potato":1,"minecraft:raw_iron_block":4,"minecraft:gravel":8,"qualitycrops:sugar_cane_diamond":1,"quark:dark_oak_ladder":1,"minecraft:sand":32,"chococraft:gysahl_green_seeds":12,"minecraft:spruce_sapling":55,"minecraft:ink_sac":7,"minecraft:white_bed":4,"minecraft:spruce_log":342,"minecraft:dark_oak_log":70,"qualitycrops:wheat_iron":2,"minecraft:snort_pottery_sherd":2,"minecraft:iron_helmet":1,"minecraft:bone_meal":2,"minecraft:spruce_sign":5,"alexsmobs:maggot":1,"minecraft:oak_sapling":33,"minecraft:coal":42,"minecraft:andesite_slab":1},"minecraft:crafted":{"minecraft:oak_planks":136,"minecraft:coal":18,"minecraft:furnace":3,"minecraft:bone_meal":6,"quark:framed_glass":32,"aquaculture:sushi":13,"aquaculture:fish_fillet_raw":17,"minecraft:dark_oak_door":3,"minecraft:glass":32,"vinery:dark_cherry_sapling":1,"minecraft:iron_boots":1,"minecraft:iron_axe":2,"quark:spruce_chest":4,"minecraft:dark_oak_planks":108,"minecraft:stone_hoe":1,"minecraft:oak_fence":21,"quark:dark_oak_ladder":8,"minecraft:smoker":1,"minecraft:oak_slab":204,"biomesoplenty:jacaranda_planks":8,"minecraft:crafting_table":1,"minecraft:spruce_planks":436,"minecraft:baked_potato":7,"minecraft:bucket":1,"minecraft:campfire":1,"minecraft:stone_axe":2,"minecraft:air":0,"minecraft:dark_oak_slab":198,"minecraft:iron_chestplate":1,"vinery:savanna_grape_seeds_white":1,"minecraft:stick":24,"minecraft:iron_ingot":44,"quark:framed_glass_pane":80,"minecraft:iron_pickaxe":1,"aquaculture:stone_fillet_knife":1,"minecraft:iron_block":4,"minecraft:iron_shovel":1,"minecraft:torch":72,"minecraft:shears":1},"minecraft:broken":{"minecraft:iron_axe":2,"minecraft:stone_axe":2,"minecraft:iron_pickaxe":1},"minecraft:custom":{"minecraft:interact_with_anvil":1,"minecraft:mob_kills":58,"minecraft:interact_with_crafting_table":47,"minecraft:open_barrel":11,"minecraft:interact_with_campfire":7,"minecraft:leave_game":2,"minecraft:time_since_death":150549,"minecraft:climb_one_cm":5310,"minecraft:sprint_one_cm":388876,"minecraft:walk_one_cm":634895,"minecraft:drop":24,"minecraft:talked_to_villager":4,"minecraft:play_time":150549,"minecraft:sneak_time":1679,"minecraft:walk_under_water_one_cm":21609,"minecraft:jump":2316,"minecraft:walk_on_water_one_cm":28566,"minecraft:total_world_time":150549,"minecraft:interact_with_furnace":40,"tombstone:raider_killed":1,"minecraft:traded_with_villager":2,"minecraft:sleep_in_bed":11,"minecraft:time_since_rest":25605,"minecraft:damage_taken":1308,"minecraft:damage_dealt":7863,"minecraft:swim_one_cm":14223,"minecraft:fly_one_cm":430635,"minecraft:open_chest":59,"minecraft:crouch_one_cm":5999,"tombstone:undead_killed":20,"tombstone:villager_killed":1,"minecraft:interact_with_smoker":2,"minecraft:fall_one_cm":68368,"minecraft:inspect_dispenser":1},"minecraft:killed":{"minecraft:cave_spider":4,"aquaculture:bluegill":2,"minecraft:spider":2,"aquaculture:smallmouth_bass":3,"minecraft:skeleton":5,"minecraft:chicken":1,"aquaculture:brown_trout":2,"aquaculture:perch":5,"aquaculture:rainbow_trout":2,"vinery:wandering_winemaker":1,"minecraft:creeper":8,"minecraft:squid":3,"minecraft:pillager":1,"minecraft:zombie":15,"alexsmobs:gazelle":2,"alexsmobs:fly":1,"alexsmobs:crow":1},"minecraft:mined":{"create:zinc_ore":11,"minecraft:spruce_planks":19,"minecraft:white_bed":4,"farmersdelight:wild_carrots":11,"minecraft:dark_oak_log":70,"biomesoplenty:bush":14,"minecraft:grass_block":202,"minecraft:decorated_pot":1,"minecraft:coal_block":39,"minecraft:moss_block":2,"minecraft:hay_block":2,"minecraft:tall_seagrass":7,"biomesoplenty:jacaranda_log":2,"minecraft:raw_iron_block":4,"minecraft:furnace":1,"minecraft:spruce_sapling":2,"minecraft:carrots":6,"minecraft:iron_ore":24,"minecraft:andesite":3,"minecraft:peony":1,"minecraft:gold_block":8,"biomesoplenty:hanging_cobweb":2,"chococraft:gysahl_green":13,"minecraft:potatoes":17,"minecraft:cobblestone_slab":1,"biomesoplenty:webbing":8,"minecraft:iron_block":1,"biomesoplenty:spider_egg":1,"minecraft:stone":303,"minecraft:podzol":3,"biomesoplenty:jacaranda_leaves":1,"minecraft:oak_slab":6,"quark:dark_oak_ladder":1,"minecraft:dandelion":1,"biomesoplenty:hanging_cobweb_strand":4,"minecraft:oak_fence":2,"minecraft:crafting_table":1,"minecraft:torch":1,"bakery:wild_strawberries":1,"minecraft:poppy":1,"minecraft:andesite_slab":1,"minecraft:copper_ore":9,"minecraft:tall_grass":5,"minecraft:sugar_cane":1,"minecraft:wall_torch":1,"minecraft:diorite":45,"supplementaries:urn":1,"minecraft:air":18,"minecraft:pink_petals":1,"minecraft:seagrass":8,"minecraft:dark_oak_slab":3,"minecraft:dark_oak_door":1,"minecraft:spruce_log":216,"minecraft:light_gray_wool":1,"minecraft:grass":55,"minecraft:oak_log":160,"minecraft:coal_ore":14,"minecraft:sand":32,"minecraft:dirt":12,"biomesoplenty:stringy_cobweb":5,"minecraft:cobweb":5,"minecraft:oak_leaves":14},"minecraft:dropped":{"minecraft:iron_ingot":6,"minecraft:wheat_seeds":3,"minecraft:lapis_lazuli":1,"minecraft:golden_helmet":1,"bakery:strawberry":1,"vinery:rotten_cherry":2,"minecraft:stick":4,"minecraft:mutton":2,"minecraft:bone":1,"minecraft:andesite_slab":1,"minecraft:light_gray_wool":1,"qualitycrops:wheat_iron":2,"minecraft:cobblestone_slab":1,"qualitycrops:wheat_gold":2,"minecraft:andesite":2,"qualitycrops:baked_potato_iron":1,"minecraft:spruce_log":6}},"DataVersion":3465}