{"stats":{"minecraft:mined":{"biomesoplenty:toadstool":1},"minecraft:crafted":{"vinery:creepers_crush":1},"minecraft:used":{"takesapillage:archer_spawn_egg":1,"supplementaries:bomb":3,"vinery:creepers_crush":12,"vinery:grapevine_pot":10,"wardrobe:fox_hat_helmet":1,"vinery:fermentation_barrel":1,"vinery:villagers_fright":2,"vinery:spruce_wine_rack_big":2,"biomesoplenty:toadstool":1},"minecraft:custom":{"minecraft:time_since_rest":1,"minecraft:open_chest":1,"minecraft:crouch_one_cm":38,"minecraft:damage_taken":858,"minecraft:sprint_one_cm":6297,"minecraft:play_time":26034,"minecraft:deaths":2,"minecraft:walk_one_cm":22752,"minecraft:raid_trigger":1,"minecraft:sneak_time":553,"minecraft:walk_under_water_one_cm":921,"minecraft:mob_kills":5,"minecraft:drop":4,"minecraft:jump":166,"tombstone:raider_killed":1,"minecraft:damage_dealt":40,"minecraft:leave_game":2,"minecraft:walk_on_water_one_cm":1580,"minecraft:time_since_death":93,"minecraft:total_world_time":26034,"minecraft:swim_one_cm":1672,"minecraft:fall_one_cm":2125,"minecraft:fly_one_cm":163434},"minecraft:killed":{"minecraft:sheep":1,"takesapillage:archer":1,"minecraft:horse":3},"minecraft:picked_up":{"biomesoplenty:toadstool":1,"qualitysdelight:hamburger_diamond":1,"farmersdelight:hamburger":1,"minecraft:oak_log":32,"minecraft:dirt":96,"minecraft:cobblestone":36},"minecraft:dropped":{"qualitysdelight:hamburger_diamond":1,"farmersdelight:hamburger":1,"vinery:creepers_crush":1,"takesapillage:archer_spawn_egg":1}},"DataVersion":3465}