{"stats":{"minecraft:custom":{"minecraft:mob_kills":30,"tombstone:use_vanishing":1,"minecraft:interact_with_crafting_table":42,"minecraft:open_barrel":15,"minecraft:damage_dealt_resisted":105,"minecraft:leave_game":9,"minecraft:time_since_death":34662,"minecraft:climb_one_cm":24444,"minecraft:sprint_one_cm":570594,"minecraft:walk_one_cm":855602,"minecraft:drop":57,"minecraft:damage_dealt_absorbed":115,"minecraft:talked_to_villager":3,"minecraft:play_time":381513,"minecraft:sneak_time":5782,"minecraft:deaths":5,"minecraft:walk_under_water_one_cm":24913,"minecraft:interact_with_brewingstand":1,"minecraft:jump":4288,"minecraft:walk_on_water_one_cm":30974,"minecraft:total_world_time":381513,"minecraft:interact_with_furnace":19,"minecraft:sleep_in_bed":19,"minecraft:time_since_rest":34336,"minecraft:damage_taken":4426,"tombstone:sneak_grave":1,"minecraft:damage_dealt":6671,"minecraft:swim_one_cm":39628,"minecraft:fly_one_cm":914423,"minecraft:open_chest":102,"minecraft:crouch_one_cm":16802,"tombstone:undead_killed":20,"minecraft:fall_one_cm":125054,"minecraft:inspect_dispenser":5,"minecraft:interact_with_smithing_table":1,"minecraft:horse_one_cm":2317},"minecraft:broken":{"minecraft:iron_shovel":2,"minecraft:iron_axe":1,"minecraft:iron_pickaxe":1},"minecraft:picked_up":{"tombstone:dust_of_vanishing":1,"chococraft:loverly_gysahl_green":1,"minecraft:cocoa_beans":8,"minecraft:crafting_table":2,"qualitycrops:wheat_gold":1,"minecraft:wheat":3,"minecraft:azure_bluet":2,"minecraft:chicken":1,"minecraft:lead":3,"create:yellow_seat":3,"minecraft:brick":2,"minecraft:string":43,"minecraft:red_bed":5,"minecraft:item_frame":2,"minecraft:experience_bottle":1,"vinery:savanna_grapes_red":11,"minecraft:beetroot":1,"minecraft:gold_nugget":11,"minecraft:cobbled_deepslate":14,"qualitycrops:melon_slice_gold":5,"minecraft:cobblestone_slab":1,"minecraft:iron_nugget":40,"minecraft:spruce_slab":1,"minecraft:melon_slice":42,"minecraft:coal_block":1,"minecraft:birch_sapling":14,"minecraft:spruce_trapdoor":6,"minecraft:egg":1,"minecraft:dark_oak_sapling":6,"minecraft:stick":32,"minecraft:raw_iron":159,"minecraft:torch":19,"minecraft:acacia_log":65,"minecraft:spruce_stairs":3,"qualitycrops:cocoa_beans_gold":1,"minecraft:pointed_dripstone":2,"tombstone:grave_dust":6,"minecraft:diorite":17,"minecraft:arrow":17,"qualitycrops:baked_potato_iron":1,"quark:clear_shard":5,"minecraft:rotten_flesh":13,"biomesoplenty:jacaranda_log":1,"minecraft:decorated_pot":1,"minecraft:beetroot_seeds":1,"minecraft:hay_block":1,"minecraft:iron_block":1,"minecraft:gold_ingot":3,"supplementaries:ash":17,"minecraft:mutton":1,"minecraft:rail":1,"minecraft:white_wool":1,"minecraft:cobblestone":78,"biomesoplenty:lavender":16,"minecraft:birch_log":29,"minecraft:andesite":7,"minecraft:jungle_log":11,"alexsmobs:acacia_blossom":1,"minecraft:potato":1,"minecraft:birch_planks":7,"paraglider:spirit_orb":2,"create:raw_zinc":17,"minecraft:oak_log":31,"supplementaries:flax_seeds":6,"minecraft:gunpowder":1,"tombstone:voodoo_poppet":1,"minecraft:lapis_lazuli":35,"minecraft:dirt":558,"minecraft:lantern":1,"tombstone:gift":1,"quark:forgotten_hat":1,"minecraft:cooked_mutton":1,"minecraft:bone":29,"minecraft:acacia_planks":9,"chococraft:gysahl_green":12,"minecraft:wheat_seeds":21,"minecraft:raw_gold":65,"minecraft:iron_ingot":5,"minecraft:cobweb":4,"minecraft:rabbit":1,"minecraft:iron_sword":2,"minecraft:oak_planks":7,"minecraft:acacia_sapling":7,"vinery:taiga_grape_seeds_white":3,"minecraft:dripstone_block":2,"minecraft:gravel":1,"minecraft:sand":109,"minecraft:amethyst_shard":8,"minecraft:spruce_sapling":26,"chococraft:gysahl_green_seeds":4,"minecraft:spruce_log":106,"minecraft:spruce_door":2,"minecraft:dark_oak_log":14,"minecraft:spider_eye":3,"tombstone:scroll_of_mercy":1,"create:crimsite":2,"vinery:jungle_grapes_red":1,"minecraft:snort_pottery_sherd":2,"minecraft:diamond":16,"qualitycrops:melon_slice_iron":11,"minecraft:bone_meal":1,"minecraft:spruce_sign":10,"minecraft:emerald":10,"minecraft:bread":25,"minecraft:plenty_pottery_sherd":4,"tombstone:magic_scroll":1,"minecraft:oak_sapling":7,"minecraft:andesite_slab":1,"minecraft:coal":73},"minecraft:crafted":{"minecraft:oak_planks":60,"minecraft:coal":9,"minecraft:iron_nugget":19,"minecraft:furnace":1,"minecraft:bone_meal":27,"connectedglass:borderless_glass":40,"minecraft:glass":42,"minecraft:lantern":2,"quark:acacia_chest":2,"minecraft:spruce_stairs":28,"minecraft:diamond_leggings":1,"minecraft:iron_axe":2,"minecraft:spruce_slab":24,"minecraft:jungle_fence":3,"biomesoplenty:jacaranda_planks":4,"vinery:grapevine_stem":20,"minecraft:crafting_table":2,"minecraft:spruce_planks":172,"minecraft:spruce_door":3,"minecraft:birch_planks":116,"minecraft:air":0,"minecraft:jungle_planks":20,"minecraft:spruce_trapdoor":32,"minecraft:stick":20,"quark:oak_chest":2,"minecraft:iron_ingot":9,"minecraft:iron_pickaxe":2,"minecraft:iron_shovel":3,"minecraft:acacia_planks":96,"minecraft:torch":36,"minecraft:diamond_chestplate":1},"minecraft:dropped":{"farmersdelight:tomato_seeds":5,"minecraft:spruce_sign":4,"minecraft:iron_sword":1,"chococraft:loverly_gysahl_green":1,"minecraft:wheat_seeds":3,"biomesoplenty:lavender":16,"minecraft:iron_helmet":1,"minecraft:cobblestone":3,"chococraft:gysahl_green_seeds":1,"minecraft:acacia_log":24,"minecraft:rail":1,"minecraft:dirt":2,"vinery:savanna_grapes_red":1,"minecraft:dark_oak_log":4,"minecraft:diorite":3,"tombstone:grave_dust":1,"tombstone:voodoo_poppet":1,"vinery:taiga_grape_seeds_white":3,"minecraft:gold_ingot":1,"minecraft:iron_nugget":1,"minecraft:cobbled_deepslate":4,"minecraft:andesite_slab":1,"minecraft:wheat":1,"tombstone:gift":3,"minecraft:raw_iron":17,"minecraft:rotten_flesh":7,"minecraft:azure_bluet":2,"supplementaries:flax_seeds":3,"minecraft:cobblestone_slab":1,"vinery:grapevine_stem":20,"minecraft:brick":2},"minecraft:mined":{"create:zinc_ore":7,"create:deepslate_zinc_ore":10,"minecraft:farmland":1,"minecraft:deepslate_diamond_ore":17,"minecraft:sculk_vein":1,"minecraft:jungle_leaves":1,"minecraft:dark_oak_log":10,"minecraft:spruce_trapdoor":6,"biomesoplenty:bush":1,"minecraft:acacia_log":41,"minecraft:grass_block":424,"minecraft:decorated_pot":4,"minecraft:jungle_log":8,"minecraft:coal_block":1,"minecraft:spruce_leaves":9,"minecraft:spawner":1,"minecraft:hay_block":1,"biomesoplenty:jacaranda_log":1,"minecraft:iron_ore":127,"minecraft:andesite":5,"minecraft:deepslate_lapis_ore":6,"biomesoplenty:hanging_cobweb":1,"minecraft:sculk_shrieker":1,"chococraft:gysahl_green":4,"minecraft:dirt_path":2,"minecraft:vine":1,"minecraft:deepslate_iron_ore":15,"minecraft:stone":63,"biomesoplenty:spider_egg":1,"minecraft:iron_block":1,"minecraft:spruce_slab":1,"valhelsia_structures:big_purple_glazed_jar":1,"minecraft:podzol":3,"minecraft:red_bed":5,"minecraft:medium_amethyst_bud":1,"minecraft:amethyst_cluster":2,"minecraft:spruce_door":2,"minecraft:crafting_table":2,"minecraft:torch":9,"minecraft:melon":10,"minecraft:tall_grass":1,"minecraft:glass":2,"minecraft:cobblestone":20,"minecraft:deepslate_gold_ore":38,"minecraft:oak_planks":7,"minecraft:diorite":15,"minecraft:wall_torch":11,"minecraft:pink_petals":1,"minecraft:birch_sapling":3,"minecraft:air":5,"supplementaries:urn":8,"minecraft:spruce_stairs":3,"minecraft:birch_planks":7,"create:yellow_seat":3,"minecraft:birch_log":29,"minecraft:spruce_log":100,"minecraft:grass":44,"minecraft:oak_log":31,"minecraft:coal_ore":71,"minecraft:cocoa":3,"quark:monster_box":1,"minecraft:beetroots":1,"minecraft:gravel":1,"minecraft:sand":112,"minecraft:dripstone_block":3,"minecraft:dirt":119,"biomesoplenty:stringy_cobweb":1,"minecraft:cobweb":31,"minecraft:acacia_planks":9,"minecraft:gold_ore":27,"create:crimsite":2,"minecraft:deepslate":12,"minecraft:oak_leaves":1,"minecraft:fern":5},"minecraft:used":{"minecraft:iron_shovel":603,"minecraft:spruce_slab":25,"minecraft:spruce_planks":6,"minecraft:decorated_pot":1,"minecraft:iron_sword":177,"minecraft:torch":36,"minecraft:dirt":447,"minecraft:spruce_stairs":25,"minecraft:acacia_sapling":3,"minecraft:glass":2,"minecraft:lantern":3,"minecraft:iron_axe":325,"minecraft:birch_sapling":5,"minecraft:jungle_log":6,"connectedglass:borderless_glass":26,"minecraft:item_frame":2,"minecraft:written_book":1,"create:yellow_seat":3,"minecraft:furnace":1,"minecraft:beetroot_seeds":1,"qualitycrops:baked_potato_iron":1,"tombstone:gift":1,"minecraft:potato":3,"minecraft:acacia_planks":49,"minecraft:cooked_mutton":1,"minecraft:diorite":1,"minecraft:spruce_door":3,"minecraft:birch_planks":107,"minecraft:oak_planks":48,"minecraft:jungle_fence":2,"qualitycrops:melon_slice_gold":5,"minecraft:sand":4,"minecraft:crafting_table":3,"minecraft:red_bed":5,"quark:acacia_chest":2,"minecraft:cod":4,"minecraft:spruce_log":43,"minecraft:apple":23,"minecraft:firework_rocket":1,"minecraft:bread":56,"minecraft:iron_pickaxe":474,"minecraft:spruce_trapdoor":36,"minecraft:gravel":1,"minecraft:spruce_sapling":21,"minecraft:cobblestone":19,"minecraft:andesite":7,"quark:oak_chest":2,"minecraft:bone_meal":5,"minecraft:experience_bottle":1},"minecraft:killed":{"minecraft:cave_spider":3,"minecraft:spider":4,"quark:forgotten":1,"minecraft:skeleton":9,"minecraft:creeper":2,"minecraft:zombie":10},"minecraft:killed_by":{"minecraft:zombie":2}},"DataVersion":3465}