{"stats":{"minecraft:dropped":{"minecraft:spruce_sign":4,"minecraft:iron_sword":1,"chococraft:loverly_gysahl_green":1,"minecraft:wheat_seeds":3,"biomesoplenty:lavender":14,"minecraft:iron_helmet":1,"minecraft:cobblestone":3,"chococraft:gysahl_green_seeds":1,"minecraft:acacia_log":24,"minecraft:dirt":2,"vinery:savanna_grapes_red":1,"minecraft:dark_oak_log":4,"minecraft:gold_ingot":1,"minecraft:andesite_slab":1,"minecraft:raw_iron":17,"minecraft:rotten_flesh":1,"minecraft:azure_bluet":2,"minecraft:cobblestone_slab":1,"vinery:grapevine_stem":20,"minecraft:brick":2},"minecraft:crafted":{"minecraft:oak_planks":60,"minecraft:coal":9,"minecraft:furnace":1,"minecraft:bone_meal":27,"connectedglass:borderless_glass":40,"minecraft:glass":42,"quark:acacia_chest":2,"minecraft:spruce_stairs":8,"minecraft:iron_axe":2,"minecraft:jungle_fence":3,"biomesoplenty:jacaranda_planks":4,"vinery:grapevine_stem":20,"minecraft:crafting_table":1,"minecraft:spruce_planks":76,"minecraft:spruce_door":3,"minecraft:birch_planks":116,"minecraft:air":0,"minecraft:jungle_planks":20,"minecraft:spruce_trapdoor":12,"minecraft:stick":16,"quark:oak_chest":2,"minecraft:iron_ingot":9,"minecraft:iron_pickaxe":1,"minecraft:iron_shovel":2,"minecraft:acacia_planks":88,"minecraft:torch":12},"minecraft:used":{"minecraft:iron_shovel":506,"minecraft:spruce_planks":6,"minecraft:decorated_pot":1,"minecraft:iron_sword":74,"minecraft:torch":22,"minecraft:dirt":354,"minecraft:spruce_stairs":9,"minecraft:acacia_sapling":3,"minecraft:glass":2,"minecraft:lantern":1,"minecraft:iron_axe":281,"minecraft:birch_sapling":5,"minecraft:jungle_log":6,"connectedglass:borderless_glass":26,"minecraft:item_frame":2,"minecraft:written_book":1,"create:yellow_seat":3,"minecraft:furnace":1,"minecraft:beetroot_seeds":1,"qualitycrops:baked_potato_iron":1,"minecraft:potato":3,"minecraft:acacia_planks":49,"minecraft:cooked_mutton":1,"minecraft:spruce_door":3,"minecraft:birch_planks":107,"minecraft:oak_planks":48,"minecraft:jungle_fence":2,"minecraft:sand":4,"minecraft:crafting_table":1,"minecraft:red_bed":5,"quark:acacia_chest":2,"minecraft:cod":4,"minecraft:spruce_log":39,"minecraft:firework_rocket":1,"minecraft:bread":43,"minecraft:iron_pickaxe":147,"minecraft:spruce_trapdoor":17,"minecraft:spruce_sapling":21,"minecraft:gravel":1,"minecraft:cobblestone":2,"minecraft:andesite":3,"quark:oak_chest":2,"minecraft:bone_meal":5,"minecraft:experience_bottle":1},"minecraft:broken":{"minecraft:iron_shovel":1,"minecraft:iron_axe":1},"minecraft:custom":{"minecraft:interact_with_smithing_table":1,"minecraft:mob_kills":11,"minecraft:interact_with_crafting_table":25,"minecraft:open_barrel":14,"minecraft:leave_game":2,"minecraft:time_since_death":183141,"minecraft:climb_one_cm":3223,"minecraft:sprint_one_cm":363832,"minecraft:walk_one_cm":557865,"minecraft:drop":36,"minecraft:talked_to_villager":3,"minecraft:play_time":183141,"minecraft:sneak_time":3489,"minecraft:walk_under_water_one_cm":9253,"minecraft:interact_with_brewingstand":1,"minecraft:jump":3046,"minecraft:walk_on_water_one_cm":14617,"minecraft:total_world_time":183141,"minecraft:interact_with_furnace":16,"minecraft:sleep_in_bed":14,"minecraft:time_since_rest":1823,"minecraft:damage_taken":1780,"minecraft:damage_dealt":2488,"minecraft:swim_one_cm":18640,"minecraft:fly_one_cm":714068,"minecraft:open_chest":56,"minecraft:crouch_one_cm":9624,"tombstone:undead_killed":8,"minecraft:fall_one_cm":84318,"minecraft:inspect_dispenser":5,"minecraft:horse_one_cm":2317},"minecraft:mined":{"create:zinc_ore":1,"create:deepslate_zinc_ore":9,"minecraft:farmland":1,"minecraft:deepslate_diamond_ore":2,"minecraft:jungle_leaves":1,"minecraft:dark_oak_log":10,"minecraft:spruce_trapdoor":6,"minecraft:acacia_log":31,"minecraft:grass_block":353,"minecraft:decorated_pot":4,"minecraft:jungle_log":8,"minecraft:coal_block":1,"minecraft:spruce_leaves":9,"minecraft:hay_block":1,"biomesoplenty:jacaranda_log":1,"minecraft:iron_ore":17,"minecraft:andesite":1,"minecraft:deepslate_lapis_ore":6,"chococraft:gysahl_green":4,"minecraft:deepslate_iron_ore":8,"minecraft:dirt_path":2,"biomesoplenty:spider_egg":1,"minecraft:stone":22,"minecraft:iron_block":1,"minecraft:podzol":3,"minecraft:red_bed":5,"minecraft:medium_amethyst_bud":1,"minecraft:spruce_door":2,"minecraft:torch":7,"minecraft:melon":10,"minecraft:glass":2,"minecraft:tall_grass":1,"minecraft:deepslate_gold_ore":22,"minecraft:oak_planks":7,"minecraft:wall_torch":4,"minecraft:birch_sapling":3,"supplementaries:urn":1,"minecraft:air":5,"minecraft:pink_petals":1,"minecraft:spruce_stairs":1,"minecraft:birch_planks":7,"create:yellow_seat":3,"minecraft:birch_log":29,"minecraft:spruce_log":76,"minecraft:grass":40,"minecraft:oak_log":31,"minecraft:coal_ore":27,"quark:monster_box":1,"minecraft:beetroots":1,"minecraft:cocoa":3,"minecraft:gravel":1,"minecraft:sand":112,"minecraft:dirt":74,"minecraft:cobweb":28,"minecraft:acacia_planks":9,"minecraft:gold_ore":3,"create:crimsite":2,"minecraft:oak_leaves":1,"minecraft:deepslate":4,"minecraft:fern":5},"minecraft:picked_up":{"minecraft:cocoa_beans":8,"qualitycrops:wheat_gold":1,"chococraft:loverly_gysahl_green":1,"minecraft:azure_bluet":2,"minecraft:wheat":2,"minecraft:chicken":1,"minecraft:lead":3,"create:yellow_seat":3,"minecraft:brick":2,"minecraft:red_bed":5,"minecraft:string":35,"minecraft:item_frame":2,"minecraft:experience_bottle":1,"vinery:savanna_grapes_red":9,"minecraft:beetroot":1,"minecraft:cobbled_deepslate":4,"qualitycrops:melon_slice_gold":5,"minecraft:cobblestone_slab":1,"minecraft:melon_slice":42,"minecraft:coal_block":1,"minecraft:birch_sapling":14,"minecraft:spruce_trapdoor":6,"minecraft:dark_oak_sapling":6,"minecraft:stick":25,"minecraft:raw_iron":42,"minecraft:torch":11,"minecraft:acacia_log":55,"minecraft:spruce_stairs":1,"qualitycrops:cocoa_beans_gold":1,"tombstone:grave_dust":3,"quark:clear_shard":5,"minecraft:rotten_flesh":5,"minecraft:arrow":12,"qualitycrops:baked_potato_iron":1,"biomesoplenty:jacaranda_log":1,"minecraft:decorated_pot":1,"minecraft:beetroot_seeds":1,"minecraft:hay_block":1,"minecraft:iron_block":1,"minecraft:gold_ingot":3,"supplementaries:ash":14,"minecraft:mutton":1,"minecraft:cobblestone":21,"minecraft:birch_log":29,"biomesoplenty:lavender":14,"minecraft:andesite":3,"minecraft:jungle_log":11,"alexsmobs:acacia_blossom":1,"minecraft:potato":1,"minecraft:birch_planks":7,"create:raw_zinc":10,"minecraft:oak_log":31,"supplementaries:flax_seeds":3,"minecraft:lapis_lazuli":35,"minecraft:dirt":430,"minecraft:lantern":1,"quark:forgotten_hat":1,"minecraft:cooked_mutton":1,"minecraft:bone":9,"chococraft:gysahl_green":12,"minecraft:acacia_planks":9,"minecraft:wheat_seeds":21,"minecraft:raw_gold":25,"minecraft:iron_ingot":5,"minecraft:cobweb":4,"minecraft:rabbit":1,"minecraft:acacia_sapling":4,"minecraft:iron_sword":2,"minecraft:oak_planks":7,"minecraft:gravel":1,"minecraft:sand":109,"minecraft:spruce_sapling":21,"chococraft:gysahl_green_seeds":4,"minecraft:spruce_log":82,"minecraft:spruce_door":2,"minecraft:dark_oak_log":14,"minecraft:spider_eye":2,"create:crimsite":2,"minecraft:snort_pottery_sherd":2,"minecraft:diamond":2,"qualitycrops:melon_slice_iron":11,"minecraft:bone_meal":1,"minecraft:spruce_sign":10,"minecraft:emerald":4,"minecraft:bread":1,"minecraft:oak_sapling":7,"minecraft:plenty_pottery_sherd":4,"minecraft:andesite_slab":1,"minecraft:coal":29},"minecraft:killed":{"minecraft:cave_spider":1,"minecraft:spider":1,"quark:forgotten":1,"minecraft:skeleton":4,"minecraft:zombie":3}},"DataVersion":3465}