{"stats":{"minecraft:used":{"minecraft:knowledge_book":1,"minecraft:iron_sword":101,"minecraft:jungle_planks":1,"minecraft:iron_axe":39,"minecraft:bread":8,"minecraft:cooked_cod":12},"minecraft:picked_up":{"minecraft:nautilus_shell":2,"born_in_chaos_v1:corpse_maggot":12,"qualitycrops:wheat_gold":5,"minecraft:wheat":28,"minecraft:tripwire_hook":1,"minecraft:golden_leggings":1,"minecraft:potato":68,"seadwellers:aquamarine":1,"born_in_chaos_v1:bloody_gadfly_eye":1,"minecraft:yellow_bed":2,"tombstone:voodoo_poppet":1,"minecraft:string":9,"qualitycrops:wheat_diamond":1,"tombstone:gift":2,"minecraft:iron_axe":1,"minecraft:item_frame":4,"minecraft:experience_bottle":1,"minecraft:bone":1,"minecraft:beetroot":38,"minecraft:wheat_seeds":48,"qualitycrops:carrot_iron":2,"qualitycrops:potato_gold":4,"minecraft:iron_ingot":3,"qualitycrops:melon_slice_gold":13,"minecraft:iron_pickaxe":1,"minecraft:bamboo":12,"minecraft:melon_slice":32,"qualitycrops:beetroot_gold":8,"minecraft:mangrove_log":1,"minecraft:spruce_pressure_plate":1,"minecraft:stick":2,"minecraft:pumpkin":7,"qualitycrops:potato_iron":5,"qualitycrops:beetroot_diamond":1,"minecraft:sand":1,"minecraft:jungle_planks":2,"qualitycrops:carrot_gold":4,"qualitycrops:carrot_diamond":2,"tombstone:grave_dust":2,"minecraft:carrot":98,"minecraft:dark_oak_log":2,"minecraft:spider_eye":1,"tombstone:scroll_of_mercy":2,"minecraft:stone_sword":1,"qualitycrops:potato_diamond":3,"minecraft:bundle":1,"minecraft:cactus":1,"qualitycrops:wheat_iron":7,"born_in_chaos_v1:fire_dust":1,"minecraft:rotten_flesh":16,"minecraft:slime_ball":2,"minecraft:beetroot_seeds":66,"regions_unexplored:joshua_log":2,"biomesoplenty:cattail":3,"minecraft:pumpkin_pie":1,"qualitycrops:melon_slice_iron":6,"farmersdelight:rope":9,"minecraft:gold_ingot":1,"qualitycrops:beetroot_iron":8,"minecraft:bread":1},"minecraft:custom":{"lootr:looted_stat":55,"minecraft:interact_with_furnace":4,"minecraft:mob_kills":24,"minecraft:inspect_hopper":1,"minecraft:interact_with_crafting_table":1,"minecraft:open_barrel":6,"minecraft:damage_dealt_resisted":60,"minecraft:interact_with_grindstone":1,"minecraft:leave_game":4,"minecraft:time_since_death":40345,"minecraft:sleep_in_bed":1,"minecraft:climb_one_cm":12166,"minecraft:time_since_rest":22150,"minecraft:sprint_one_cm":139829,"minecraft:damage_taken":2835,"minecraft:walk_one_cm":182405,"minecraft:trigger_trapped_chest":1,"minecraft:drop":3,"minecraft:damage_dealt":4851,"minecraft:swim_one_cm":37121,"minecraft:damage_dealt_absorbed":160,"minecraft:talked_to_villager":4,"minecraft:fly_one_cm":264341,"minecraft:open_chest":2,"minecraft:crouch_one_cm":122,"minecraft:play_time":60299,"tombstone:undead_killed":12,"minecraft:deaths":8,"minecraft:sneak_time":552,"minecraft:walk_under_water_one_cm":14670,"minecraft:jump":1169,"minecraft:walk_on_water_one_cm":41738,"minecraft:total_world_time":60299,"minecraft:fall_one_cm":25426},"minecraft:dropped":{"minecraft:rotten_flesh":2,"born_in_chaos_v1:corpse_maggot":1},"minecraft:killed":{"born_in_chaos_v1:zombie_lumberjack":1,"born_in_chaos_v1:baby_skeleton":1,"born_in_chaos_v1:swarmer":1,"minecraft:spider":1,"born_in_chaos_v1:zombie_bruiser":1,"born_in_chaos_v1:maggot":5,"minecraft:zombie":7,"born_in_chaos_v1:corpse_fly":4,"minecraft:drowned":1,"born_in_chaos_v1:firelight_not_despawn":1},"minecraft:killed_by":{"alexsmobs:crocodile":2,"alexsmobs:alligator_snapping_turtle":1,"minecraft:zombie":5},"minecraft:broken":{"minecraft:iron_sword":1},"minecraft:mined":{"regions_unexplored:joshua_beard":1,"biomesoplenty:desert_grass":1,"minecraft:melon":6,"minecraft:jungle_planks":2,"regions_unexplored:small_desert_shrub":1,"biomesoplenty:cattail":3,"minecraft:tall_seagrass":1,"minecraft:pumpkin":7,"minecraft:grass":1,"regions_unexplored:joshua_log":3,"minecraft:sand":1,"minecraft:fern":1}},"DataVersion":3465}