{"stats":{"minecraft:dropped":{"minecraft:spruce_sign":4,"minecraft:wheat_seeds":1,"minecraft:andesite_slab":1,"biomesoplenty:lavender":6,"minecraft:cobblestone":1,"chococraft:gysahl_green_seeds":1,"minecraft:dirt":1,"minecraft:cobblestone_slab":1,"minecraft:brick":2},"minecraft:crafted":{"minecraft:coal":9,"biomesoplenty:jacaranda_planks":4,"minecraft:stick":4,"minecraft:iron_pickaxe":1,"minecraft:torch":12},"minecraft:used":{"minecraft:decorated_pot":1,"minecraft:torch":1,"minecraft:dirt":16,"minecraft:red_bed":2,"minecraft:firework_rocket":1,"minecraft:lantern":1,"minecraft:bread":8,"minecraft:iron_pickaxe":52,"minecraft:item_frame":2,"minecraft:andesite":2,"minecraft:experience_bottle":1},"minecraft:custom":{"minecraft:interact_with_smithing_table":1,"minecraft:interact_with_furnace":9,"minecraft:interact_with_crafting_table":1,"minecraft:open_barrel":9,"minecraft:time_since_death":28509,"minecraft:sleep_in_bed":2,"minecraft:climb_one_cm":1348,"minecraft:time_since_rest":3048,"minecraft:walk_one_cm":128090,"minecraft:sprint_one_cm":70043,"minecraft:damage_taken":289,"minecraft:drop":18,"minecraft:damage_dealt":60,"minecraft:swim_one_cm":12704,"minecraft:talked_to_villager":1,"minecraft:fly_one_cm":104692,"minecraft:open_chest":9,"minecraft:crouch_one_cm":723,"minecraft:play_time":28509,"minecraft:sneak_time":276,"minecraft:walk_under_water_one_cm":5319,"minecraft:jump":618,"minecraft:walk_on_water_one_cm":1615,"minecraft:total_world_time":28509,"minecraft:fall_one_cm":14936,"minecraft:inspect_dispenser":4},"minecraft:mined":{"create:zinc_ore":1,"minecraft:farmland":1,"minecraft:red_bed":3,"minecraft:torch":1,"minecraft:grass_block":12,"minecraft:decorated_pot":4,"minecraft:coal_block":1,"minecraft:tall_grass":1,"minecraft:pink_petals":1,"biomesoplenty:jacaranda_log":1,"minecraft:iron_ore":17,"minecraft:grass":2,"minecraft:coal_ore":14,"minecraft:dirt_path":1,"minecraft:dirt":6,"minecraft:stone":3,"minecraft:iron_block":1,"create:crimsite":2},"minecraft:picked_up":{"biomesoplenty:lavender":6,"chococraft:loverly_gysahl_green":1,"minecraft:azure_bluet":2,"minecraft:andesite":2,"minecraft:potato":1,"create:raw_zinc":1,"minecraft:brick":2,"minecraft:dirt":18,"minecraft:red_bed":3,"minecraft:lantern":1,"minecraft:item_frame":2,"minecraft:experience_bottle":1,"chococraft:gysahl_green":3,"minecraft:wheat_seeds":2,"minecraft:iron_ingot":5,"minecraft:cobblestone_slab":1,"minecraft:coal_block":1,"minecraft:iron_sword":1,"minecraft:raw_iron":17,"minecraft:torch":1,"chococraft:gysahl_green_seeds":1,"create:crimsite":2,"minecraft:snort_pottery_sherd":2,"biomesoplenty:jacaranda_log":1,"minecraft:decorated_pot":1,"minecraft:iron_block":1,"minecraft:spruce_sign":10,"minecraft:gold_ingot":2,"minecraft:plenty_pottery_sherd":4,"minecraft:coal":16,"minecraft:andesite_slab":1,"minecraft:cobblestone":3}},"DataVersion":3465}