{"stats":{"minecraft:used":{"minecraft:knowledge_book":1,"minecraft:bread":1,"minecraft:iron_sword":85,"minecraft:cooked_cod":8},"minecraft:picked_up":{"minecraft:nautilus_shell":2,"born_in_chaos_v1:corpse_maggot":1,"minecraft:stick":2,"minecraft:sand":1,"seadwellers:aquamarine":1,"tombstone:grave_dust":2,"tombstone:voodoo_poppet":1,"minecraft:spider_eye":1,"minecraft:string":9,"tombstone:gift":2,"tombstone:scroll_of_mercy":2,"minecraft:bundle":1,"born_in_chaos_v1:fire_dust":1,"minecraft:bone":1,"minecraft:rotten_flesh":8,"regions_unexplored:joshua_log":2,"biomesoplenty:cattail":3,"farmersdelight:rope":9},"minecraft:custom":{"minecraft:time_since_rest":5157,"minecraft:sprint_one_cm":75470,"lootr:looted_stat":8,"minecraft:damage_taken":2450,"minecraft:walk_one_cm":52468,"minecraft:mob_kills":12,"minecraft:inspect_hopper":1,"minecraft:damage_dealt":2895,"minecraft:swim_one_cm":16251,"minecraft:damage_dealt_absorbed":160,"minecraft:fly_one_cm":162030,"minecraft:crouch_one_cm":122,"minecraft:play_time":25214,"tombstone:undead_killed":9,"minecraft:deaths":8,"minecraft:sneak_time":402,"minecraft:walk_under_water_one_cm":7417,"minecraft:jump":702,"minecraft:leave_game":2,"minecraft:walk_on_water_one_cm":18263,"minecraft:time_since_death":5260,"minecraft:climb_one_cm":4359,"minecraft:total_world_time":25214,"minecraft:fall_one_cm":18107},"minecraft:killed":{"minecraft:zombie":7,"born_in_chaos_v1:baby_skeleton":1,"minecraft:spider":1,"minecraft:drowned":1,"born_in_chaos_v1:firelight_not_despawn":1,"born_in_chaos_v1:maggot":1},"minecraft:killed_by":{"alexsmobs:crocodile":2,"alexsmobs:alligator_snapping_turtle":1,"minecraft:zombie":5},"minecraft:mined":{"minecraft:tall_seagrass":1,"regions_unexplored:joshua_beard":1,"minecraft:grass":1,"regions_unexplored:joshua_log":3,"regions_unexplored:small_desert_shrub":1,"minecraft:sand":1,"biomesoplenty:cattail":3,"minecraft:fern":1}},"DataVersion":3465}