{"stats":{"minecraft:dropped":{"minecraft:spruce_sign":4,"minecraft:wheat_seeds":1,"biomesoplenty:lavender":6,"chococraft:gysahl_green_seeds":1},"minecraft:crafted":{"minecraft:coal":9,"biomesoplenty:jacaranda_planks":4,"minecraft:stick":4,"minecraft:iron_pickaxe":1},"minecraft:used":{"minecraft:lantern":1,"minecraft:bread":3,"minecraft:iron_pickaxe":19,"minecraft:decorated_pot":1,"minecraft:dirt":5,"minecraft:red_bed":1},"minecraft:custom":{"minecraft:time_since_rest":5182,"minecraft:sprint_one_cm":38141,"minecraft:damage_taken":100,"minecraft:walk_one_cm":57407,"minecraft:drop":12,"minecraft:swim_one_cm":12704,"minecraft:interact_with_crafting_table":1,"minecraft:fly_one_cm":73953,"minecraft:open_barrel":9,"minecraft:open_chest":8,"minecraft:crouch_one_cm":242,"minecraft:play_time":16509,"minecraft:sneak_time":104,"minecraft:walk_under_water_one_cm":5319,"minecraft:jump":354,"minecraft:walk_on_water_one_cm":1311,"minecraft:time_since_death":16509,"minecraft:sleep_in_bed":1,"minecraft:total_world_time":16509,"minecraft:fall_one_cm":7901},"minecraft:mined":{"create:zinc_ore":1,"biomesoplenty:jacaranda_log":1,"minecraft:red_bed":2,"minecraft:grass":2,"minecraft:grass_block":4,"minecraft:coal_ore":9,"minecraft:decorated_pot":4,"minecraft:dirt":1,"minecraft:coal_block":1,"minecraft:tall_grass":1,"minecraft:stone":1,"create:crimsite":2,"minecraft:pink_petals":1},"minecraft:picked_up":{"biomesoplenty:lavender":6,"chococraft:loverly_gysahl_green":1,"create:raw_zinc":1,"chococraft:gysahl_green_seeds":1,"minecraft:brick":2,"minecraft:dirt":5,"minecraft:red_bed":2,"minecraft:lantern":1,"minecraft:snort_pottery_sherd":2,"create:crimsite":2,"chococraft:gysahl_green":3,"biomesoplenty:jacaranda_log":1,"minecraft:decorated_pot":1,"minecraft:wheat_seeds":1,"minecraft:iron_ingot":3,"minecraft:spruce_sign":10,"minecraft:plenty_pottery_sherd":4,"minecraft:coal_block":1,"minecraft:coal":9,"minecraft:cobblestone":1}},"DataVersion":3465}