{"stats":{"minecraft:broken":{"minecraft:leather_chestplate":1,"minecraft:iron_sword":1},"minecraft:dropped":{"minecraft:spruce_sign":1,"minecraft:bread":1,"minecraft:wheat_seeds":15,"minecraft:crafting_table":1,"minecraft:knowledge_book":10,"minecraft:jungle_planks":1,"born_in_chaos_v1:sea_terror_eye":1,"tombstone:grave_dust":2,"minecraft:dead_bush":1,"minecraft:writable_book":1,"minecraft:tripwire_hook":2,"quark:ancient_tome":1,"minecraft:armor_stand":1,"quark:seed_pouch":1,"alexsmobs:acacia_blossom":1,"tombstone:gift":2,"minecraft:rotten_flesh":6,"minecraft:iron_boots":2,"qualitycrops:carrot_iron":1,"minecraft:beetroot_seeds":38,"born_in_chaos_v1:corpse_maggot":2,"minecraft:leather_boots":1,"minecraft:golden_leggings":1,"minecraft:leather_leggings":1,"minecraft:spider_eye":1,"minecraft:diamond_boots":1},"minecraft:custom":{"minecraft:interact_with_smithing_table":1,"lootr:looted_stat":147,"minecraft:mob_kills":52,"minecraft:inspect_hopper":1,"minecraft:interact_with_crafting_table":15,"minecraft:open_barrel":13,"minecraft:damage_dealt_resisted":60,"minecraft:leave_game":7,"minecraft:time_since_death":7766,"minecraft:climb_one_cm":24315,"minecraft:sprint_one_cm":487379,"minecraft:walk_one_cm":588638,"minecraft:drop":45,"minecraft:damage_dealt_absorbed":160,"minecraft:talked_to_villager":6,"minecraft:play_time":199116,"minecraft:deaths":10,"minecraft:sneak_time":1244,"minecraft:walk_under_water_one_cm":37677,"minecraft:boat_one_cm":154902,"minecraft:jump":4030,"minecraft:interact_with_brewingstand":1,"minecraft:interact_with_blast_furnace":2,"minecraft:walk_on_water_one_cm":79948,"minecraft:total_world_time":199116,"minecraft:interact_with_furnace":15,"minecraft:interact_with_grindstone":1,"minecraft:sleep_in_bed":5,"minecraft:time_since_rest":7632,"minecraft:waystone_activated":1,"minecraft:damage_taken":5060,"minecraft:damage_absorbed":100,"minecraft:trigger_trapped_chest":2,"minecraft:damage_dealt":10773,"tombstone:cast_on_ally":1,"minecraft:swim_one_cm":119007,"minecraft:fly_one_cm":1040136,"minecraft:open_chest":37,"minecraft:crouch_one_cm":1098,"tombstone:undead_killed":30,"tombstone:villager_killed":2,"minecraft:interact_with_smoker":1,"minecraft:fall_one_cm":89128},"minecraft:mined":{"regions_unexplored:joshua_beard":1,"biomesoplenty:desert_grass":1,"minecraft:acacia_log":20,"minecraft:jungle_planks":2,"quark:jungle_chest":1,"minecraft:coal_block":1,"quark:acacia_chest":1,"biomesoplenty:cattail":3,"minecraft:spawner":5,"minecraft:tall_seagrass":1,"minecraft:raw_iron_block":3,"minecraft:iron_ore":4,"minecraft:pumpkin":7,"ironchest:iron_chest":5,"minecraft:stripped_oak_log":1,"minecraft:stone":10,"minecraft:iron_block":2,"lootr:lootr_chest":1,"minecraft:stone_brick_slab":1,"minecraft:melon":14,"regions_unexplored:small_desert_shrub":2,"minecraft:chest":1,"minecraft:rose_bush":2,"minecraft:tall_grass":4,"minecraft:big_dripleaf":1,"supplementaries:urn":1,"regions_unexplored:socotra_log":6,"regions_unexplored:steppe_shrub":2,"minecraft:yellow_bed":1,"minecraft:grass":7,"regions_unexplored:joshua_log":3,"minecraft:coal_ore":1,"minecraft:oak_log":4,"minecraft:sand":1,"minecraft:oak_leaves":2,"minecraft:fern":3},"minecraft:picked_up":{"minecraft:crafting_table":1,"qualitycrops:wheat_gold":7,"minecraft:wheat":40,"minecraft:splash_potion":1,"minecraft:leather_leggings":1,"minecraft:lead":2,"minecraft:enchanted_book":1,"seadwellers:aquamarine":1,"minecraft:knowledge_book":3,"born_in_chaos_v1:bloody_gadfly_eye":1,"minecraft:string":16,"qualitycrops:wheat_diamond":1,"minecraft:iron_axe":4,"minecraft:iron_leggings":1,"minecraft:armor_stand":1,"minecraft:item_frame":5,"minecraft:experience_bottle":2,"minecraft:beetroot":55,"supplementaries:bomb":1,"minecraft:bucket":1,"qualitycrops:carrot_iron":8,"qualitycrops:potato_gold":9,"qualitycrops:melon_slice_gold":23,"vinery:cherry":16,"minecraft:player_head":2,"minecraft:iron_nugget":15,"minecraft:iron_pickaxe":2,"minecraft:coal_block":1,"qualitycrops:beetroot_gold":10,"minecraft:melon_slice":67,"minecraft:sugar_cane":7,"minecraft:chest":2,"minecraft:mangrove_log":1,"minecraft:iron_boots":3,"minecraft:spruce_pressure_plate":1,"minecraft:stick":8,"minecraft:raw_iron":4,"qualitycrops:potato_iron":10,"minecraft:spruce_fence":2,"minecraft:spruce_stairs":1,"minecraft:acacia_log":19,"qualitycrops:beetroot_diamond":2,"quark:jungle_chest":1,"ironchest:iron_chest":5,"quark:seed_pouch":1,"tombstone:grave_dust":3,"minecraft:carrot":176,"qualitycrops:potato_diamond":4,"minecraft:arrow":18,"minecraft:stone_sword":1,"minecraft:cactus":1,"minecraft:rotten_flesh":29,"born_in_chaos_v1:sea_terror_eye":3,"minecraft:beetroot_seeds":104,"regions_unexplored:joshua_log":2,"biomesoplenty:cattail":3,"minecraft:pumpkin_pie":2,"quark:acacia_chest":1,"minecraft:diamond_boots":1,"minecraft:saddle":1,"minecraft:iron_block":2,"farmersdelight:rope":9,"create:crafting_blueprint":1,"qualitycrops:beetroot_iron":11,"minecraft:gold_ingot":1,"minecraft:cobblestone":9,"minecraft:nautilus_shell":2,"minecraft:stripped_oak_log":1,"born_in_chaos_v1:corpse_maggot":13,"minecraft:leather_chestplate":1,"minecraft:tripwire_hook":4,"minecraft:leather":4,"alexsmobs:acacia_blossom":1,"regions_unexplored:joshua_planks":8,"minecraft:golden_leggings":1,"minecraft:potato":130,"paraglider:spirit_orb":10,"supplementaries:rope_arrow":1,"minecraft:oak_log":4,"minecraft:yellow_bed":3,"tombstone:voodoo_poppet":1,"minecraft:lapis_lazuli":1,"minecraft:lantern":1,"tombstone:gift":2,"born_in_chaos_v1:marigolds":1,"minecraft:leather_boots":1,"minecraft:bone":10,"minecraft:acacia_planks":28,"minecraft:wheat_seeds":65,"minecraft:iron_ingot":12,"tombstone:bag_of_seeds":1,"minecraft:bamboo":12,"minecraft:acacia_sapling":5,"minecraft:pumpkin":7,"minecraft:stone_brick_slab":1,"minecraft:raw_iron_block":3,"tombstone:scroll_of_feather_fall":1,"minecraft:sand":1,"minecraft:jungle_planks":2,"qualitycrops:carrot_gold":4,"qualitycrops:carrot_diamond":6,"minecraft:dead_bush":1,"minecraft:lily_of_the_valley":1,"minecraft:dark_oak_log":2,"minecraft:spider_eye":1,"tombstone:scroll_of_mercy":3,"minecraft:bundle":2,"qualitycrops:wheat_iron":10,"minecraft:slime_ball":2,"born_in_chaos_v1:fire_dust":1,"minecraft:writable_book":1,"qualitycrops:melon_slice_iron":10,"minecraft:bone_meal":1,"minecraft:golden_apple":1,"minecraft:emerald":1,"minecraft:spruce_sign":2,"minecraft:bread":1,"born_in_chaos_v1:rotten_fish":11,"minecraft:melon_seeds":16,"minecraft:coal":1,"born_in_chaos_v1:sea_terror_stomach":1},"minecraft:crafted":{"minecraft:glass":6,"quark:acacia_chest":2,"regions_unexplored:joshua_planks":8,"trashbinmod:acacia_trash_bin":1,"ironchest:gold_chest":1,"minecraft:diamond_sword":1,"minecraft:acacia_button":1,"minecraft:air":0,"ironchest:diamond_chest":1,"minecraft:iron_chestplate":1,"minecraft:iron_ingot":9,"minecraft:acacia_planks":44,"minecraft:torch":4,"ironchest:iron_chest":2},"minecraft:killed_by":{"alexsmobs:alligator_snapping_turtle":1,"born_in_chaos_v1:glutton_fish":1,"alexsmobs:crocodile":2,"minecraft:skeleton":1,"minecraft:zombie":5},"minecraft:used":{"minecraft:writable_book":1,"quark:jungle_chest":1,"minecraft:chest":1,"minecraft:iron_sword":101,"farmersdelight:melon_juice":1,"minecraft:torch":2,"ironchest:diamond_chest":1,"minecraft:jungle_planks":1,"ironchest:iron_chest":6,"minecraft:acacia_sapling":5,"create:crafting_blueprint":1,"minecraft:lantern":1,"minecraft:iron_axe":212,"minecraft:golden_carrot":1,"minecraft:cooked_cod":12,"tombstone:gift":1,"minecraft:knowledge_book":3,"tombstone:scroll_of_mercy":1,"minecraft:water_bucket":3,"minecraft:diamond_boots":1,"qualitycrops:melon_slice_gold":4,"minecraft:golden_apple":3,"quark:acacia_chest":1,"tombstone:bag_of_seeds":1,"minecraft:oak_log":1,"minecraft:bread":48,"minecraft:iron_pickaxe":32,"minecraft:diamond_sword":15,"minecraft:coal_block":1,"minecraft:bucket":3,"minecraft:yellow_bed":1,"trashbinmod:acacia_trash_bin":1},"minecraft:killed":{"born_in_chaos_v1:zombie_lumberjack":1,"minecraft:spider":3,"born_in_chaos_v1:zombie_bruiser":1,"born_in_chaos_v1:maggot":7,"minecraft:skeleton":9,"born_in_chaos_v1:corpse_fish":1,"minecraft:drowned":1,"born_in_chaos_v1:firelight_not_despawn":1,"minecraft:husk":1,"born_in_chaos_v1:baby_skeleton":1,"born_in_chaos_v1:swarmer":1,"minecraft:wandering_trader":1,"born_in_chaos_v1:decrepit_skeleton":1,"minecraft:trader_llama":2,"born_in_chaos_v1:zombie_fisherman":1,"minecraft:zombie":12,"born_in_chaos_v1:corpse_fly":4,"born_in_chaos_v1:door_knight":1,"minecraft:villager":1}},"DataVersion":3465}