{"stats":{"minecraft:used":{"minecraft:firework_rocket":46,"ironchest:diamond_chest":1,"supplementaries:bomb":4,"ironchest:copper_chest":1,"ironchest:gold_chest":1,"minecraft:elytra":1,"ironchest:iron_chest":1,"ironchest:crystal_chest":1},"minecraft:custom":{"minecraft:time_since_rest":17542,"minecraft:open_chest":8,"minecraft:crouch_one_cm":139,"minecraft:play_time":17542,"minecraft:sprint_one_cm":3676,"minecraft:damage_taken":50,"minecraft:walk_one_cm":12843,"minecraft:sneak_time":225,"minecraft:walk_under_water_one_cm":11391,"minecraft:drop":3,"minecraft:aviate_one_cm":455695,"minecraft:jump":67,"minecraft:time_since_death":17542,"minecraft:walk_on_water_one_cm":1579,"minecraft:total_world_time":17542,"minecraft:fly_one_cm":132676,"minecraft:fall_one_cm":1738},"minecraft:picked_up":{"qualitysdelight:hamburger_diamond":1,"farmersdelight:hamburger":1,"qualitysdelight:cabbage_diamond":1},"minecraft:dropped":{"qualitysdelight:cabbage_diamond":1,"qualitysdelight:hamburger_diamond":1,"farmersdelight:hamburger":1}},"DataVersion":3465}