{"stats":{"minecraft:dropped":{"minecraft:spruce_sign":4,"minecraft:iron_sword":1,"chococraft:loverly_gysahl_green":1,"minecraft:wheat_seeds":3,"biomesoplenty:lavender":14,"minecraft:iron_helmet":1,"minecraft:cobblestone":3,"chococraft:gysahl_green_seeds":1,"minecraft:acacia_log":24,"minecraft:dirt":2,"vinery:savanna_grapes_red":1,"minecraft:dark_oak_log":4,"minecraft:gold_ingot":1,"minecraft:andesite_slab":1,"minecraft:raw_iron":17,"minecraft:rotten_flesh":1,"minecraft:azure_bluet":2,"minecraft:cobblestone_slab":1,"minecraft:brick":2},"minecraft:crafted":{"minecraft:coal":9,"minecraft:furnace":1,"quark:acacia_chest":2,"minecraft:iron_axe":1,"biomesoplenty:jacaranda_planks":4,"minecraft:crafting_table":1,"minecraft:stick":16,"minecraft:iron_ingot":9,"minecraft:iron_pickaxe":1,"minecraft:acacia_planks":28,"minecraft:torch":12},"minecraft:used":{"minecraft:decorated_pot":1,"minecraft:iron_sword":58,"minecraft:torch":22,"minecraft:dirt":18,"minecraft:lantern":1,"minecraft:iron_axe":52,"minecraft:jungle_log":6,"minecraft:item_frame":2,"minecraft:written_book":1,"create:yellow_seat":2,"minecraft:furnace":1,"minecraft:beetroot_seeds":1,"minecraft:potato":3,"minecraft:cooked_mutton":1,"minecraft:crafting_table":1,"minecraft:red_bed":4,"quark:acacia_chest":2,"minecraft:cod":4,"minecraft:firework_rocket":1,"minecraft:bread":30,"minecraft:iron_pickaxe":147,"minecraft:gravel":1,"minecraft:cobblestone":2,"minecraft:andesite":3,"minecraft:experience_bottle":1},"minecraft:custom":{"minecraft:interact_with_smithing_table":1,"minecraft:mob_kills":6,"minecraft:interact_with_crafting_table":5,"minecraft:open_barrel":14,"minecraft:time_since_death":88509,"minecraft:climb_one_cm":3223,"minecraft:sprint_one_cm":220464,"minecraft:walk_one_cm":304751,"minecraft:drop":35,"minecraft:talked_to_villager":3,"minecraft:play_time":88509,"minecraft:sneak_time":1045,"minecraft:walk_under_water_one_cm":8568,"minecraft:jump":1864,"minecraft:interact_with_brewingstand":1,"minecraft:walk_on_water_one_cm":7446,"minecraft:total_world_time":88509,"minecraft:interact_with_furnace":11,"minecraft:sleep_in_bed":5,"minecraft:time_since_rest":11536,"minecraft:damage_taken":1181,"minecraft:damage_dealt":1595,"minecraft:fly_one_cm":373144,"minecraft:swim_one_cm":18640,"minecraft:open_chest":32,"minecraft:crouch_one_cm":1764,"tombstone:undead_killed":5,"minecraft:inspect_dispenser":4,"minecraft:fall_one_cm":53875},"minecraft:mined":{"create:zinc_ore":1,"create:deepslate_zinc_ore":9,"minecraft:farmland":1,"minecraft:deepslate_diamond_ore":2,"minecraft:jungle_leaves":1,"minecraft:acacia_log":15,"minecraft:grass_block":12,"minecraft:decorated_pot":4,"minecraft:jungle_log":8,"minecraft:coal_block":1,"minecraft:hay_block":1,"biomesoplenty:jacaranda_log":1,"minecraft:iron_ore":17,"minecraft:andesite":1,"minecraft:deepslate_lapis_ore":6,"minecraft:dirt_path":2,"minecraft:deepslate_iron_ore":8,"minecraft:stone":22,"biomesoplenty:spider_egg":1,"minecraft:iron_block":1,"minecraft:red_bed":4,"minecraft:medium_amethyst_bud":1,"minecraft:torch":7,"minecraft:melon":10,"minecraft:tall_grass":1,"minecraft:deepslate_gold_ore":22,"minecraft:wall_torch":4,"minecraft:pink_petals":1,"supplementaries:urn":1,"create:yellow_seat":2,"minecraft:grass":5,"minecraft:coal_ore":27,"quark:monster_box":1,"minecraft:beetroots":1,"minecraft:cocoa":3,"minecraft:gravel":1,"minecraft:dirt":7,"minecraft:cobweb":28,"minecraft:oak_leaves":1,"minecraft:gold_ore":3,"create:crimsite":2,"minecraft:deepslate":4,"minecraft:fern":5},"minecraft:picked_up":{"minecraft:cocoa_beans":8,"chococraft:loverly_gysahl_green":1,"qualitycrops:wheat_gold":1,"minecraft:azure_bluet":2,"minecraft:wheat":2,"minecraft:chicken":1,"create:yellow_seat":2,"minecraft:brick":2,"minecraft:string":33,"minecraft:red_bed":4,"minecraft:item_frame":2,"minecraft:experience_bottle":1,"vinery:savanna_grapes_red":3,"minecraft:beetroot":1,"minecraft:cobbled_deepslate":4,"qualitycrops:melon_slice_gold":5,"minecraft:cobblestone_slab":1,"minecraft:melon_slice":42,"minecraft:coal_block":1,"minecraft:dark_oak_sapling":1,"minecraft:raw_iron":42,"minecraft:stick":4,"minecraft:torch":11,"minecraft:acacia_log":39,"qualitycrops:cocoa_beans_gold":1,"tombstone:grave_dust":2,"minecraft:arrow":11,"minecraft:rotten_flesh":1,"biomesoplenty:jacaranda_log":1,"minecraft:decorated_pot":1,"minecraft:beetroot_seeds":1,"minecraft:hay_block":1,"minecraft:iron_block":1,"minecraft:gold_ingot":3,"supplementaries:ash":14,"minecraft:mutton":1,"minecraft:cobblestone":21,"biomesoplenty:lavender":14,"minecraft:andesite":3,"minecraft:jungle_log":11,"minecraft:potato":1,"create:raw_zinc":10,"supplementaries:flax_seeds":1,"minecraft:lapis_lazuli":35,"minecraft:dirt":20,"minecraft:lantern":1,"quark:forgotten_hat":1,"minecraft:cooked_mutton":1,"minecraft:bone":8,"chococraft:gysahl_green":3,"minecraft:wheat_seeds":6,"minecraft:raw_gold":25,"minecraft:iron_ingot":5,"minecraft:cobweb":4,"minecraft:rabbit":1,"minecraft:iron_sword":2,"minecraft:gravel":1,"chococraft:gysahl_green_seeds":1,"minecraft:dark_oak_log":4,"minecraft:spider_eye":1,"create:crimsite":2,"minecraft:snort_pottery_sherd":2,"minecraft:diamond":2,"qualitycrops:melon_slice_iron":11,"minecraft:bone_meal":1,"minecraft:spruce_sign":10,"minecraft:bread":1,"minecraft:emerald":4,"minecraft:plenty_pottery_sherd":4,"minecraft:andesite_slab":1,"minecraft:coal":29},"minecraft:killed":{"minecraft:cave_spider":1,"quark:forgotten":1,"minecraft:skeleton":3,"minecraft:zombie":1}},"DataVersion":3465}