{"stats":{"minecraft:used":{"minecraft:firework_rocket":3,"ironchest:diamond_chest":1,"supplementaries:bomb":4,"ironchest:copper_chest":1,"ironchest:gold_chest":1,"minecraft:elytra":1,"ironchest:iron_chest":1,"ironchest:crystal_chest":1},"minecraft:custom":{"minecraft:time_since_rest":5542,"minecraft:open_chest":8,"minecraft:crouch_one_cm":26,"minecraft:play_time":5542,"minecraft:sprint_one_cm":3197,"minecraft:damage_taken":50,"minecraft:walk_one_cm":9093,"minecraft:sneak_time":13,"minecraft:drop":3,"minecraft:aviate_one_cm":50880,"minecraft:jump":41,"minecraft:time_since_death":5542,"minecraft:walk_on_water_one_cm":518,"minecraft:total_world_time":5542,"minecraft:fly_one_cm":9779,"minecraft:fall_one_cm":1738},"minecraft:picked_up":{"qualitysdelight:hamburger_diamond":1,"farmersdelight:hamburger":1,"qualitysdelight:cabbage_diamond":1},"minecraft:dropped":{"qualitysdelight:cabbage_diamond":1,"qualitysdelight:hamburger_diamond":1,"farmersdelight:hamburger":1}},"DataVersion":3465}