{"stats":{"minecraft:dropped":{"minecraft:spruce_sign":4,"minecraft:wheat_seeds":3,"minecraft:andesite_slab":1,"minecraft:raw_iron":17,"biomesoplenty:lavender":14,"minecraft:iron_helmet":1,"minecraft:cobblestone":3,"chococraft:gysahl_green_seeds":1,"minecraft:azure_bluet":2,"minecraft:dirt":2,"minecraft:cobblestone_slab":1,"vinery:savanna_grapes_red":1,"minecraft:gold_ingot":1,"minecraft:brick":2},"minecraft:crafted":{"minecraft:coal":9,"biomesoplenty:jacaranda_planks":4,"minecraft:stick":4,"minecraft:iron_ingot":9,"minecraft:iron_pickaxe":1,"minecraft:torch":12},"minecraft:used":{"minecraft:cooked_mutton":1,"minecraft:decorated_pot":1,"minecraft:iron_sword":26,"minecraft:torch":6,"minecraft:dirt":18,"minecraft:red_bed":3,"minecraft:cod":4,"minecraft:firework_rocket":1,"minecraft:lantern":1,"minecraft:bread":13,"minecraft:iron_pickaxe":52,"minecraft:item_frame":2,"minecraft:written_book":1,"minecraft:beetroot_seeds":1,"minecraft:andesite":2,"minecraft:potato":3,"minecraft:experience_bottle":1},"minecraft:custom":{"minecraft:interact_with_smithing_table":1,"minecraft:interact_with_furnace":10,"minecraft:interact_with_crafting_table":1,"minecraft:open_barrel":12,"minecraft:time_since_death":40509,"minecraft:sleep_in_bed":3,"minecraft:climb_one_cm":2340,"minecraft:time_since_rest":2049,"minecraft:walk_one_cm":173753,"minecraft:sprint_one_cm":117823,"minecraft:damage_taken":569,"minecraft:drop":29,"minecraft:damage_dealt":60,"minecraft:swim_one_cm":12704,"minecraft:talked_to_villager":3,"minecraft:fly_one_cm":185370,"minecraft:open_chest":18,"minecraft:crouch_one_cm":1178,"minecraft:play_time":40509,"minecraft:sneak_time":482,"minecraft:walk_under_water_one_cm":5319,"minecraft:interact_with_brewingstand":1,"minecraft:jump":933,"minecraft:walk_on_water_one_cm":2011,"minecraft:total_world_time":40509,"minecraft:fall_one_cm":31188,"minecraft:inspect_dispenser":4},"minecraft:mined":{"create:zinc_ore":1,"minecraft:farmland":1,"minecraft:red_bed":4,"minecraft:torch":4,"minecraft:grass_block":12,"minecraft:decorated_pot":4,"minecraft:coal_block":1,"minecraft:tall_grass":1,"minecraft:pink_petals":1,"biomesoplenty:jacaranda_log":1,"minecraft:iron_ore":17,"minecraft:grass":2,"minecraft:coal_ore":14,"minecraft:beetroots":1,"minecraft:dirt_path":2,"minecraft:dirt":7,"minecraft:cobweb":26,"minecraft:stone":3,"minecraft:iron_block":1,"create:crimsite":2},"minecraft:picked_up":{"biomesoplenty:lavender":14,"qualitycrops:wheat_gold":1,"chococraft:loverly_gysahl_green":1,"minecraft:wheat":2,"minecraft:azure_bluet":2,"minecraft:andesite":2,"minecraft:potato":1,"create:raw_zinc":1,"minecraft:brick":2,"minecraft:string":26,"minecraft:dirt":20,"minecraft:red_bed":4,"minecraft:lantern":1,"minecraft:cooked_mutton":1,"minecraft:item_frame":2,"minecraft:experience_bottle":1,"vinery:savanna_grapes_red":1,"chococraft:gysahl_green":3,"minecraft:beetroot":1,"minecraft:wheat_seeds":6,"minecraft:iron_ingot":5,"minecraft:cobblestone_slab":1,"minecraft:coal_block":1,"minecraft:iron_sword":1,"minecraft:raw_iron":34,"minecraft:torch":4,"chococraft:gysahl_green_seeds":1,"create:crimsite":2,"minecraft:snort_pottery_sherd":2,"biomesoplenty:jacaranda_log":1,"minecraft:beetroot_seeds":1,"minecraft:decorated_pot":1,"minecraft:iron_block":1,"minecraft:bone_meal":1,"minecraft:bread":1,"minecraft:spruce_sign":10,"minecraft:gold_ingot":3,"minecraft:plenty_pottery_sherd":4,"minecraft:mutton":1,"minecraft:coal":16,"minecraft:andesite_slab":1,"minecraft:cobblestone":3}},"DataVersion":3465}