{"stats":{"minecraft:dropped":{"minecraft:spruce_sign":4,"minecraft:iron_sword":1,"chococraft:loverly_gysahl_green":1,"minecraft:wheat_seeds":3,"biomesoplenty:lavender":14,"minecraft:iron_helmet":1,"minecraft:cobblestone":3,"chococraft:gysahl_green_seeds":1,"minecraft:acacia_log":24,"minecraft:dirt":2,"vinery:savanna_grapes_red":1,"minecraft:dark_oak_log":4,"minecraft:gold_ingot":1,"minecraft:andesite_slab":1,"minecraft:raw_iron":17,"tombstone:gift":3,"minecraft:rotten_flesh":3,"minecraft:azure_bluet":2,"minecraft:cobblestone_slab":1,"vinery:grapevine_stem":20,"minecraft:brick":2},"minecraft:crafted":{"minecraft:oak_planks":60,"minecraft:coal":9,"minecraft:iron_nugget":18,"minecraft:furnace":1,"minecraft:bone_meal":27,"connectedglass:borderless_glass":40,"minecraft:glass":42,"minecraft:lantern":2,"quark:acacia_chest":2,"minecraft:spruce_stairs":20,"minecraft:iron_axe":2,"minecraft:jungle_fence":3,"biomesoplenty:jacaranda_planks":4,"vinery:grapevine_stem":20,"minecraft:crafting_table":2,"minecraft:spruce_planks":172,"minecraft:spruce_door":3,"minecraft:birch_planks":116,"minecraft:air":0,"minecraft:jungle_planks":20,"minecraft:spruce_trapdoor":28,"minecraft:stick":20,"quark:oak_chest":2,"minecraft:iron_ingot":9,"minecraft:iron_pickaxe":2,"minecraft:iron_shovel":3,"minecraft:acacia_planks":96,"minecraft:torch":36},"minecraft:used":{"minecraft:iron_shovel":583,"minecraft:spruce_planks":6,"minecraft:decorated_pot":1,"minecraft:iron_sword":117,"minecraft:torch":22,"minecraft:dirt":358,"minecraft:spruce_stairs":11,"minecraft:acacia_sapling":3,"minecraft:glass":2,"minecraft:lantern":3,"minecraft:iron_axe":295,"minecraft:birch_sapling":5,"minecraft:jungle_log":6,"connectedglass:borderless_glass":26,"minecraft:item_frame":2,"minecraft:written_book":1,"create:yellow_seat":3,"minecraft:furnace":1,"minecraft:beetroot_seeds":1,"qualitycrops:baked_potato_iron":1,"tombstone:gift":1,"minecraft:potato":3,"minecraft:acacia_planks":49,"minecraft:cooked_mutton":1,"minecraft:diorite":1,"minecraft:spruce_door":3,"minecraft:birch_planks":107,"minecraft:oak_planks":48,"minecraft:jungle_fence":2,"minecraft:sand":4,"minecraft:crafting_table":3,"minecraft:red_bed":5,"quark:acacia_chest":2,"minecraft:cod":4,"minecraft:spruce_log":39,"minecraft:apple":2,"minecraft:firework_rocket":1,"minecraft:bread":53,"minecraft:iron_pickaxe":330,"minecraft:spruce_trapdoor":29,"minecraft:spruce_sapling":21,"minecraft:gravel":1,"minecraft:cobblestone":15,"minecraft:andesite":7,"quark:oak_chest":2,"minecraft:bone_meal":5,"minecraft:experience_bottle":1},"minecraft:broken":{"minecraft:iron_shovel":2,"minecraft:iron_axe":1,"minecraft:iron_pickaxe":1},"minecraft:custom":{"minecraft:interact_with_smithing_table":1,"minecraft:mob_kills":17,"minecraft:interact_with_crafting_table":36,"minecraft:open_barrel":14,"minecraft:damage_dealt_resisted":105,"minecraft:leave_game":3,"minecraft:time_since_death":8272,"minecraft:climb_one_cm":18655,"minecraft:sprint_one_cm":473513,"minecraft:walk_one_cm":672514,"minecraft:drop":41,"minecraft:damage_dealt_absorbed":115,"minecraft:talked_to_villager":3,"minecraft:play_time":223075,"minecraft:sneak_time":4175,"minecraft:deaths":2,"minecraft:walk_under_water_one_cm":11344,"minecraft:interact_with_brewingstand":1,"minecraft:jump":3655,"minecraft:walk_on_water_one_cm":22272,"minecraft:total_world_time":223075,"minecraft:interact_with_furnace":17,"minecraft:sleep_in_bed":18,"minecraft:time_since_rest":8049,"minecraft:damage_taken":2845,"minecraft:damage_dealt":4189,"minecraft:swim_one_cm":19115,"minecraft:fly_one_cm":819405,"minecraft:open_chest":74,"minecraft:crouch_one_cm":11843,"tombstone:undead_killed":13,"minecraft:fall_one_cm":105792,"minecraft:inspect_dispenser":5,"minecraft:horse_one_cm":2317},"minecraft:mined":{"create:zinc_ore":7,"create:deepslate_zinc_ore":10,"minecraft:farmland":1,"minecraft:deepslate_diamond_ore":2,"minecraft:jungle_leaves":1,"minecraft:dark_oak_log":10,"minecraft:spruce_trapdoor":6,"biomesoplenty:bush":1,"minecraft:acacia_log":41,"minecraft:grass_block":422,"minecraft:decorated_pot":4,"minecraft:jungle_log":8,"minecraft:coal_block":1,"minecraft:spruce_leaves":9,"minecraft:hay_block":1,"biomesoplenty:jacaranda_log":1,"minecraft:iron_ore":67,"minecraft:andesite":5,"minecraft:deepslate_lapis_ore":6,"minecraft:vine":1,"chococraft:gysahl_green":4,"minecraft:dirt_path":2,"minecraft:deepslate_iron_ore":11,"biomesoplenty:spider_egg":1,"minecraft:stone":59,"minecraft:iron_block":1,"minecraft:podzol":3,"minecraft:red_bed":5,"minecraft:medium_amethyst_bud":1,"minecraft:spruce_door":2,"minecraft:crafting_table":2,"minecraft:torch":7,"minecraft:melon":10,"minecraft:tall_grass":1,"minecraft:glass":2,"minecraft:cobblestone":15,"minecraft:deepslate_gold_ore":29,"minecraft:oak_planks":7,"minecraft:diorite":13,"minecraft:wall_torch":4,"minecraft:pink_petals":1,"minecraft:air":5,"minecraft:birch_sapling":3,"supplementaries:urn":3,"minecraft:spruce_stairs":1,"minecraft:birch_planks":7,"create:yellow_seat":3,"minecraft:birch_log":29,"minecraft:spruce_log":76,"minecraft:grass":44,"minecraft:oak_log":31,"minecraft:coal_ore":67,"minecraft:cocoa":3,"quark:monster_box":1,"minecraft:beetroots":1,"minecraft:gravel":1,"minecraft:dripstone_block":3,"minecraft:sand":112,"minecraft:dirt":83,"minecraft:cobweb":28,"minecraft:acacia_planks":9,"minecraft:gold_ore":3,"create:crimsite":2,"minecraft:oak_leaves":1,"minecraft:deepslate":5,"minecraft:fern":5},"minecraft:picked_up":{"qualitycrops:wheat_gold":1,"minecraft:cocoa_beans":8,"minecraft:crafting_table":2,"chococraft:loverly_gysahl_green":1,"minecraft:wheat":2,"minecraft:azure_bluet":2,"minecraft:chicken":1,"minecraft:lead":3,"create:yellow_seat":3,"minecraft:brick":2,"minecraft:string":35,"minecraft:red_bed":5,"minecraft:item_frame":2,"minecraft:experience_bottle":1,"vinery:savanna_grapes_red":9,"minecraft:beetroot":1,"minecraft:cobbled_deepslate":5,"qualitycrops:melon_slice_gold":5,"minecraft:cobblestone_slab":1,"minecraft:melon_slice":42,"minecraft:coal_block":1,"minecraft:birch_sapling":14,"minecraft:spruce_trapdoor":6,"minecraft:egg":1,"minecraft:dark_oak_sapling":6,"minecraft:stick":28,"minecraft:raw_iron":95,"minecraft:torch":11,"minecraft:acacia_log":65,"minecraft:spruce_stairs":1,"qualitycrops:cocoa_beans_gold":1,"minecraft:pointed_dripstone":2,"tombstone:grave_dust":3,"minecraft:diorite":12,"qualitycrops:baked_potato_iron":1,"minecraft:arrow":14,"quark:clear_shard":5,"minecraft:rotten_flesh":7,"biomesoplenty:jacaranda_log":1,"minecraft:decorated_pot":1,"minecraft:beetroot_seeds":1,"minecraft:hay_block":1,"minecraft:iron_block":1,"minecraft:gold_ingot":3,"supplementaries:ash":14,"minecraft:mutton":1,"minecraft:rail":1,"minecraft:cobblestone":69,"minecraft:birch_log":29,"biomesoplenty:lavender":14,"minecraft:andesite":7,"minecraft:jungle_log":11,"alexsmobs:acacia_blossom":1,"minecraft:potato":1,"minecraft:birch_planks":7,"create:raw_zinc":17,"minecraft:oak_log":31,"supplementaries:flax_seeds":3,"minecraft:lapis_lazuli":35,"minecraft:dirt":508,"minecraft:lantern":1,"tombstone:gift":1,"quark:forgotten_hat":1,"minecraft:cooked_mutton":1,"minecraft:bone":17,"chococraft:gysahl_green":12,"minecraft:acacia_planks":9,"minecraft:wheat_seeds":21,"minecraft:raw_gold":32,"minecraft:iron_ingot":5,"minecraft:cobweb":4,"minecraft:rabbit":1,"minecraft:acacia_sapling":7,"minecraft:iron_sword":2,"minecraft:oak_planks":7,"minecraft:dripstone_block":2,"minecraft:gravel":1,"minecraft:sand":109,"minecraft:spruce_sapling":21,"chococraft:gysahl_green_seeds":4,"minecraft:spruce_log":82,"minecraft:spruce_door":2,"minecraft:dark_oak_log":14,"minecraft:spider_eye":2,"create:crimsite":2,"vinery:jungle_grapes_red":1,"minecraft:snort_pottery_sherd":2,"minecraft:diamond":2,"qualitycrops:melon_slice_iron":11,"minecraft:bone_meal":1,"minecraft:spruce_sign":10,"minecraft:emerald":10,"minecraft:bread":1,"tombstone:magic_scroll":1,"minecraft:plenty_pottery_sherd":4,"minecraft:oak_sapling":7,"minecraft:andesite_slab":1,"minecraft:coal":69},"minecraft:killed":{"minecraft:cave_spider":1,"minecraft:spider":1,"quark:forgotten":1,"minecraft:skeleton":6,"minecraft:creeper":1,"minecraft:zombie":6},"minecraft:killed_by":{"minecraft:zombie":1}},"DataVersion":3465}