{"stats":{"minecraft:used":{"minecraft:knowledge_book":1,"minecraft:cooked_cod":5,"minecraft:iron_sword":10},"minecraft:picked_up":{"minecraft:stick":2,"regions_unexplored:joshua_log":2,"biomesoplenty:cattail":2},"minecraft:custom":{"minecraft:time_since_rest":13214,"minecraft:play_time":13214,"lootr:looted_stat":7,"minecraft:sprint_one_cm":47995,"tombstone:undead_killed":2,"minecraft:damage_taken":325,"minecraft:walk_one_cm":23137,"minecraft:sneak_time":122,"minecraft:walk_under_water_one_cm":2101,"minecraft:mob_kills":2,"minecraft:jump":456,"minecraft:inspect_hopper":1,"minecraft:damage_dealt":300,"minecraft:leave_game":2,"minecraft:time_since_death":13214,"minecraft:walk_on_water_one_cm":4082,"minecraft:total_world_time":13214,"minecraft:climb_one_cm":4359,"minecraft:swim_one_cm":6573,"minecraft:fall_one_cm":12834,"minecraft:fly_one_cm":109131},"minecraft:killed":{"minecraft:zombie":1,"born_in_chaos_v1:baby_skeleton":1},"minecraft:mined":{"minecraft:tall_seagrass":1,"regions_unexplored:joshua_log":3,"regions_unexplored:small_desert_shrub":1,"regions_unexplored:joshua_beard":1,"biomesoplenty:cattail":2}},"DataVersion":3465}