{"stats":{"minecraft:broken":{"minecraft:iron_sword":1},"minecraft:dropped":{"minecraft:wheat_seeds":15,"tombstone:gift":2,"minecraft:knowledge_book":7,"minecraft:rotten_flesh":5,"minecraft:jungle_planks":1,"minecraft:beetroot_seeds":38,"minecraft:golden_leggings":1,"born_in_chaos_v1:corpse_maggot":2,"minecraft:leather_boots":1,"minecraft:spider_eye":1,"tombstone:grave_dust":2,"minecraft:leather_leggings":1,"minecraft:tripwire_hook":1,"quark:ancient_tome":1,"minecraft:armor_stand":1},"minecraft:custom":{"lootr:looted_stat":98,"minecraft:interact_with_furnace":7,"minecraft:mob_kills":30,"minecraft:inspect_hopper":1,"minecraft:interact_with_crafting_table":1,"minecraft:open_barrel":7,"minecraft:damage_dealt_resisted":60,"minecraft:interact_with_grindstone":1,"minecraft:leave_game":5,"minecraft:time_since_death":85904,"minecraft:sleep_in_bed":3,"minecraft:climb_one_cm":15470,"minecraft:time_since_rest":10221,"minecraft:sprint_one_cm":301965,"minecraft:damage_taken":3006,"minecraft:walk_one_cm":306849,"minecraft:trigger_trapped_chest":1,"minecraft:drop":28,"minecraft:damage_dealt":5963,"tombstone:cast_on_ally":1,"minecraft:damage_dealt_absorbed":160,"minecraft:swim_one_cm":59087,"minecraft:talked_to_villager":4,"minecraft:fly_one_cm":687948,"minecraft:open_chest":5,"minecraft:crouch_one_cm":154,"minecraft:play_time":105858,"tombstone:undead_killed":16,"minecraft:deaths":8,"minecraft:sneak_time":612,"minecraft:walk_under_water_one_cm":18507,"minecraft:jump":2599,"minecraft:walk_on_water_one_cm":53600,"minecraft:total_world_time":105858,"minecraft:fall_one_cm":50699},"minecraft:mined":{"regions_unexplored:joshua_beard":1,"biomesoplenty:desert_grass":1,"minecraft:melon":6,"minecraft:jungle_planks":2,"regions_unexplored:small_desert_shrub":2,"biomesoplenty:cattail":3,"minecraft:tall_seagrass":1,"minecraft:pumpkin":7,"minecraft:yellow_bed":1,"minecraft:grass":2,"regions_unexplored:joshua_log":3,"minecraft:sand":1,"minecraft:iron_block":1,"minecraft:fern":1},"minecraft:picked_up":{"minecraft:nautilus_shell":2,"minecraft:wheat":40,"born_in_chaos_v1:corpse_maggot":13,"qualitycrops:wheat_gold":7,"minecraft:leather_chestplate":1,"minecraft:tripwire_hook":1,"minecraft:leather_leggings":1,"minecraft:golden_leggings":1,"minecraft:potato":121,"minecraft:enchanted_book":1,"seadwellers:aquamarine":1,"minecraft:knowledge_book":2,"born_in_chaos_v1:bloody_gadfly_eye":1,"minecraft:yellow_bed":3,"tombstone:voodoo_poppet":1,"minecraft:lantern":1,"minecraft:string":9,"qualitycrops:wheat_diamond":1,"tombstone:gift":2,"minecraft:iron_axe":2,"minecraft:item_frame":5,"minecraft:iron_leggings":1,"minecraft:leather_boots":1,"minecraft:armor_stand":1,"minecraft:bone":2,"minecraft:experience_bottle":2,"minecraft:beetroot":55,"minecraft:wheat_seeds":63,"qualitycrops:carrot_iron":2,"qualitycrops:potato_gold":8,"minecraft:iron_ingot":4,"qualitycrops:melon_slice_gold":13,"minecraft:player_head":1,"minecraft:iron_pickaxe":2,"minecraft:bamboo":12,"minecraft:melon_slice":32,"qualitycrops:beetroot_gold":10,"minecraft:mangrove_log":1,"minecraft:iron_boots":1,"minecraft:spruce_pressure_plate":1,"minecraft:stick":2,"minecraft:pumpkin":7,"qualitycrops:potato_iron":8,"qualitycrops:beetroot_diamond":2,"tombstone:scroll_of_feather_fall":1,"minecraft:jungle_planks":2,"minecraft:sand":1,"qualitycrops:carrot_gold":4,"qualitycrops:carrot_diamond":3,"tombstone:grave_dust":2,"minecraft:carrot":127,"minecraft:dark_oak_log":2,"minecraft:spider_eye":1,"tombstone:scroll_of_mercy":3,"minecraft:bundle":1,"qualitycrops:potato_diamond":4,"qualitycrops:wheat_iron":10,"minecraft:rotten_flesh":19,"minecraft:stone_sword":1,"minecraft:cactus":1,"minecraft:slime_ball":2,"born_in_chaos_v1:fire_dust":1,"biomesoplenty:cattail":3,"regions_unexplored:joshua_log":2,"minecraft:beetroot_seeds":104,"minecraft:pumpkin_pie":1,"qualitycrops:melon_slice_iron":6,"minecraft:iron_block":1,"minecraft:spruce_sign":1,"farmersdelight:rope":9,"minecraft:bread":1,"minecraft:gold_ingot":1,"qualitycrops:beetroot_iron":11,"minecraft:emerald":1},"minecraft:killed_by":{"alexsmobs:crocodile":2,"alexsmobs:alligator_snapping_turtle":1,"minecraft:zombie":5},"minecraft:used":{"minecraft:knowledge_book":1,"minecraft:iron_sword":101,"minecraft:jungle_planks":1,"minecraft:iron_axe":70,"minecraft:bread":22,"minecraft:iron_pickaxe":1,"minecraft:cooked_cod":12,"minecraft:yellow_bed":1},"minecraft:killed":{"minecraft:husk":1,"born_in_chaos_v1:zombie_lumberjack":1,"born_in_chaos_v1:baby_skeleton":1,"born_in_chaos_v1:swarmer":1,"minecraft:spider":1,"born_in_chaos_v1:zombie_bruiser":1,"born_in_chaos_v1:decrepit_skeleton":1,"born_in_chaos_v1:maggot":7,"minecraft:zombie":8,"born_in_chaos_v1:corpse_fly":4,"minecraft:drowned":1,"born_in_chaos_v1:door_knight":1,"born_in_chaos_v1:firelight_not_despawn":1}},"DataVersion":3465}