{"stats":{"minecraft:used":{"minecraft:knowledge_book":1,"minecraft:bread":1,"minecraft:iron_sword":96,"minecraft:cooked_cod":12,"minecraft:jungle_planks":1},"minecraft:picked_up":{"minecraft:nautilus_shell":2,"minecraft:spruce_pressure_plate":1,"born_in_chaos_v1:corpse_maggot":2,"minecraft:stick":2,"minecraft:tripwire_hook":1,"minecraft:jungle_planks":1,"minecraft:sand":1,"seadwellers:aquamarine":1,"tombstone:grave_dust":2,"minecraft:yellow_bed":2,"tombstone:voodoo_poppet":1,"minecraft:spider_eye":1,"minecraft:string":9,"tombstone:gift":2,"minecraft:iron_axe":1,"tombstone:scroll_of_mercy":2,"minecraft:item_frame":4,"minecraft:bundle":1,"minecraft:bone":1,"minecraft:rotten_flesh":10,"born_in_chaos_v1:fire_dust":1,"regions_unexplored:joshua_log":2,"biomesoplenty:cattail":3,"farmersdelight:rope":9,"minecraft:iron_pickaxe":1,"minecraft:bamboo":12},"minecraft:custom":{"minecraft:time_since_rest":17026,"minecraft:interact_with_furnace":3,"lootr:looted_stat":39,"minecraft:sprint_one_cm":105347,"minecraft:damage_taken":2460,"minecraft:walk_one_cm":86852,"minecraft:mob_kills":13,"minecraft:inspect_hopper":1,"minecraft:damage_dealt":3413,"minecraft:damage_dealt_absorbed":160,"minecraft:swim_one_cm":25227,"minecraft:talked_to_villager":1,"minecraft:fly_one_cm":220685,"minecraft:open_barrel":2,"minecraft:crouch_one_cm":122,"minecraft:play_time":37083,"tombstone:undead_killed":10,"minecraft:deaths":8,"minecraft:walk_under_water_one_cm":9851,"minecraft:sneak_time":434,"minecraft:damage_dealt_resisted":60,"minecraft:jump":940,"minecraft:leave_game":3,"minecraft:time_since_death":17129,"minecraft:walk_on_water_one_cm":31493,"minecraft:climb_one_cm":5885,"minecraft:total_world_time":37083,"minecraft:fall_one_cm":21416},"minecraft:killed":{"minecraft:zombie":7,"born_in_chaos_v1:swarmer":1,"born_in_chaos_v1:baby_skeleton":1,"minecraft:spider":1,"minecraft:drowned":1,"born_in_chaos_v1:firelight_not_despawn":1,"born_in_chaos_v1:maggot":1},"minecraft:killed_by":{"alexsmobs:crocodile":2,"alexsmobs:alligator_snapping_turtle":1,"minecraft:zombie":5},"minecraft:mined":{"minecraft:tall_seagrass":1,"regions_unexplored:joshua_beard":1,"minecraft:jungle_planks":1,"minecraft:grass":1,"regions_unexplored:joshua_log":3,"regions_unexplored:small_desert_shrub":1,"minecraft:sand":1,"biomesoplenty:cattail":3,"minecraft:fern":1}},"DataVersion":3465}