{"stats":{"minecraft:used":{"minecraft:knowledge_book":1,"minecraft:iron_axe":24,"minecraft:bread":5,"minecraft:iron_sword":101,"minecraft:cooked_cod":12,"minecraft:jungle_planks":1},"minecraft:picked_up":{"minecraft:nautilus_shell":2,"minecraft:spruce_pressure_plate":1,"born_in_chaos_v1:corpse_maggot":11,"minecraft:stick":2,"minecraft:tripwire_hook":1,"minecraft:jungle_planks":2,"minecraft:sand":1,"seadwellers:aquamarine":1,"born_in_chaos_v1:bloody_gadfly_eye":1,"minecraft:dark_oak_log":2,"tombstone:grave_dust":2,"minecraft:yellow_bed":2,"tombstone:voodoo_poppet":1,"minecraft:spider_eye":1,"minecraft:string":9,"minecraft:slime_ball":2,"tombstone:gift":2,"minecraft:iron_axe":1,"tombstone:scroll_of_mercy":2,"minecraft:item_frame":4,"minecraft:bundle":1,"minecraft:bone":1,"minecraft:rotten_flesh":14,"born_in_chaos_v1:fire_dust":1,"regions_unexplored:joshua_log":2,"biomesoplenty:cattail":3,"minecraft:pumpkin_pie":1,"minecraft:iron_ingot":2,"farmersdelight:rope":9,"minecraft:iron_pickaxe":1,"minecraft:bamboo":12,"minecraft:mangrove_log":1},"minecraft:custom":{"minecraft:time_since_rest":10934,"minecraft:interact_with_furnace":3,"lootr:looted_stat":50,"minecraft:sprint_one_cm":113624,"minecraft:damage_taken":2757,"minecraft:walk_one_cm":127680,"minecraft:trigger_trapped_chest":1,"minecraft:mob_kills":24,"minecraft:inspect_hopper":1,"minecraft:damage_dealt":4851,"minecraft:open_chest":1,"minecraft:damage_dealt_absorbed":160,"minecraft:swim_one_cm":25227,"minecraft:talked_to_villager":4,"minecraft:fly_one_cm":231811,"minecraft:open_barrel":6,"minecraft:crouch_one_cm":122,"minecraft:play_time":49083,"tombstone:undead_killed":12,"minecraft:deaths":8,"minecraft:walk_under_water_one_cm":10545,"minecraft:sneak_time":434,"minecraft:damage_dealt_resisted":60,"minecraft:jump":1027,"minecraft:leave_game":3,"minecraft:time_since_death":29129,"minecraft:walk_on_water_one_cm":34227,"minecraft:sleep_in_bed":1,"minecraft:climb_one_cm":11852,"minecraft:total_world_time":49083,"minecraft:fall_one_cm":22963},"minecraft:killed":{"minecraft:zombie":7,"born_in_chaos_v1:zombie_lumberjack":1,"born_in_chaos_v1:corpse_fly":4,"born_in_chaos_v1:swarmer":1,"born_in_chaos_v1:baby_skeleton":1,"minecraft:spider":1,"minecraft:drowned":1,"born_in_chaos_v1:firelight_not_despawn":1,"born_in_chaos_v1:zombie_bruiser":1,"born_in_chaos_v1:maggot":5},"minecraft:killed_by":{"alexsmobs:crocodile":2,"alexsmobs:alligator_snapping_turtle":1,"minecraft:zombie":5},"minecraft:broken":{"minecraft:iron_sword":1},"minecraft:mined":{"minecraft:tall_seagrass":1,"regions_unexplored:joshua_beard":1,"minecraft:jungle_planks":2,"minecraft:grass":1,"regions_unexplored:joshua_log":3,"regions_unexplored:small_desert_shrub":1,"minecraft:sand":1,"biomesoplenty:cattail":3,"minecraft:fern":1}},"DataVersion":3465}