{"stats":{"minecraft:broken":{"minecraft:iron_sword":1},"minecraft:custom":{"lootr:looted_stat":101,"minecraft:interact_with_furnace":9,"minecraft:mob_kills":30,"minecraft:inspect_hopper":1,"minecraft:interact_with_crafting_table":7,"minecraft:open_barrel":8,"minecraft:damage_dealt_resisted":60,"minecraft:interact_with_grindstone":1,"minecraft:leave_game":6,"minecraft:time_since_death":114832,"minecraft:sleep_in_bed":4,"minecraft:climb_one_cm":17769,"minecraft:time_since_rest":7712,"minecraft:sprint_one_cm":401210,"minecraft:damage_taken":3459,"minecraft:walk_one_cm":369191,"minecraft:trigger_trapped_chest":1,"minecraft:drop":33,"minecraft:damage_dealt":5963,"tombstone:cast_on_ally":1,"minecraft:swim_one_cm":104340,"minecraft:damage_dealt_absorbed":160,"minecraft:talked_to_villager":5,"minecraft:fly_one_cm":918805,"minecraft:open_chest":8,"minecraft:crouch_one_cm":367,"minecraft:play_time":134786,"tombstone:undead_killed":16,"minecraft:deaths":8,"minecraft:sneak_time":767,"minecraft:walk_under_water_one_cm":27631,"minecraft:jump":3428,"minecraft:interact_with_blast_furnace":2,"minecraft:walk_on_water_one_cm":68709,"minecraft:total_world_time":134786,"minecraft:fall_one_cm":71950},"minecraft:dropped":{"minecraft:bread":1,"minecraft:spruce_sign":1,"minecraft:wheat_seeds":15,"alexsmobs:acacia_blossom":1,"tombstone:gift":2,"minecraft:knowledge_book":8,"minecraft:rotten_flesh":5,"minecraft:jungle_planks":1,"qualitycrops:carrot_iron":1,"minecraft:golden_leggings":1,"minecraft:beetroot_seeds":38,"born_in_chaos_v1:corpse_maggot":2,"minecraft:leather_boots":1,"tombstone:grave_dust":2,"minecraft:spider_eye":1,"minecraft:leather_leggings":1,"minecraft:tripwire_hook":1,"quark:ancient_tome":1,"minecraft:armor_stand":1},"minecraft:mined":{"regions_unexplored:joshua_beard":1,"biomesoplenty:desert_grass":1,"minecraft:acacia_log":11,"minecraft:melon":6,"minecraft:jungle_planks":2,"regions_unexplored:small_desert_shrub":2,"minecraft:rose_bush":2,"quark:acacia_chest":1,"biomesoplenty:cattail":3,"minecraft:tall_seagrass":1,"minecraft:pumpkin":7,"minecraft:yellow_bed":1,"minecraft:grass":3,"regions_unexplored:joshua_log":3,"ironchest:iron_chest":4,"minecraft:sand":1,"minecraft:iron_block":1,"minecraft:fern":1},"minecraft:picked_up":{"minecraft:nautilus_shell":2,"minecraft:wheat":40,"born_in_chaos_v1:corpse_maggot":13,"qualitycrops:wheat_gold":7,"minecraft:leather_chestplate":1,"minecraft:tripwire_hook":1,"minecraft:leather_leggings":1,"alexsmobs:acacia_blossom":1,"minecraft:golden_leggings":1,"minecraft:potato":121,"minecraft:enchanted_book":1,"seadwellers:aquamarine":1,"minecraft:knowledge_book":2,"born_in_chaos_v1:bloody_gadfly_eye":1,"minecraft:yellow_bed":3,"tombstone:voodoo_poppet":1,"minecraft:lantern":1,"minecraft:string":9,"qualitycrops:wheat_diamond":1,"tombstone:gift":2,"minecraft:iron_axe":3,"minecraft:item_frame":5,"minecraft:iron_leggings":1,"minecraft:leather_boots":1,"minecraft:armor_stand":1,"minecraft:bone":2,"minecraft:experience_bottle":2,"minecraft:beetroot":55,"minecraft:wheat_seeds":63,"qualitycrops:carrot_iron":2,"qualitycrops:potato_gold":8,"minecraft:iron_ingot":4,"qualitycrops:melon_slice_gold":13,"vinery:cherry":8,"minecraft:player_head":1,"minecraft:iron_pickaxe":2,"minecraft:bamboo":12,"minecraft:melon_slice":32,"qualitycrops:beetroot_gold":10,"minecraft:acacia_sapling":4,"minecraft:mangrove_log":1,"minecraft:iron_boots":1,"minecraft:spruce_pressure_plate":1,"minecraft:stick":2,"minecraft:pumpkin":7,"qualitycrops:potato_iron":8,"ironchest:iron_chest":4,"minecraft:acacia_log":11,"qualitycrops:beetroot_diamond":2,"tombstone:scroll_of_feather_fall":1,"minecraft:jungle_planks":2,"minecraft:sand":1,"qualitycrops:carrot_gold":4,"qualitycrops:carrot_diamond":3,"tombstone:grave_dust":2,"minecraft:carrot":127,"minecraft:lily_of_the_valley":1,"minecraft:dark_oak_log":2,"minecraft:spider_eye":1,"tombstone:scroll_of_mercy":3,"minecraft:bundle":1,"qualitycrops:potato_diamond":4,"qualitycrops:wheat_iron":10,"minecraft:rotten_flesh":19,"minecraft:stone_sword":1,"minecraft:cactus":1,"minecraft:slime_ball":2,"born_in_chaos_v1:fire_dust":1,"biomesoplenty:cattail":3,"regions_unexplored:joshua_log":2,"minecraft:beetroot_seeds":104,"minecraft:pumpkin_pie":1,"quark:acacia_chest":1,"qualitycrops:melon_slice_iron":6,"minecraft:iron_block":1,"minecraft:spruce_sign":1,"farmersdelight:rope":9,"minecraft:bread":1,"minecraft:gold_ingot":1,"qualitycrops:beetroot_iron":11,"minecraft:emerald":1},"minecraft:crafted":{"ironchest:gold_chest":1,"quark:acacia_chest":2,"regions_unexplored:joshua_planks":8,"minecraft:acacia_planks":44,"ironchest:iron_chest":2},"minecraft:killed_by":{"alexsmobs:crocodile":2,"alexsmobs:alligator_snapping_turtle":1,"minecraft:zombie":5},"minecraft:used":{"minecraft:knowledge_book":1,"minecraft:water_bucket":3,"minecraft:iron_sword":101,"quark:acacia_chest":1,"minecraft:jungle_planks":1,"ironchest:iron_chest":5,"minecraft:acacia_sapling":4,"minecraft:lantern":1,"minecraft:iron_axe":85,"minecraft:bread":35,"minecraft:iron_pickaxe":5,"minecraft:cooked_cod":12,"minecraft:bucket":3,"minecraft:yellow_bed":1},"minecraft:killed":{"minecraft:husk":1,"born_in_chaos_v1:zombie_lumberjack":1,"born_in_chaos_v1:baby_skeleton":1,"born_in_chaos_v1:swarmer":1,"minecraft:spider":1,"born_in_chaos_v1:zombie_bruiser":1,"born_in_chaos_v1:decrepit_skeleton":1,"born_in_chaos_v1:maggot":7,"minecraft:zombie":8,"born_in_chaos_v1:corpse_fly":4,"minecraft:drowned":1,"born_in_chaos_v1:door_knight":1,"born_in_chaos_v1:firelight_not_despawn":1}},"DataVersion":3465}