{"stats":{"minecraft:dropped":{"farmersdelight:tomato_seeds":5,"minecraft:spruce_sign":4,"minecraft:iron_sword":1,"chococraft:loverly_gysahl_green":1,"minecraft:wheat_seeds":3,"biomesoplenty:lavender":14,"minecraft:iron_helmet":1,"minecraft:cobblestone":3,"chococraft:gysahl_green_seeds":1,"minecraft:acacia_log":24,"minecraft:rail":1,"minecraft:dirt":2,"vinery:savanna_grapes_red":1,"minecraft:dark_oak_log":4,"minecraft:gold_ingot":1,"minecraft:cobbled_deepslate":1,"minecraft:andesite_slab":1,"tombstone:gift":3,"minecraft:raw_iron":17,"minecraft:rotten_flesh":3,"minecraft:azure_bluet":2,"minecraft:cobblestone_slab":1,"vinery:grapevine_stem":20,"minecraft:brick":2},"minecraft:crafted":{"minecraft:oak_planks":60,"minecraft:coal":9,"minecraft:iron_nugget":18,"minecraft:furnace":1,"minecraft:bone_meal":27,"connectedglass:borderless_glass":40,"minecraft:glass":42,"minecraft:lantern":2,"quark:acacia_chest":2,"minecraft:spruce_stairs":20,"minecraft:iron_axe":2,"minecraft:spruce_slab":12,"minecraft:jungle_fence":3,"biomesoplenty:jacaranda_planks":4,"vinery:grapevine_stem":20,"minecraft:crafting_table":2,"minecraft:spruce_planks":172,"minecraft:spruce_door":3,"minecraft:birch_planks":116,"minecraft:air":0,"minecraft:jungle_planks":20,"minecraft:spruce_trapdoor":32,"minecraft:stick":20,"quark:oak_chest":2,"minecraft:iron_ingot":9,"minecraft:iron_pickaxe":2,"minecraft:iron_shovel":3,"minecraft:acacia_planks":96,"minecraft:torch":36},"minecraft:used":{"minecraft:iron_shovel":584,"minecraft:spruce_slab":4,"minecraft:spruce_planks":6,"minecraft:decorated_pot":1,"minecraft:iron_sword":134,"minecraft:torch":28,"minecraft:dirt":368,"minecraft:spruce_stairs":18,"minecraft:acacia_sapling":3,"minecraft:glass":2,"minecraft:lantern":3,"minecraft:iron_axe":295,"minecraft:birch_sapling":5,"minecraft:jungle_log":6,"connectedglass:borderless_glass":26,"minecraft:item_frame":2,"minecraft:written_book":1,"create:yellow_seat":3,"minecraft:furnace":1,"minecraft:beetroot_seeds":1,"qualitycrops:baked_potato_iron":1,"tombstone:gift":1,"minecraft:potato":3,"minecraft:acacia_planks":49,"minecraft:cooked_mutton":1,"minecraft:diorite":1,"minecraft:spruce_door":3,"minecraft:birch_planks":107,"minecraft:oak_planks":48,"minecraft:jungle_fence":2,"minecraft:sand":4,"minecraft:crafting_table":3,"minecraft:red_bed":5,"quark:acacia_chest":2,"minecraft:cod":4,"minecraft:spruce_log":39,"minecraft:apple":18,"minecraft:firework_rocket":1,"minecraft:bread":53,"minecraft:iron_pickaxe":422,"minecraft:spruce_trapdoor":35,"minecraft:spruce_sapling":21,"minecraft:gravel":1,"minecraft:cobblestone":15,"minecraft:andesite":7,"quark:oak_chest":2,"minecraft:bone_meal":5,"minecraft:experience_bottle":1},"minecraft:broken":{"minecraft:iron_shovel":2,"minecraft:iron_axe":1,"minecraft:iron_pickaxe":1},"minecraft:custom":{"minecraft:interact_with_smithing_table":1,"minecraft:mob_kills":20,"minecraft:interact_with_crafting_table":38,"minecraft:open_barrel":15,"minecraft:damage_dealt_resisted":105,"minecraft:leave_game":5,"minecraft:time_since_death":12831,"minecraft:climb_one_cm":24444,"minecraft:sprint_one_cm":538326,"minecraft:walk_one_cm":762020,"minecraft:drop":44,"minecraft:damage_dealt_absorbed":115,"minecraft:talked_to_villager":3,"minecraft:play_time":251967,"minecraft:sneak_time":5236,"minecraft:deaths":4,"minecraft:walk_under_water_one_cm":23531,"minecraft:interact_with_brewingstand":1,"minecraft:jump":3963,"minecraft:walk_on_water_one_cm":30660,"minecraft:total_world_time":251967,"minecraft:interact_with_furnace":18,"minecraft:sleep_in_bed":18,"minecraft:time_since_rest":12734,"minecraft:damage_taken":3753,"tombstone:sneak_grave":1,"minecraft:damage_dealt":4896,"minecraft:swim_one_cm":38919,"minecraft:fly_one_cm":853021,"minecraft:open_chest":87,"minecraft:crouch_one_cm":14933,"tombstone:undead_killed":14,"minecraft:fall_one_cm":115757,"minecraft:inspect_dispenser":5,"minecraft:horse_one_cm":2317},"minecraft:mined":{"create:zinc_ore":7,"create:deepslate_zinc_ore":10,"minecraft:farmland":1,"minecraft:deepslate_diamond_ore":17,"minecraft:sculk_vein":1,"minecraft:jungle_leaves":1,"minecraft:dark_oak_log":10,"minecraft:spruce_trapdoor":6,"biomesoplenty:bush":1,"minecraft:acacia_log":41,"minecraft:grass_block":422,"minecraft:decorated_pot":4,"minecraft:jungle_log":8,"minecraft:coal_block":1,"minecraft:spruce_leaves":9,"minecraft:spawner":1,"minecraft:hay_block":1,"biomesoplenty:jacaranda_log":1,"minecraft:iron_ore":89,"minecraft:andesite":5,"minecraft:deepslate_lapis_ore":6,"minecraft:sculk_shrieker":1,"chococraft:gysahl_green":4,"minecraft:dirt_path":2,"minecraft:vine":1,"minecraft:deepslate_iron_ore":15,"biomesoplenty:spider_egg":1,"minecraft:stone":59,"minecraft:iron_block":1,"valhelsia_structures:big_purple_glazed_jar":1,"minecraft:podzol":3,"minecraft:red_bed":5,"minecraft:medium_amethyst_bud":1,"minecraft:amethyst_cluster":2,"minecraft:spruce_door":2,"minecraft:crafting_table":2,"minecraft:torch":7,"minecraft:melon":10,"minecraft:tall_grass":1,"minecraft:glass":2,"minecraft:cobblestone":20,"minecraft:deepslate_gold_ore":38,"minecraft:oak_planks":7,"minecraft:diorite":13,"minecraft:wall_torch":6,"minecraft:pink_petals":1,"minecraft:birch_sapling":3,"minecraft:air":5,"supplementaries:urn":4,"minecraft:spruce_stairs":1,"minecraft:birch_planks":7,"create:yellow_seat":3,"minecraft:birch_log":29,"minecraft:spruce_log":76,"minecraft:grass":44,"minecraft:oak_log":31,"minecraft:coal_ore":67,"minecraft:cocoa":3,"quark:monster_box":1,"minecraft:beetroots":1,"minecraft:gravel":1,"minecraft:dripstone_block":3,"minecraft:sand":112,"minecraft:dirt":83,"minecraft:cobweb":29,"minecraft:acacia_planks":9,"minecraft:gold_ore":27,"create:crimsite":2,"minecraft:oak_leaves":1,"minecraft:deepslate":12,"minecraft:fern":5},"minecraft:picked_up":{"chococraft:loverly_gysahl_green":1,"minecraft:cocoa_beans":8,"minecraft:crafting_table":2,"qualitycrops:wheat_gold":1,"minecraft:wheat":2,"minecraft:azure_bluet":2,"minecraft:chicken":1,"minecraft:lead":3,"create:yellow_seat":3,"minecraft:brick":2,"minecraft:string":36,"minecraft:red_bed":5,"minecraft:item_frame":2,"minecraft:experience_bottle":1,"vinery:savanna_grapes_red":11,"minecraft:beetroot":1,"minecraft:cobbled_deepslate":11,"qualitycrops:melon_slice_gold":5,"minecraft:cobblestone_slab":1,"minecraft:iron_nugget":9,"minecraft:melon_slice":42,"minecraft:coal_block":1,"minecraft:birch_sapling":14,"minecraft:spruce_trapdoor":6,"minecraft:egg":1,"minecraft:dark_oak_sapling":6,"minecraft:stick":28,"minecraft:raw_iron":121,"minecraft:torch":13,"minecraft:acacia_log":65,"minecraft:spruce_stairs":1,"qualitycrops:cocoa_beans_gold":1,"minecraft:pointed_dripstone":2,"tombstone:grave_dust":3,"minecraft:diorite":12,"qualitycrops:baked_potato_iron":1,"minecraft:arrow":14,"quark:clear_shard":5,"minecraft:rotten_flesh":8,"biomesoplenty:jacaranda_log":1,"minecraft:decorated_pot":1,"minecraft:beetroot_seeds":1,"minecraft:hay_block":1,"minecraft:iron_block":1,"minecraft:gold_ingot":3,"supplementaries:ash":17,"minecraft:mutton":1,"minecraft:rail":1,"minecraft:cobblestone":74,"biomesoplenty:lavender":14,"minecraft:birch_log":29,"minecraft:andesite":7,"minecraft:jungle_log":11,"alexsmobs:acacia_blossom":1,"minecraft:potato":1,"minecraft:birch_planks":7,"paraglider:spirit_orb":2,"create:raw_zinc":17,"minecraft:oak_log":31,"supplementaries:flax_seeds":3,"minecraft:gunpowder":1,"minecraft:lapis_lazuli":35,"minecraft:dirt":508,"minecraft:lantern":1,"tombstone:gift":1,"quark:forgotten_hat":1,"minecraft:cooked_mutton":1,"minecraft:bone":17,"minecraft:acacia_planks":9,"chococraft:gysahl_green":12,"minecraft:wheat_seeds":21,"minecraft:raw_gold":65,"minecraft:iron_ingot":5,"minecraft:cobweb":4,"minecraft:rabbit":1,"minecraft:acacia_sapling":7,"minecraft:iron_sword":2,"minecraft:oak_planks":7,"minecraft:dripstone_block":2,"minecraft:gravel":1,"minecraft:sand":109,"minecraft:amethyst_shard":8,"minecraft:spruce_sapling":21,"chococraft:gysahl_green_seeds":4,"minecraft:spruce_log":82,"minecraft:spruce_door":2,"minecraft:dark_oak_log":14,"minecraft:spider_eye":2,"create:crimsite":2,"vinery:jungle_grapes_red":1,"minecraft:snort_pottery_sherd":2,"minecraft:diamond":16,"qualitycrops:melon_slice_iron":11,"minecraft:bone_meal":1,"minecraft:spruce_sign":10,"minecraft:emerald":10,"minecraft:bread":1,"minecraft:plenty_pottery_sherd":4,"tombstone:magic_scroll":1,"minecraft:oak_sapling":7,"minecraft:andesite_slab":1,"minecraft:coal":69},"minecraft:killed":{"minecraft:cave_spider":1,"minecraft:spider":2,"quark:forgotten":1,"minecraft:skeleton":6,"minecraft:creeper":2,"minecraft:zombie":7},"minecraft:killed_by":{"minecraft:zombie":2}},"DataVersion":3465}