{"stats":{"minecraft:used":{"minecraft:firework_rocket":53,"ironchest:diamond_chest":1,"vinery:creepers_crush":3,"supplementaries:bomb":4,"ironchest:copper_chest":1,"ironchest:gold_chest":1,"minecraft:elytra":1,"ironchest:iron_chest":1,"ironchest:crystal_chest":1},"minecraft:custom":{"minecraft:time_since_rest":4477,"minecraft:open_chest":9,"minecraft:crouch_one_cm":1060,"minecraft:deaths":1,"minecraft:play_time":26114,"minecraft:sprint_one_cm":9834,"minecraft:damage_taken":905,"minecraft:walk_one_cm":26781,"minecraft:raid_trigger":1,"minecraft:sneak_time":557,"minecraft:walk_under_water_one_cm":11391,"minecraft:drop":3,"minecraft:aviate_one_cm":557732,"minecraft:jump":90,"minecraft:leave_game":1,"minecraft:time_since_death":6876,"minecraft:walk_on_water_one_cm":1579,"minecraft:total_world_time":26114,"minecraft:fly_one_cm":372301,"minecraft:fall_one_cm":1947},"minecraft:picked_up":{"qualitysdelight:hamburger_diamond":1,"vinery:creepers_crush":1,"farmersdelight:hamburger":1,"qualitysdelight:cabbage_diamond":1},"minecraft:dropped":{"qualitysdelight:cabbage_diamond":1,"qualitysdelight:hamburger_diamond":1,"farmersdelight:hamburger":1}},"DataVersion":3465}