{"stats":{"minecraft:broken":{"minecraft:leather_chestplate":1,"minecraft:iron_sword":1},"minecraft:custom":{"minecraft:interact_with_smithing_table":1,"lootr:looted_stat":184,"minecraft:mob_kills":77,"minecraft:inspect_hopper":1,"minecraft:interact_with_crafting_table":15,"minecraft:open_barrel":26,"minecraft:damage_dealt_resisted":2149,"minecraft:leave_game":9,"minecraft:time_since_death":61329,"minecraft:climb_one_cm":29930,"minecraft:sprint_one_cm":533708,"minecraft:walk_one_cm":768036,"minecraft:drop":72,"minecraft:damage_dealt_absorbed":160,"minecraft:talked_to_villager":6,"minecraft:play_time":252679,"minecraft:deaths":10,"minecraft:sneak_time":2453,"minecraft:walk_under_water_one_cm":40159,"minecraft:boat_one_cm":395495,"minecraft:jump":4449,"minecraft:interact_with_brewingstand":2,"minecraft:interact_with_blast_furnace":2,"minecraft:walk_on_water_one_cm":86138,"minecraft:total_world_time":252679,"minecraft:interact_with_furnace":15,"minecraft:interact_with_grindstone":1,"minecraft:sleep_in_bed":5,"minecraft:time_since_rest":61195,"minecraft:waystone_activated":2,"minecraft:damage_taken":6069,"minecraft:damage_absorbed":180,"minecraft:trigger_trapped_chest":2,"minecraft:damage_dealt":15501,"tombstone:cast_on_ally":1,"minecraft:fly_one_cm":1111424,"minecraft:swim_one_cm":124440,"minecraft:open_chest":38,"minecraft:crouch_one_cm":4844,"tombstone:undead_killed":46,"tombstone:villager_killed":2,"minecraft:interact_with_smoker":1,"minecraft:fall_one_cm":100185},"minecraft:dropped":{"minecraft:bread":1,"minecraft:spruce_sign":1,"minecraft:wheat_seeds":15,"minecraft:crafting_table":1,"minecraft:knowledge_book":14,"minecraft:jungle_planks":1,"born_in_chaos_v1:sea_terror_eye":1,"born_in_chaos_v1:pieceofdarkmetal":1,"paraglider:spirit_orb":2,"regions_unexplored:socotra_planks":2,"tombstone:grave_dust":6,"minecraft:chain":3,"minecraft:string":1,"minecraft:dead_bush":1,"minecraft:tripwire_hook":2,"minecraft:writable_book":1,"quark:ancient_tome":1,"minecraft:armor_stand":1,"quark:seed_pouch":1,"minecraft:player_head":1,"alexsmobs:acacia_blossom":1,"tombstone:gift":2,"quark:rope":1,"minecraft:rotten_flesh":8,"minecraft:iron_boots":5,"born_in_chaos_v1:dark_upgrade":1,"minecraft:flower_pot":1,"qualitycrops:carrot_iron":1,"born_in_chaos_v1:corpse_maggot":2,"minecraft:leather_boots":1,"minecraft:beetroot_seeds":38,"minecraft:golden_leggings":1,"minecraft:leather_leggings":1,"minecraft:spider_eye":4,"minecraft:diamond_boots":1,"minecraft:arrow":1,"born_in_chaos_v1:marigolds":1},"minecraft:picked_up":{"qualitycrops:wheat_gold":7,"minecraft:crafting_table":1,"minecraft:wheat":40,"minecraft:splash_potion":1,"born_in_chaos_v1:seedof_chaos":1,"minecraft:leather_leggings":1,"minecraft:lead":2,"minecraft:enchanted_book":1,"seadwellers:aquamarine":1,"minecraft:knowledge_book":3,"born_in_chaos_v1:bloody_gadfly_eye":1,"minecraft:chain":3,"minecraft:string":37,"qualitycrops:wheat_diamond":1,"born_in_chaos_v1:intoxicating_decoction":2,"minecraft:iron_axe":4,"born_in_chaos_v1:dark_upgrade":1,"minecraft:iron_leggings":1,"minecraft:armor_stand":1,"minecraft:item_frame":5,"minecraft:experience_bottle":2,"minecraft:beetroot":55,"supplementaries:bomb":1,"regions_unexplored:socotra_boat":1,"qualitycrops:carrot_iron":8,"minecraft:bucket":1,"minecraft:dark_prismarine_stairs":1,"qualitycrops:potato_gold":9,"qualitycrops:melon_slice_gold":23,"vinery:cherry":16,"minecraft:player_head":2,"minecraft:iron_nugget":15,"minecraft:chest":2,"minecraft:iron_pickaxe":2,"qualitycrops:beetroot_gold":10,"minecraft:coal_block":1,"minecraft:melon_slice":67,"minecraft:sugar_cane":7,"minecraft:mangrove_log":3,"minecraft:iron_boots":6,"minecraft:tipped_arrow":2,"minecraft:spruce_pressure_plate":1,"minecraft:stick":8,"minecraft:raw_iron":5,"minecraft:sandstone":1,"qualitycrops:potato_iron":10,"minecraft:torch":9,"minecraft:acacia_log":19,"qualitycrops:beetroot_diamond":2,"minecraft:spruce_stairs":1,"ironchest:iron_chest":5,"minecraft:spruce_fence":2,"quark:jungle_chest":1,"quark:seed_pouch":1,"tombstone:grave_dust":6,"minecraft:carrot":176,"born_in_chaos_v1:pieceofdarkmetal":7,"minecraft:warped_planks":3,"qualitycrops:potato_diamond":4,"minecraft:stone_sword":1,"minecraft:cactus":1,"minecraft:arrow":22,"minecraft:rotten_flesh":37,"born_in_chaos_v1:sea_terror_eye":3,"regions_unexplored:joshua_log":2,"minecraft:beetroot_seeds":104,"biomesoplenty:cattail":3,"minecraft:pumpkin_pie":2,"quark:acacia_chest":1,"minecraft:gold_ingot":1,"minecraft:diamond_boots":1,"minecraft:iron_block":4,"qualitycrops:beetroot_iron":11,"create:crafting_blueprint":1,"farmersdelight:rope":9,"minecraft:saddle":1,"minecraft:glistering_melon_slice":1,"minecraft:cobblestone":37,"minecraft:nautilus_shell":2,"minecraft:stripped_oak_log":1,"minecraft:birch_log":1,"born_in_chaos_v1:corpse_maggot":15,"minecraft:leather_chestplate":1,"minecraft:tripwire_hook":4,"born_in_chaos_v1:spiritual_dust":2,"minecraft:jungle_log":1,"minecraft:golden_leggings":1,"regions_unexplored:joshua_planks":11,"minecraft:leather":4,"alexsmobs:acacia_blossom":1,"minecraft:potato":131,"paraglider:spirit_orb":34,"supplementaries:rope_arrow":1,"minecraft:oak_log":4,"minecraft:yellow_bed":3,"tombstone:voodoo_poppet":1,"minecraft:lapis_lazuli":1,"minecraft:lantern":1,"tombstone:gift":2,"born_in_chaos_v1:marigolds":1,"minecraft:leather_boots":1,"minecraft:bone":23,"minecraft:acacia_planks":28,"minecraft:wheat_seeds":65,"minecraft:iron_ingot":13,"tombstone:bag_of_seeds":1,"minecraft:bamboo":12,"minecraft:iron_sword":1,"minecraft:acacia_sapling":5,"minecraft:pumpkin":7,"minecraft:stone_brick_slab":1,"born_in_chaos_v1:orbofthe_summoner":1,"minecraft:raw_iron_block":3,"tombstone:scroll_of_feather_fall":1,"regions_unexplored:socotra_planks":12,"minecraft:sand":1,"minecraft:jungle_planks":2,"qualitycrops:carrot_gold":4,"qualitycrops:carrot_diamond":6,"minecraft:lily_of_the_valley":1,"minecraft:dead_bush":1,"minecraft:dark_oak_log":2,"minecraft:spider_eye":4,"tombstone:scroll_of_mercy":3,"minecraft:bundle":2,"qualitycrops:wheat_iron":10,"minecraft:slime_ball":2,"born_in_chaos_v1:fire_dust":1,"minecraft:writable_book":1,"qualitycrops:melon_slice_iron":10,"minecraft:bone_meal":1,"minecraft:golden_apple":1,"minecraft:spruce_sign":2,"minecraft:emerald":1,"minecraft:bread":1,"born_in_chaos_v1:rotten_fish":11,"minecraft:melon_seeds":16,"born_in_chaos_v1:sea_terror_stomach":1,"minecraft:coal":1},"minecraft:mined":{"minecraft:dark_prismarine_stairs":1,"regions_unexplored:joshua_beard":1,"biomesoplenty:desert_grass":1,"minecraft:acacia_log":20,"born_in_chaos_v1:dark_metal_deposit":6,"minecraft:jungle_planks":2,"minecraft:coal_block":1,"quark:jungle_chest":1,"quark:acacia_chest":1,"biomesoplenty:cattail":3,"minecraft:sandstone":1,"minecraft:spawner":15,"minecraft:tall_seagrass":1,"minecraft:raw_iron_block":3,"minecraft:iron_ore":5,"minecraft:pumpkin":7,"ironchest:iron_chest":5,"minecraft:stripped_oak_log":1,"regions_unexplored:joshua_planks":6,"born_in_chaos_v1:black_argillite_n":1,"minecraft:stone":10,"minecraft:iron_block":2,"lootr:lootr_chest":1,"minecraft:stone_brick_slab":1,"minecraft:melon":14,"regions_unexplored:small_desert_shrub":2,"minecraft:chest":1,"born_in_chaos_v1:black_argillite_brick_n":1,"minecraft:rose_bush":2,"biomesoplenty:high_grass_plant":1,"minecraft:tall_grass":4,"minecraft:cobblestone":28,"minecraft:wall_torch":1,"minecraft:big_dripleaf":1,"supplementaries:urn":2,"minecraft:white_terracotta":1,"minecraft:chain":3,"regions_unexplored:socotra_log":6,"minecraft:warped_planks":3,"regions_unexplored:steppe_shrub":2,"minecraft:yellow_bed":1,"minecraft:grass":10,"regions_unexplored:joshua_log":3,"minecraft:oak_log":4,"minecraft:coal_ore":1,"minecraft:sand":1,"minecraft:cobweb":5,"regions_unexplored:socotra_planks":3,"minecraft:oak_leaves":2,"minecraft:fern":3},"minecraft:crafted":{"minecraft:glass":6,"quark:acacia_chest":2,"regions_unexplored:joshua_planks":8,"trashbinmod:acacia_trash_bin":1,"ironchest:gold_chest":1,"minecraft:diamond_sword":1,"minecraft:acacia_button":1,"minecraft:air":0,"ironchest:diamond_chest":1,"minecraft:iron_chestplate":1,"minecraft:stick":12,"minecraft:iron_ingot":9,"minecraft:acacia_planks":44,"minecraft:torch":52,"ironchest:iron_chest":2},"minecraft:killed_by":{"alexsmobs:alligator_snapping_turtle":1,"born_in_chaos_v1:glutton_fish":1,"alexsmobs:crocodile":2,"minecraft:skeleton":1,"minecraft:zombie":5},"minecraft:used":{"minecraft:writable_book":1,"minecraft:chest":1,"quark:jungle_chest":1,"minecraft:iron_sword":102,"farmersdelight:melon_juice":1,"minecraft:torch":22,"ironchest:diamond_chest":1,"minecraft:jungle_planks":1,"minecraft:acacia_sapling":5,"ironchest:iron_chest":6,"create:crafting_blueprint":1,"minecraft:lantern":1,"minecraft:iron_axe":224,"tombstone:gift":1,"minecraft:golden_carrot":1,"minecraft:cooked_cod":12,"minecraft:dark_prismarine_stairs":1,"minecraft:knowledge_book":3,"tombstone:scroll_of_mercy":1,"minecraft:water_bucket":3,"minecraft:diamond_boots":1,"regions_unexplored:joshua_planks":4,"qualitycrops:melon_slice_gold":4,"regions_unexplored:socotra_planks":7,"minecraft:golden_apple":6,"quark:acacia_chest":1,"minecraft:warped_planks":2,"tombstone:bag_of_seeds":1,"minecraft:oak_log":1,"minecraft:bread":61,"minecraft:iron_pickaxe":88,"minecraft:diamond_sword":158,"minecraft:coal_block":1,"regions_unexplored:socotra_boat":1,"minecraft:bucket":3,"minecraft:yellow_bed":1,"trashbinmod:acacia_trash_bin":1},"minecraft:killed":{"minecraft:vex":1,"minecraft:cave_spider":1,"born_in_chaos_v1:zombie_lumberjack":3,"minecraft:spider":8,"born_in_chaos_v1:zombie_bruiser":1,"born_in_chaos_v1:baby_skeleton_minion":2,"born_in_chaos_v1:maggot":7,"minecraft:skeleton":9,"born_in_chaos_v1:corpse_fish":1,"minecraft:drowned":1,"born_in_chaos_v1:firelight_not_despawn":1,"minecraft:husk":1,"born_in_chaos_v1:bone_imp_minion":7,"born_in_chaos_v1:baby_skeleton":1,"born_in_chaos_v1:swarmer":1,"minecraft:wandering_trader":1,"born_in_chaos_v1:decrepit_skeleton":1,"minecraft:trader_llama":2,"born_in_chaos_v1:zombie_fisherman":1,"minecraft:zombie":12,"born_in_chaos_v1:corpse_fly":4,"born_in_chaos_v1:bonescaller_not_despawn":2,"minecraft:stray":3,"born_in_chaos_v1:door_knight":1,"minecraft:villager":1}},"DataVersion":3465}