{"stats":{"minecraft:dropped":{"minecraft:spruce_sign":4,"minecraft:iron_sword":1,"chococraft:loverly_gysahl_green":1,"minecraft:wheat_seeds":3,"minecraft:andesite_slab":1,"minecraft:raw_iron":17,"biomesoplenty:lavender":14,"minecraft:iron_helmet":1,"minecraft:cobblestone":3,"minecraft:rotten_flesh":1,"chococraft:gysahl_green_seeds":1,"minecraft:azure_bluet":2,"minecraft:acacia_log":24,"minecraft:dirt":2,"minecraft:cobblestone_slab":1,"vinery:savanna_grapes_red":1,"minecraft:dark_oak_log":4,"minecraft:gold_ingot":1,"minecraft:brick":2},"minecraft:crafted":{"minecraft:coal":9,"biomesoplenty:jacaranda_planks":4,"minecraft:crafting_table":1,"quark:acacia_chest":2,"minecraft:iron_axe":1,"minecraft:stick":16,"minecraft:iron_ingot":9,"minecraft:iron_pickaxe":1,"minecraft:acacia_planks":28,"minecraft:torch":12},"minecraft:used":{"minecraft:cooked_mutton":1,"minecraft:decorated_pot":1,"minecraft:iron_sword":58,"minecraft:torch":21,"minecraft:dirt":18,"minecraft:crafting_table":1,"minecraft:red_bed":4,"quark:acacia_chest":2,"minecraft:cod":4,"minecraft:firework_rocket":1,"minecraft:lantern":1,"minecraft:iron_axe":17,"minecraft:bread":25,"minecraft:iron_pickaxe":115,"minecraft:gravel":1,"minecraft:item_frame":2,"minecraft:cobblestone":2,"minecraft:written_book":1,"minecraft:beetroot_seeds":1,"minecraft:andesite":3,"minecraft:potato":3,"minecraft:experience_bottle":1},"minecraft:custom":{"minecraft:interact_with_smithing_table":1,"minecraft:interact_with_furnace":10,"minecraft:mob_kills":6,"minecraft:interact_with_crafting_table":4,"minecraft:open_barrel":12,"minecraft:time_since_death":64509,"minecraft:sleep_in_bed":4,"minecraft:climb_one_cm":2441,"minecraft:time_since_rest":1003,"minecraft:walk_one_cm":252406,"minecraft:sprint_one_cm":173256,"minecraft:damage_taken":1151,"minecraft:drop":35,"minecraft:damage_dealt":1595,"minecraft:swim_one_cm":13284,"minecraft:talked_to_villager":3,"minecraft:fly_one_cm":299774,"minecraft:open_chest":24,"minecraft:crouch_one_cm":1764,"minecraft:play_time":64509,"tombstone:undead_killed":5,"minecraft:sneak_time":935,"minecraft:walk_under_water_one_cm":7117,"minecraft:interact_with_brewingstand":1,"minecraft:jump":1493,"minecraft:walk_on_water_one_cm":6596,"minecraft:total_world_time":64509,"minecraft:fall_one_cm":43671,"minecraft:inspect_dispenser":4},"minecraft:mined":{"create:deepslate_zinc_ore":9,"create:zinc_ore":1,"minecraft:farmland":1,"minecraft:red_bed":4,"minecraft:deepslate_diamond_ore":2,"minecraft:torch":6,"minecraft:acacia_log":15,"minecraft:grass_block":12,"minecraft:decorated_pot":4,"minecraft:coal_block":1,"minecraft:tall_grass":1,"minecraft:deepslate_gold_ore":22,"minecraft:wall_torch":4,"supplementaries:urn":1,"minecraft:pink_petals":1,"biomesoplenty:jacaranda_log":1,"minecraft:iron_ore":17,"minecraft:andesite":1,"minecraft:deepslate_lapis_ore":6,"minecraft:grass":5,"quark:monster_box":1,"minecraft:deepslate_iron_ore":8,"minecraft:coal_ore":14,"minecraft:beetroots":1,"minecraft:dirt_path":2,"minecraft:gravel":1,"minecraft:dirt":7,"minecraft:cobweb":28,"biomesoplenty:spider_egg":1,"minecraft:deepslate":4,"minecraft:stone":5,"minecraft:iron_block":1,"minecraft:gold_ore":3,"create:crimsite":2},"minecraft:picked_up":{"biomesoplenty:lavender":14,"qualitycrops:wheat_gold":1,"chococraft:loverly_gysahl_green":1,"minecraft:wheat":2,"minecraft:azure_bluet":2,"minecraft:chicken":1,"minecraft:andesite":3,"minecraft:potato":1,"create:raw_zinc":10,"supplementaries:flax_seeds":1,"minecraft:brick":2,"minecraft:lapis_lazuli":35,"minecraft:string":33,"minecraft:dirt":20,"minecraft:red_bed":4,"minecraft:lantern":1,"quark:forgotten_hat":1,"minecraft:cooked_mutton":1,"minecraft:item_frame":2,"minecraft:bone":8,"minecraft:experience_bottle":1,"vinery:savanna_grapes_red":1,"chococraft:gysahl_green":3,"minecraft:beetroot":1,"minecraft:wheat_seeds":6,"minecraft:cobbled_deepslate":4,"minecraft:raw_gold":25,"minecraft:iron_ingot":5,"minecraft:cobweb":4,"minecraft:cobblestone_slab":1,"minecraft:rabbit":1,"minecraft:coal_block":1,"minecraft:iron_sword":2,"minecraft:dark_oak_sapling":1,"minecraft:stick":2,"minecraft:raw_iron":42,"minecraft:torch":10,"minecraft:acacia_log":39,"minecraft:gravel":1,"chococraft:gysahl_green_seeds":1,"tombstone:grave_dust":2,"minecraft:dark_oak_log":4,"minecraft:spider_eye":1,"minecraft:rotten_flesh":1,"minecraft:arrow":11,"create:crimsite":2,"minecraft:snort_pottery_sherd":2,"biomesoplenty:jacaranda_log":1,"minecraft:diamond":2,"minecraft:beetroot_seeds":1,"minecraft:decorated_pot":1,"minecraft:iron_block":1,"minecraft:bone_meal":1,"minecraft:emerald":4,"minecraft:bread":1,"minecraft:spruce_sign":10,"minecraft:gold_ingot":3,"supplementaries:ash":14,"minecraft:plenty_pottery_sherd":4,"minecraft:mutton":1,"minecraft:coal":16,"minecraft:andesite_slab":1,"minecraft:cobblestone":5},"minecraft:killed":{"minecraft:cave_spider":1,"quark:forgotten":1,"minecraft:skeleton":3,"minecraft:zombie":1}},"DataVersion":3465}