{"stats":{"minecraft:dropped":{"minecraft:knowledge_book":5,"minecraft:kelp":1,"scuba_gear:scuba_leggings":2,"scuba_gear:scuba_chestplate":2,"scuba_gear:scuba_helmet":2,"scuba_gear:scuba_boots":2},"minecraft:custom":{"minecraft:time_since_rest":12472,"minecraft:crouch_one_cm":59,"minecraft:play_time":13881,"minecraft:sprint_one_cm":18147,"minecraft:walk_one_cm":30397,"minecraft:damage_taken":860,"minecraft:deaths":1,"minecraft:sneak_time":151,"minecraft:walk_under_water_one_cm":24296,"minecraft:drop":14,"minecraft:jump":122,"minecraft:damage_dealt":59,"minecraft:leave_game":1,"minecraft:walk_on_water_one_cm":395,"minecraft:time_since_death":12659,"minecraft:total_world_time":13881,"minecraft:swim_one_cm":15313,"minecraft:fall_one_cm":10324,"minecraft:fly_one_cm":38403},"minecraft:picked_up":{"born_in_chaos_v1:intoxicating_decoction":1,"minecraft:bone":2,"minecraft:rotten_flesh":3,"minecraft:kelp":1,"minecraft:knowledge_book":5},"minecraft:used":{"creeperoverhaul:jungle_creeper_spawn_egg":2,"minecraft:knowledge_book":2,"endermanoverhaul:badlands_enderman_spawn_egg":2,"creeperoverhaul:ocean_creeper_spawn_egg":1,"seadwellers:mermorph_blacksmith_spawn_egg":1,"seadwellers:mermorph_farmer_spawn_egg":1,"seadwellers:random_mermorph_spawn_egg":1,"seadwellers:mermorph_architect_spawn_egg":1,"seadwellers:mermorph_spawn_egg":1}},"DataVersion":3465}