{"stats":{"minecraft:broken":{"minecraft:wooden_axe":1},"minecraft:crafted":{"biomesoplenty:fir_planks":24,"minecraft:crafting_table":1,"minecraft:stick":8,"minecraft:wooden_pickaxe":1,"minecraft:wooden_axe":1,"minecraft:stone_axe":1},"minecraft:killed":{"alexsmobs:seagull":1},"minecraft:used":{"minecraft:wheat_seeds":51,"minecraft:wooden_axe":60,"minecraft:bread":2,"minecraft:wooden_pickaxe":3,"biomesoplenty:fir_planks":1,"minecraft:stone_axe":67,"minecraft:dirt":1,"minecraft:crafting_table":1},"minecraft:picked_up":{"minecraft:stick":7,"qualitycrops:wheat_gold":7,"minecraft:wheat":87,"biomesoplenty:fir_sapling":10,"biomesoplenty:fir_log":110,"chococraft:gysahl_green_seeds":7,"minecraft:dirt":1,"qualitycrops:wheat_diamond":3,"chococraft:gysahl_green":19,"qualitycrops:wheat_iron":12,"minecraft:stone_axe":1,"minecraft:wheat_seeds":233,"minecraft:cobblestone":3},"minecraft:dropped":{"minecraft:stone_axe":1,"qualitycrops:wheat_gold":1,"qualitycrops:wheat_diamond":3},"minecraft:mined":{"minecraft:farmland":1,"minecraft:wheat":73,"biomesoplenty:fir_log":127,"minecraft:grass":29,"chococraft:gysahl_green":7,"biomesoplenty:sprout":4,"minecraft:stone":3,"minecraft:fern":20},"minecraft:custom":{"minecraft:time_since_rest":13587,"minecraft:sprint_one_cm":17598,"minecraft:walk_one_cm":53621,"minecraft:damage_taken":10,"minecraft:mob_kills":1,"minecraft:drop":5,"minecraft:damage_dealt":90,"minecraft:swim_one_cm":2276,"minecraft:interact_with_crafting_table":4,"minecraft:fly_one_cm":23469,"minecraft:open_chest":3,"minecraft:crouch_one_cm":133,"minecraft:play_time":13587,"minecraft:sneak_time":59,"minecraft:walk_under_water_one_cm":3003,"minecraft:jump":141,"minecraft:interact_with_grindstone":1,"minecraft:leave_game":1,"minecraft:walk_on_water_one_cm":5182,"minecraft:time_since_death":13587,"minecraft:climb_one_cm":92,"minecraft:total_world_time":13587,"minecraft:fall_one_cm":4062}},"DataVersion":3465}