{"stats":{"minecraft:broken":{"minecraft:iron_boots":1,"minecraft:stone_pickaxe":1,"minecraft:iron_sword":1,"minecraft:iron_helmet":1},"minecraft:custom":{"lootr:looted_stat":46,"minecraft:mob_kills":215,"minecraft:inspect_hopper":3,"minecraft:interact_with_crafting_table":19,"minecraft:open_barrel":1,"minecraft:damage_dealt_resisted":530,"minecraft:leave_game":7,"minecraft:time_since_death":67921,"minecraft:climb_one_cm":13748,"minecraft:damage_resisted":105,"minecraft:sprint_one_cm":491815,"minecraft:walk_one_cm":538679,"minecraft:damage_blocked_by_shield":490,"minecraft:drop":30,"minecraft:damage_dealt_absorbed":70,"minecraft:talked_to_villager":1,"minecraft:target_hit":10,"minecraft:play_time":195062,"minecraft:deaths":5,"minecraft:sneak_time":7173,"minecraft:walk_under_water_one_cm":22079,"minecraft:jump":2264,"minecraft:walk_on_water_one_cm":30505,"minecraft:total_world_time":195062,"minecraft:interact_with_furnace":18,"minecraft:sleep_in_bed":3,"minecraft:time_since_rest":67667,"minecraft:waystone_activated":3,"minecraft:damage_taken":5363,"minecraft:damage_dealt":12323,"minecraft:swim_one_cm":44777,"minecraft:fly_one_cm":497892,"minecraft:open_chest":7,"minecraft:crouch_one_cm":12357,"tombstone:undead_killed":72,"minecraft:fall_one_cm":48726},"minecraft:dropped":{"tombstone:scroll_of_feather_fall":1,"qualitycrops:potato_gold":2,"minecraft:knowledge_book":8,"chococraft:gysahl_green_seeds":3,"qualitycrops:wheat_diamond":1,"tombstone:scroll_of_mercy":1,"minecraft:coal":2,"tombstone:magic_scroll":1,"minecraft:sand":1,"minecraft:iron_shovel":1,"minecraft:string":14,"minecraft:stone_axe":2,"born_in_chaos_v1:fire_dust":4,"minecraft:rotten_flesh":12,"minecraft:gunpowder":18,"minecraft:spider_eye":1},"minecraft:mined":{"quark:limestone_bricks_slab":2,"minecraft:mossy_cobblestone":1,"minecraft:sandstone":2,"minecraft:spawner":2,"quark:sandstone_bricks":1,"minecraft:furnace":4,"minecraft:iron_ore":50,"minecraft:fire":1,"chococraft:gysahl_green":3,"minecraft:stone":51,"minecraft:cut_sandstone":1,"minecraft:acacia_leaves":1,"minecraft:smooth_sandstone":1,"minecraft:crafting_table":2,"minecraft:torch":7,"minecraft:cobblestone":4,"minecraft:wall_torch":9,"supplementaries:urn":3,"minecraft:grass":2,"regions_unexplored:joshua_log":7,"minecraft:oak_log":2,"minecraft:coal_ore":119,"minecraft:sand":83,"minecraft:dirt":2,"minecraft:sandstone_wall":1,"minecraft:oak_leaves":1},"minecraft:picked_up":{"minecraft:crafting_table":2,"minecraft:iron_chestplate":1,"minecraft:enchanted_book":1,"minecraft:string":7,"qualitycrops:wheat_diamond":3,"minecraft:cooked_salmon":1,"minecraft:iron_shovel":1,"minecraft:experience_bottle":1,"qualitycrops:potato_gold":6,"minecraft:furnace":4,"minecraft:iron_boots":1,"minecraft:stick":1,"minecraft:raw_iron":55,"minecraft:sandstone":2,"born_in_chaos_v1:shattered_skull":2,"qualitycrops:potato_iron":1,"minecraft:torch":19,"sophisticatedbackpacks:backpack":1,"minecraft:sandstone_wall":1,"tombstone:grave_dust":10,"born_in_chaos_v1:nightmare_claw":1,"minecraft:carrot":2,"qualitycrops:potato_diamond":3,"minecraft:arrow":15,"minecraft:rotten_flesh":74,"regions_unexplored:joshua_log":8,"alexsmobs:emu_egg":1,"wardrobe:jungle_boots":2,"born_in_chaos_v1:spiny_shell":10,"minecraft:saddle":1,"minecraft:obsidian":5,"minecraft:cobblestone":61,"born_in_chaos_v1:corpse_maggot":50,"minecraft:feather":38,"born_in_chaos_v1:monster_flesh":3,"born_in_chaos_v1:spiritual_dust":3,"minecraft:salmon":1,"minecraft:potato":1,"paraglider:spirit_orb":4,"minecraft:oak_log":2,"minecraft:gunpowder":12,"tombstone:gift":1,"born_in_chaos_v1:monster_skin":7,"minecraft:leather_boots":1,"minecraft:smooth_sandstone":1,"minecraft:bone":35,"chococraft:gysahl_green":10,"minecraft:iron_ingot":58,"born_in_chaos_v1:orbofthe_summoner":1,"born_in_chaos_v1:ethereal_spirit":1,"minecraft:sand":85,"minecraft:amethyst_shard":22,"chococraft:gysahl_green_seeds":6,"minecraft:spider_eye":1,"minecraft:mossy_cobblestone":1,"tombstone:scroll_of_mercy":1,"minecraft:diamond":1,"born_in_chaos_v1:fire_dust":6,"minecraft:stone_axe":1,"tombstone:tablet_of_recall":1,"minecraft:iron_helmet":1,"alexsmobs:rattlesnake_rattle":2,"quark:sandstone_bricks":1,"minecraft:bone_meal":1,"quark:limestone_bricks_slab":2,"minecraft:golden_apple":1,"tombstone:magic_scroll":2,"born_in_chaos_v1:rotten_fish":1,"minecraft:coal":177},"minecraft:crafted":{"minecraft:oak_planks":8,"minecraft:furnace":2,"regions_unexplored:joshua_planks":32,"minecraft:iron_boots":3,"born_in_chaos_v1:fried_maggot":20,"minecraft:stone_pickaxe":1,"minecraft:coal_block":11,"minecraft:crafting_table":3,"minecraft:wooden_pickaxe":1,"minecraft:iron_helmet":3,"minecraft:bucket":3,"minecraft:stone_axe":1,"minecraft:air":0,"minecraft:iron_chestplate":2,"minecraft:shield":1,"minecraft:stick":24,"wardrobe:jungle_boots":1,"minecraft:iron_ingot":41,"minecraft:iron_pickaxe":2,"minecraft:stone_sword":1,"minecraft:iron_leggings":1,"minecraft:white_bed":1,"minecraft:torch":64},"minecraft:killed_by":{"minecraft:husk":4},"minecraft:used":{"alexsmobs:emu_egg":1,"minecraft:stone_sword":70,"minecraft:iron_shovel":81,"minecraft:shield":43,"minecraft:iron_sword":147,"born_in_chaos_v1:fried_maggot":17,"minecraft:cooked_salmon":1,"minecraft:rotten_flesh":10,"minecraft:torch":83,"minecraft:milk_bucket":5,"born_in_chaos_v1:corpse_maggot":12,"qualitycrops:potato_iron":1,"minecraft:lava_bucket":6,"minecraft:smooth_sandstone":1,"minecraft:iron_boots":4,"minecraft:bow":17,"minecraft:furnace":6,"minecraft:cooked_cod":1,"tombstone:gift":3,"minecraft:potato":1,"minecraft:knowledge_book":636,"quark:sandstone_bricks":1,"farmersdelight:iron_knife":42,"minecraft:stone_pickaxe":125,"minecraft:wooden_pickaxe":20,"minecraft:sandstone":2,"minecraft:leather_boots":1,"quark:limestone_bricks_slab":2,"minecraft:mossy_cobblestone":1,"minecraft:sand":83,"minecraft:crafting_table":5,"minecraft:white_bed":1,"qualitycrops:potato_diamond":2,"qualitycrops:potato_gold":2,"minecraft:bread":41,"minecraft:iron_pickaxe":103,"minecraft:stone_axe":3,"minecraft:cobblestone":29,"born_in_chaos_v1:rotten_fish":1,"minecraft:bucket":6,"chococraft:gysahl_green":9,"alexsmobs:animal_dictionary":1,"minecraft:experience_bottle":1},"minecraft:killed":{"minecraft:spider":1,"born_in_chaos_v1:thornshell_crab":1,"alexsmobs:rattlesnake":2,"born_in_chaos_v1:maggot":36,"minecraft:skeleton":1,"minecraft:chicken":1,"born_in_chaos_v1:firelight_not_despawn":2,"minecraft:husk":65,"born_in_chaos_v1:swarmer":1,"minecraft:bat":1,"born_in_chaos_v1:zombie_fisherman":1,"minecraft:zombie":4,"born_in_chaos_v1:dread_hound":3,"born_in_chaos_v1:corpse_fly":17}},"DataVersion":3465}