{"stats":{"minecraft:used":{"minecraft:stone_pickaxe":11,"minecraft:wooden_pickaxe":30,"biomesoplenty:lavender":1,"minecraft:torch":8,"minecraft:crafting_table":1,"alexsmobs:moose_ribs":1,"minecraft:andesite":1},"minecraft:picked_up":{"biomesoplenty:lavender":1,"minecraft:raw_iron":1,"minecraft:andesite":1,"minecraft:torch":4,"paraglider:spirit_orb":2,"minecraft:oak_log":5,"minecraft:mossy_cobblestone":3,"alexsmobs:moose_ribs":1,"minecraft:moss_block":1,"minecraft:coal":17,"minecraft:skeleton_skull":1,"minecraft:cobblestone":13},"minecraft:crafted":{"minecraft:oak_planks":20,"minecraft:crafting_table":1,"minecraft:stick":8,"minecraft:wooden_pickaxe":1,"minecraft:stone_pickaxe":1,"minecraft:torch":16},"minecraft:custom":{"minecraft:time_since_rest":6701,"minecraft:sprint_one_cm":14645,"minecraft:damage_taken":60,"minecraft:walk_one_cm":26010,"minecraft:trigger_trapped_chest":1,"minecraft:swim_one_cm":3760,"minecraft:interact_with_crafting_table":2,"minecraft:fly_one_cm":7916,"minecraft:open_barrel":5,"minecraft:open_chest":2,"minecraft:crouch_one_cm":986,"minecraft:play_time":6701,"minecraft:sneak_time":395,"minecraft:walk_under_water_one_cm":1386,"minecraft:jump":79,"minecraft:interact_with_grindstone":1,"minecraft:leave_game":4,"minecraft:walk_on_water_one_cm":2985,"minecraft:time_since_death":6701,"minecraft:climb_one_cm":706,"minecraft:total_world_time":6701,"minecraft:fall_one_cm":6174},"minecraft:mined":{"minecraft:skeleton_skull":1,"minecraft:mossy_cobblestone":3,"minecraft:iron_ore":1,"biomesoplenty:lavender":1,"minecraft:andesite":1,"minecraft:torch":1,"minecraft:coal_ore":17,"minecraft:oak_log":5,"minecraft:cobblestone":3,"minecraft:stone":11,"minecraft:moss_block":1,"minecraft:wall_torch":2,"minecraft:spawner":1}},"DataVersion":3465}