{"stats":{"minecraft:broken":{"minecraft:iron_boots":1,"minecraft:iron_chestplate":1,"minecraft:iron_leggings":1,"minecraft:stone_pickaxe":1,"minecraft:iron_sword":1,"minecraft:iron_helmet":2},"minecraft:custom":{"lootr:looted_stat":112,"minecraft:mob_kills":316,"minecraft:inspect_hopper":3,"minecraft:interact_with_crafting_table":23,"minecraft:open_barrel":35,"minecraft:interact_with_campfire":23,"minecraft:damage_dealt_resisted":3048,"minecraft:leave_game":10,"minecraft:time_since_death":136630,"minecraft:climb_one_cm":27831,"minecraft:damage_resisted":290,"minecraft:sprint_one_cm":712728,"minecraft:walk_one_cm":965816,"minecraft:damage_blocked_by_shield":490,"minecraft:drop":49,"minecraft:damage_dealt_absorbed":70,"minecraft:talked_to_villager":15,"minecraft:target_hit":10,"minecraft:play_time":342346,"minecraft:deaths":6,"minecraft:sneak_time":9042,"minecraft:walk_under_water_one_cm":28767,"minecraft:jump":3413,"minecraft:interact_with_brewingstand":3,"minecraft:interact_with_blast_furnace":6,"minecraft:walk_on_water_one_cm":39080,"minecraft:total_world_time":342346,"minecraft:interact_with_furnace":31,"minecraft:interact_with_cartography_table":1,"minecraft:sleep_in_bed":8,"minecraft:time_since_rest":18199,"minecraft:waystone_activated":5,"minecraft:damage_taken":8843,"minecraft:damage_dealt":22219,"minecraft:swim_one_cm":56356,"minecraft:fly_one_cm":697914,"minecraft:open_chest":35,"minecraft:crouch_one_cm":17325,"tombstone:undead_killed":105,"minecraft:interact_with_smoker":2,"minecraft:fall_one_cm":79840},"minecraft:dropped":{"qualitycrops:potato_gold":2,"farmersdelight:iron_knife":2,"tombstone:scroll_of_feather_fall":1,"minecraft:knowledge_book":8,"chococraft:gysahl_green_seeds":4,"qualitycrops:wheat_diamond":1,"tombstone:scroll_of_mercy":1,"minecraft:coal":2,"born_in_chaos_v1:monster_flesh":1,"tombstone:magic_scroll":1,"minecraft:sand":1,"minecraft:string":14,"minecraft:iron_shovel":1,"minecraft:bone":4,"minecraft:stone_axe":2,"alexsmobs:maggot":1,"born_in_chaos_v1:fire_dust":4,"born_in_chaos_v1:ethereal_spirit":2,"minecraft:rotten_flesh":18,"sophisticatedbackpacks:backpack":1,"minecraft:carrot":1,"quark:sandstone_bricks_stairs":1,"minecraft:gunpowder":18,"born_in_chaos_v1:corpse_maggot":2,"minecraft:spider_eye":1,"minecraft:bow":1},"minecraft:mined":{"quark:sandstone_bricks_stairs":2,"quark:limestone_bricks_slab":3,"minecraft:mossy_cobblestone":1,"born_in_chaos_v1:black_argillite_brick_wall":1,"minecraft:grass_block":2,"minecraft:coal_block":8,"minecraft:sandstone":2,"minecraft:spawner":12,"quark:sandstone_bricks":2,"minecraft:furnace":4,"minecraft:iron_ore":50,"minecraft:fire":3,"minecraft:gold_block":1,"minecraft:bookshelf":1,"chococraft:gysahl_green":12,"minecraft:dirt_path":1,"minecraft:stone":52,"minecraft:cut_sandstone":1,"minecraft:acacia_leaves":1,"biomesoplenty:orange_sand":3,"minecraft:crafting_table":2,"minecraft:smooth_sandstone":1,"minecraft:torch":10,"minecraft:cobblestone":4,"quark:limestone_slab":1,"minecraft:wall_torch":11,"supplementaries:urn":3,"minecraft:spruce_stairs":3,"quark:spruce_ladder":2,"minecraft:spruce_log":1,"minecraft:grass":5,"regions_unexplored:joshua_log":7,"minecraft:coal_ore":123,"minecraft:oak_log":2,"minecraft:zombie_head":1,"minecraft:loom":1,"minecraft:sand":83,"minecraft:dirt":2,"minecraft:cobweb":2,"minecraft:sandstone_wall":1,"minecraft:gold_ore":3,"minecraft:oak_leaves":11},"minecraft:picked_up":{"minecraft:iron_chestplate":1,"minecraft:crafting_table":2,"chococraft:loverly_gysahl_green":1,"born_in_chaos_v1:seedof_chaos":1,"quark:spruce_ladder":2,"born_in_chaos_v1:black_argillite_brick_wall":1,"minecraft:enchanted_book":2,"minecraft:gold_block":1,"minecraft:chain":1,"minecraft:string":20,"qualitycrops:wheat_diamond":3,"minecraft:cooked_salmon":1,"minecraft:iron_shovel":1,"born_in_chaos_v1:intoxicating_decoction":1,"minecraft:item_frame":1,"minecraft:zombie_head":1,"minecraft:experience_bottle":1,"quark:limestone_slab":1,"minecraft:bucket":1,"qualitycrops:potato_gold":6,"quark:sandstone_bricks_stairs":2,"minecraft:iron_pickaxe":1,"biomesoplenty:wildflower":1,"minecraft:coal_block":8,"minecraft:furnace":4,"minecraft:iron_boots":1,"minecraft:tipped_arrow":1,"minecraft:stick":1,"minecraft:raw_iron":55,"minecraft:sandstone":2,"born_in_chaos_v1:shattered_skull":3,"qualitycrops:potato_iron":1,"minecraft:torch":25,"minecraft:spruce_stairs":3,"sophisticatedbackpacks:backpack":2,"minecraft:sandstone_wall":1,"born_in_chaos_v1:pileof_dark_metal":1,"tombstone:grave_dust":12,"born_in_chaos_v1:nightmare_claw":1,"minecraft:carrot":3,"qualitycrops:potato_diamond":3,"minecraft:arrow":26,"minecraft:rotten_flesh":111,"regions_unexplored:joshua_log":8,"born_in_chaos_v1:spiny_shell":10,"alexsmobs:emu_egg":1,"wardrobe:jungle_boots":2,"minecraft:saddle":1,"supplementaries:ash":1,"minecraft:obsidian":5,"biomesoplenty:orange_sand":2,"minecraft:cobblestone":61,"born_in_chaos_v1:staffof_magic_arrows":1,"born_in_chaos_v1:corpse_maggot":65,"minecraft:feather":39,"minecraft:cooked_beef":1,"born_in_chaos_v1:monster_flesh":4,"born_in_chaos_v1:spiritual_dust":3,"minecraft:jungle_log":1,"minecraft:salmon":1,"minecraft:potato":1,"paraglider:spirit_orb":24,"minecraft:oak_log":8,"minecraft:gunpowder":12,"minecraft:lantern":2,"tombstone:gift":1,"born_in_chaos_v1:monster_skin":8,"minecraft:leather_boots":1,"minecraft:cooked_mutton":13,"chococraft:chocobo_feather":2,"minecraft:smooth_sandstone":1,"minecraft:bone":64,"chococraft:gysahl_green":40,"farmersdelight:iron_knife":2,"chococraft:gold_gysahl":1,"minecraft:bow":2,"minecraft:raw_gold":3,"minecraft:iron_ingot":60,"minecraft:cooked_chicken":1,"minecraft:iron_sword":1,"minecraft:book":4,"minecraft:cooked_porkchop":18,"born_in_chaos_v1:orbofthe_summoner":2,"born_in_chaos_v1:ethereal_spirit":13,"minecraft:amethyst_shard":22,"minecraft:sand":85,"chococraft:gysahl_green_seeds":15,"minecraft:spruce_log":1,"minecraft:spider_eye":4,"minecraft:mossy_cobblestone":1,"tombstone:scroll_of_mercy":1,"minecraft:bundle":2,"minecraft:slime_ball":1,"born_in_chaos_v1:fire_dust":9,"minecraft:diamond":1,"minecraft:stone_axe":1,"tombstone:tablet_of_recall":1,"minecraft:iron_helmet":1,"alexsmobs:rattlesnake_rattle":2,"minecraft:bone_meal":1,"quark:limestone_bricks_slab":2,"minecraft:golden_apple":1,"quark:sandstone_bricks":1,"born_in_chaos_v1:rotten_fish":1,"alexsmobs:maggot":1,"tombstone:magic_scroll":2,"minecraft:coal":181,"minecraft:ender_pearl":1},"minecraft:crafted":{"minecraft:oak_planks":24,"minecraft:furnace":3,"regions_unexplored:joshua_planks":32,"minecraft:iron_boots":3,"born_in_chaos_v1:fried_maggot":20,"minecraft:stone_pickaxe":1,"minecraft:coal_block":11,"minecraft:crafting_table":4,"minecraft:spruce_planks":4,"minecraft:wooden_pickaxe":1,"minecraft:iron_helmet":3,"minecraft:bucket":3,"minecraft:stone_axe":1,"minecraft:air":0,"minecraft:jungle_planks":4,"minecraft:iron_chestplate":3,"minecraft:shield":1,"wardrobe:jungle_boots":1,"minecraft:stick":48,"minecraft:iron_ingot":51,"minecraft:iron_pickaxe":2,"minecraft:stone_sword":1,"minecraft:iron_leggings":2,"minecraft:gold_ingot":17,"chococraft:chocobo_saddle":1,"minecraft:white_bed":1,"minecraft:torch":104},"minecraft:killed_by":{"minecraft:husk":4,"born_in_chaos_v1:scarlet_persecutor":1},"minecraft:used":{"alexsmobs:emu_egg":1,"minecraft:stone_sword":70,"minecraft:iron_shovel":81,"minecraft:flint_and_steel":5,"minecraft:shield":43,"minecraft:iron_sword":297,"born_in_chaos_v1:fried_maggot":17,"minecraft:cooked_salmon":1,"minecraft:cooked_chicken":1,"minecraft:rotten_flesh":10,"minecraft:torch":101,"minecraft:spruce_stairs":3,"minecraft:carrot":3,"minecraft:obsidian":2,"minecraft:milk_bucket":5,"born_in_chaos_v1:corpse_maggot":12,"qualitycrops:potato_iron":1,"minecraft:lava_bucket":6,"minecraft:smooth_sandstone":1,"biomesoplenty:orange_sand":2,"minecraft:iron_boots":4,"minecraft:item_frame":1,"minecraft:bow":28,"minecraft:written_book":3,"quark:limestone_slab":1,"minecraft:furnace":7,"minecraft:cooked_cod":1,"tombstone:gift":3,"minecraft:cooked_beef":1,"minecraft:potato":1,"minecraft:knowledge_book":1045,"quark:sandstone_bricks":1,"farmersdelight:iron_knife":152,"minecraft:stone_pickaxe":125,"minecraft:wooden_pickaxe":20,"minecraft:sandstone":2,"minecraft:leather_boots":1,"quark:limestone_bricks_slab":2,"minecraft:mossy_cobblestone":1,"minecraft:sand":83,"minecraft:crafting_table":6,"minecraft:white_bed":1,"biomesoplenty:wildflower":1,"qualitycrops:potato_diamond":2,"qualitycrops:potato_gold":2,"minecraft:oak_log":2,"chococraft:gysahl_green_seeds":8,"minecraft:zombie_head":1,"born_in_chaos_v1:monster_flesh":1,"minecraft:bread":70,"minecraft:iron_pickaxe":159,"born_in_chaos_v1:black_argillite_brick_wall":1,"minecraft:stone_axe":3,"quark:sandstone_bricks_stairs":1,"born_in_chaos_v1:rotten_fish":1,"minecraft:cobblestone":29,"quark:spruce_ladder":2,"minecraft:bucket":6,"chococraft:gysahl_green":9,"alexsmobs:animal_dictionary":1,"minecraft:experience_bottle":2},"minecraft:killed":{"born_in_chaos_v1:zombie_clown":1,"minecraft:vex":1,"minecraft:cave_spider":4,"born_in_chaos_v1:restless_spirit":2,"born_in_chaos_v1:door_knight_not_despawn":1,"minecraft:spider":8,"born_in_chaos_v1:thornshell_crab":1,"born_in_chaos_v1:baby_skeleton_minion":6,"alexsmobs:rattlesnake":2,"born_in_chaos_v1:zombie_bruiser":1,"born_in_chaos_v1:maggot":36,"born_in_chaos_v1:scarlet_persecutor":2,"minecraft:skeleton":1,"minecraft:chicken":1,"born_in_chaos_v1:firelight_not_despawn":2,"minecraft:husk":65,"born_in_chaos_v1:bone_imp_minion":11,"born_in_chaos_v1:swarmer":1,"minecraft:bat":1,"born_in_chaos_v1:decrepit_skeleton":3,"born_in_chaos_v1:zombie_fisherman":1,"minecraft:zombie":7,"born_in_chaos_v1:dread_hound":3,"born_in_chaos_v1:corpse_fly":17,"born_in_chaos_v1:bonescaller_not_despawn":1,"minecraft:stray":6}},"DataVersion":3465}