{"stats":{"minecraft:broken":{"minecraft:stone_pickaxe":1,"minecraft:iron_sword":1},"minecraft:custom":{"lootr:looted_stat":44,"minecraft:mob_kills":188,"minecraft:inspect_hopper":3,"minecraft:interact_with_crafting_table":15,"minecraft:open_barrel":1,"minecraft:damage_dealt_resisted":530,"minecraft:leave_game":7,"minecraft:time_since_death":25921,"minecraft:climb_one_cm":13748,"minecraft:damage_resisted":72,"minecraft:sprint_one_cm":387844,"minecraft:walk_one_cm":460869,"minecraft:damage_blocked_by_shield":490,"minecraft:drop":30,"minecraft:damage_dealt_absorbed":70,"minecraft:target_hit":5,"minecraft:play_time":153062,"minecraft:deaths":5,"minecraft:sneak_time":6462,"minecraft:walk_under_water_one_cm":7611,"minecraft:jump":1697,"minecraft:walk_on_water_one_cm":13533,"minecraft:total_world_time":153062,"minecraft:interact_with_furnace":18,"minecraft:sleep_in_bed":3,"minecraft:time_since_rest":25667,"minecraft:waystone_activated":2,"minecraft:damage_taken":3994,"minecraft:damage_dealt":11475,"minecraft:swim_one_cm":19766,"minecraft:fly_one_cm":368151,"minecraft:open_chest":6,"minecraft:crouch_one_cm":10550,"tombstone:undead_killed":70,"minecraft:fall_one_cm":34166},"minecraft:dropped":{"tombstone:scroll_of_feather_fall":1,"qualitycrops:potato_gold":2,"minecraft:knowledge_book":8,"chococraft:gysahl_green_seeds":3,"qualitycrops:wheat_diamond":1,"tombstone:scroll_of_mercy":1,"minecraft:coal":2,"tombstone:magic_scroll":1,"minecraft:sand":1,"minecraft:iron_shovel":1,"minecraft:string":14,"minecraft:stone_axe":2,"born_in_chaos_v1:fire_dust":4,"minecraft:rotten_flesh":12,"minecraft:gunpowder":18,"minecraft:spider_eye":1},"minecraft:mined":{"minecraft:mossy_cobblestone":1,"minecraft:sandstone":2,"minecraft:spawner":1,"minecraft:furnace":4,"minecraft:iron_ore":50,"chococraft:gysahl_green":3,"minecraft:stone":51,"minecraft:acacia_leaves":1,"minecraft:smooth_sandstone":1,"minecraft:crafting_table":2,"minecraft:torch":7,"minecraft:cobblestone":4,"minecraft:wall_torch":9,"supplementaries:urn":3,"regions_unexplored:joshua_log":7,"minecraft:coal_ore":119,"minecraft:sand":83,"minecraft:dirt":2},"minecraft:picked_up":{"minecraft:crafting_table":2,"minecraft:iron_chestplate":1,"minecraft:enchanted_book":1,"minecraft:string":7,"qualitycrops:wheat_diamond":3,"minecraft:cooked_salmon":1,"minecraft:iron_shovel":1,"minecraft:experience_bottle":1,"qualitycrops:potato_gold":6,"minecraft:furnace":4,"minecraft:iron_boots":1,"minecraft:stick":1,"minecraft:raw_iron":55,"minecraft:sandstone":2,"qualitycrops:potato_iron":1,"minecraft:torch":19,"sophisticatedbackpacks:backpack":1,"tombstone:grave_dust":10,"minecraft:carrot":2,"qualitycrops:potato_diamond":3,"minecraft:arrow":13,"minecraft:rotten_flesh":72,"regions_unexplored:joshua_log":8,"alexsmobs:emu_egg":1,"wardrobe:jungle_boots":2,"born_in_chaos_v1:spiny_shell":10,"minecraft:saddle":1,"minecraft:obsidian":5,"minecraft:cobblestone":61,"born_in_chaos_v1:corpse_maggot":49,"minecraft:feather":38,"minecraft:salmon":1,"minecraft:potato":1,"paraglider:spirit_orb":2,"minecraft:gunpowder":12,"tombstone:gift":1,"minecraft:leather_boots":1,"minecraft:smooth_sandstone":1,"minecraft:bone":29,"chococraft:gysahl_green":10,"minecraft:iron_ingot":58,"minecraft:sand":85,"minecraft:amethyst_shard":22,"chococraft:gysahl_green_seeds":6,"minecraft:spider_eye":1,"minecraft:mossy_cobblestone":1,"tombstone:scroll_of_mercy":1,"minecraft:diamond":1,"born_in_chaos_v1:fire_dust":4,"minecraft:stone_axe":1,"tombstone:tablet_of_recall":1,"minecraft:iron_helmet":1,"alexsmobs:rattlesnake_rattle":1,"minecraft:golden_apple":1,"tombstone:magic_scroll":2,"born_in_chaos_v1:rotten_fish":1,"minecraft:coal":177},"minecraft:crafted":{"minecraft:furnace":2,"regions_unexplored:joshua_planks":32,"minecraft:iron_boots":2,"born_in_chaos_v1:fried_maggot":20,"minecraft:stone_pickaxe":1,"minecraft:coal_block":11,"minecraft:crafting_table":2,"minecraft:wooden_pickaxe":1,"minecraft:iron_helmet":2,"minecraft:stone_axe":1,"minecraft:air":0,"minecraft:iron_chestplate":2,"minecraft:shield":1,"minecraft:stick":24,"wardrobe:jungle_boots":1,"minecraft:iron_ingot":41,"minecraft:iron_pickaxe":2,"minecraft:stone_sword":1,"minecraft:iron_leggings":1,"minecraft:white_bed":1,"minecraft:torch":64},"minecraft:killed_by":{"minecraft:husk":4},"minecraft:used":{"alexsmobs:emu_egg":1,"minecraft:stone_sword":70,"minecraft:iron_shovel":81,"minecraft:shield":43,"minecraft:iron_sword":147,"born_in_chaos_v1:fried_maggot":17,"minecraft:cooked_salmon":1,"minecraft:rotten_flesh":10,"minecraft:torch":83,"born_in_chaos_v1:corpse_maggot":12,"qualitycrops:potato_iron":1,"minecraft:iron_boots":4,"minecraft:bow":6,"minecraft:furnace":6,"minecraft:cooked_cod":1,"tombstone:gift":3,"minecraft:potato":1,"minecraft:knowledge_book":485,"farmersdelight:iron_knife":18,"minecraft:stone_pickaxe":125,"minecraft:wooden_pickaxe":20,"minecraft:leather_boots":1,"minecraft:mossy_cobblestone":1,"minecraft:sand":83,"minecraft:crafting_table":4,"minecraft:white_bed":1,"qualitycrops:potato_diamond":2,"qualitycrops:potato_gold":2,"minecraft:bread":21,"minecraft:iron_pickaxe":97,"minecraft:stone_axe":3,"minecraft:cobblestone":29,"born_in_chaos_v1:rotten_fish":1,"chococraft:gysahl_green":9,"alexsmobs:animal_dictionary":1,"minecraft:experience_bottle":1},"minecraft:killed":{"minecraft:spider":1,"born_in_chaos_v1:thornshell_crab":1,"alexsmobs:rattlesnake":1,"born_in_chaos_v1:maggot":35,"minecraft:skeleton":1,"minecraft:chicken":1,"born_in_chaos_v1:firelight_not_despawn":2,"minecraft:husk":65,"born_in_chaos_v1:swarmer":1,"minecraft:bat":1,"born_in_chaos_v1:zombie_fisherman":1,"minecraft:zombie":2,"born_in_chaos_v1:corpse_fly":17}},"DataVersion":3465}