{"stats":{"minecraft:used":{"minecraft:knowledge_book":234,"minecraft:stone_sword":70,"minecraft:stone_pickaxe":125,"minecraft:shield":6,"minecraft:wooden_pickaxe":20,"minecraft:iron_sword":7,"minecraft:cooked_salmon":1,"born_in_chaos_v1:fried_maggot":17,"minecraft:rotten_flesh":10,"minecraft:torch":45,"minecraft:mossy_cobblestone":1,"minecraft:sand":2,"minecraft:crafting_table":4,"born_in_chaos_v1:corpse_maggot":12,"minecraft:bread":2,"minecraft:iron_pickaxe":94,"minecraft:stone_axe":3,"minecraft:cobblestone":24,"born_in_chaos_v1:rotten_fish":1,"minecraft:furnace":4,"minecraft:cooked_cod":1,"alexsmobs:animal_dictionary":1,"chococraft:gysahl_green":9,"minecraft:experience_bottle":1},"minecraft:picked_up":{"born_in_chaos_v1:corpse_maggot":34,"minecraft:crafting_table":2,"minecraft:feather":18,"minecraft:salmon":1,"paraglider:spirit_orb":2,"minecraft:cooked_salmon":1,"minecraft:experience_bottle":1,"minecraft:bone":10,"chococraft:gysahl_green":10,"minecraft:iron_ingot":13,"minecraft:furnace":4,"minecraft:stick":1,"minecraft:raw_iron":50,"minecraft:torch":11,"minecraft:sand":2,"minecraft:amethyst_shard":11,"chococraft:gysahl_green_seeds":3,"tombstone:grave_dust":1,"minecraft:spider_eye":1,"minecraft:mossy_cobblestone":1,"tombstone:scroll_of_mercy":1,"minecraft:arrow":5,"minecraft:rotten_flesh":4,"born_in_chaos_v1:fire_dust":2,"regions_unexplored:joshua_log":8,"minecraft:stone_axe":1,"born_in_chaos_v1:spiny_shell":5,"tombstone:magic_scroll":1,"born_in_chaos_v1:rotten_fish":1,"minecraft:coal":175,"minecraft:cobblestone":61},"minecraft:custom":{"lootr:looted_stat":31,"minecraft:interact_with_furnace":17,"minecraft:mob_kills":61,"minecraft:interact_with_crafting_table":13,"minecraft:open_barrel":1,"minecraft:damage_dealt_resisted":50,"minecraft:leave_game":2,"minecraft:time_since_death":76651,"minecraft:sleep_in_bed":1,"minecraft:climb_one_cm":5914,"minecraft:time_since_rest":8666,"minecraft:waystone_activated":2,"minecraft:sprint_one_cm":221247,"minecraft:damage_taken":1169,"minecraft:walk_one_cm":282275,"minecraft:damage_blocked_by_shield":165,"minecraft:drop":6,"minecraft:damage_dealt":3451,"minecraft:swim_one_cm":19766,"minecraft:fly_one_cm":200850,"minecraft:crouch_one_cm":5426,"minecraft:play_time":76651,"tombstone:undead_killed":5,"minecraft:sneak_time":2523,"minecraft:walk_under_water_one_cm":7611,"minecraft:jump":1052,"minecraft:walk_on_water_one_cm":13496,"minecraft:total_world_time":76651,"minecraft:fall_one_cm":15653},"minecraft:killed":{"born_in_chaos_v1:swarmer":1,"minecraft:spider":1,"minecraft:bat":1,"born_in_chaos_v1:thornshell_crab":1,"born_in_chaos_v1:maggot":6,"minecraft:skeleton":1,"born_in_chaos_v1:zombie_fisherman":1,"minecraft:zombie":2,"born_in_chaos_v1:corpse_fly":17,"born_in_chaos_v1:firelight_not_despawn":2},"minecraft:dropped":{"tombstone:scroll_of_feather_fall":1,"minecraft:stone_axe":1,"minecraft:rotten_flesh":1,"tombstone:scroll_of_mercy":1,"tombstone:magic_scroll":1,"minecraft:spider_eye":1},"minecraft:mined":{"minecraft:acacia_leaves":1,"minecraft:mossy_cobblestone":1,"minecraft:crafting_table":2,"minecraft:torch":2,"minecraft:cobblestone":4,"minecraft:wall_torch":5,"minecraft:spawner":1,"supplementaries:urn":3,"minecraft:furnace":4,"minecraft:iron_ore":50,"regions_unexplored:joshua_log":7,"chococraft:gysahl_green":3,"minecraft:coal_ore":119,"minecraft:sand":2,"minecraft:dirt":2,"minecraft:stone":51},"minecraft:broken":{"minecraft:stone_pickaxe":1},"minecraft:crafted":{"minecraft:coal_block":8,"minecraft:crafting_table":2,"minecraft:wooden_pickaxe":1,"minecraft:iron_helmet":1,"minecraft:furnace":2,"minecraft:stone_axe":1,"minecraft:air":0,"regions_unexplored:joshua_planks":32,"minecraft:iron_chestplate":1,"minecraft:iron_boots":1,"minecraft:shield":1,"born_in_chaos_v1:fried_maggot":20,"minecraft:stick":20,"minecraft:iron_pickaxe":2,"minecraft:iron_ingot":41,"minecraft:stone_pickaxe":1,"minecraft:stone_sword":1,"minecraft:iron_leggings":1,"minecraft:white_bed":1,"minecraft:torch":48}},"DataVersion":3465}