{"stats":{"minecraft:custom":{"minecraft:mob_kills":68,"minecraft:interact_with_anvil":1,"minecraft:interact_with_crafting_table":27,"minecraft:open_barrel":25,"minecraft:damage_dealt_resisted":144,"minecraft:leave_game":9,"minecraft:time_since_death":105511,"minecraft:climb_one_cm":3540,"minecraft:sprint_one_cm":217845,"minecraft:walk_one_cm":351180,"minecraft:damage_blocked_by_shield":935,"minecraft:drop":21,"minecraft:damage_dealt_absorbed":120,"minecraft:talked_to_villager":1,"minecraft:play_time":123653,"minecraft:sneak_time":12201,"minecraft:deaths":1,"minecraft:walk_under_water_one_cm":19904,"minecraft:jump":1563,"minecraft:walk_on_water_one_cm":22031,"minecraft:total_world_time":123653,"minecraft:interact_with_furnace":37,"tombstone:raider_killed":3,"minecraft:interact_with_grindstone":1,"minecraft:time_since_rest":103112,"minecraft:damage_taken":1826,"minecraft:trigger_trapped_chest":1,"minecraft:damage_dealt":10921,"tombstone:cast_on_ally":0,"minecraft:swim_one_cm":28140,"minecraft:fly_one_cm":166810,"minecraft:open_chest":21,"minecraft:crouch_one_cm":27480,"tombstone:undead_killed":49,"minecraft:fall_one_cm":28398},"minecraft:broken":{"minecraft:stone_pickaxe":1,"minecraft:stone_axe":1,"minecraft:iron_pickaxe":1},"minecraft:picked_up":{"aquaculture:catfish":1,"minecraft:enchanted_book":2,"minecraft:string":5,"minecraft:raw_copper":14,"minecraft:zombie_head":2,"minecraft:gold_nugget":45,"minecraft:cobbled_deepslate":77,"minecraft:cobblestone_slab":2,"minecraft:iron_nugget":39,"tombstone:tablet_of_assistance":1,"minecraft:iron_boots":2,"tombstone:scroll_of_lightning_resistance":1,"minecraft:raw_iron":141,"minecraft:stick":11,"minecraft:torch":27,"aquaculture:perch":1,"tombstone:grave_dust":7,"minecraft:diorite":2,"minecraft:carrot":1,"minecraft:arrow":19,"minecraft:rotten_flesh":30,"create:ochrum":6,"minecraft:hay_block":2,"supplementaries:antique_ink":3,"minecraft:gold_ingot":3,"create:veridium":68,"tombstone:essence_of_undeath":1,"supplementaries:ash":52,"minecraft:mutton":6,"minecraft:cobblestone":84,"minecraft:skeleton_skull":1,"minecraft:white_wool":4,"biomesoplenty:lavender":1,"minecraft:water_bucket":1,"minecraft:andesite":41,"biomesoplenty:fir_sapling":12,"biomesoplenty:fir_log":73,"paraglider:spirit_orb":6,"minecraft:flint":2,"minecraft:tuff":35,"create:raw_zinc":27,"minecraft:oak_log":10,"minecraft:dirt":3,"minecraft:lapis_lazuli":112,"minecraft:lantern":1,"minecraft:bone":29,"minecraft:bow":3,"minecraft:raw_gold":16,"minecraft:rabbit_hide":13,"minecraft:stone_pickaxe":1,"tombstone:bag_of_seeds":2,"aquaculture:minnow":1,"minecraft:glowstone_dust":1,"minecraft:moss_block":1,"tombstone:scroll_of_frost_resistance":1,"endrem:witch_pupil":1,"minecraft:smooth_basalt":1,"qualitycrops:mutton_gold":1,"minecraft:lava_bucket":1,"minecraft:gravel":9,"minecraft:spider_eye":1,"minecraft:mossy_cobblestone":6,"minecraft:bundle":1,"tombstone:scroll_of_true_sight":1,"minecraft:sugar":1,"minecraft:diamond":3,"minecraft:granite":5,"minecraft:golden_apple":1,"minecraft:golden_horse_armor":1,"minecraft:bread":16,"alexsmobs:moose_ribs":1,"minecraft:emerald":15,"tombstone:magic_scroll":5,"minecraft:oak_sapling":2,"minecraft:coal":121},"minecraft:crafted":{"minecraft:oak_planks":40,"minecraft:furnace":2,"minecraft:cooked_mutton":6,"minecraft:iron_boots":1,"minecraft:stone_pickaxe":1,"minecraft:wheat":18,"minecraft:crafting_table":4,"minecraft:wooden_pickaxe":1,"minecraft:baked_potato":5,"minecraft:iron_helmet":1,"minecraft:iron_sword":1,"qualitycrops:cooked_mutton_gold":1,"minecraft:stone_axe":1,"minecraft:bread":8,"minecraft:air":0,"biomesoplenty:fir_planks":12,"minecraft:iron_chestplate":1,"minecraft:shield":1,"minecraft:stick":36,"quark:oak_chest":1,"minecraft:iron_ingot":69,"minecraft:iron_pickaxe":3,"minecraft:iron_leggings":1,"minecraft:torch":124,"minecraft:lapis_block":12},"minecraft:dropped":{"minecraft:water_bucket":1,"aquaculture:minnow":1,"minecraft:granite":1,"biomesoplenty:fir_sapling":12,"minecraft:lava_bucket":1,"minecraft:string":3,"minecraft:cobbled_deepslate":4,"minecraft:raw_copper":14,"minecraft:tuff":2,"minecraft:rotten_flesh":8,"minecraft:iron_boots":1,"minecraft:andesite":18,"minecraft:oak_sapling":2,"minecraft:spider_eye":1,"minecraft:bow":1,"minecraft:stone_pickaxe":1},"minecraft:mined":{"create:zinc_ore":27,"minecraft:tuff":36,"minecraft:mossy_cobblestone":6,"minecraft:deepslate_diamond_ore":2,"minecraft:granite":5,"minecraft:grass_block":2,"create:ochrum":1,"minecraft:moss_block":1,"minecraft:spawner":3,"minecraft:hay_block":2,"minecraft:iron_ore":85,"minecraft:cobbled_deepslate":4,"biomesoplenty:lavender":1,"minecraft:andesite":22,"minecraft:deepslate_lapis_ore":16,"minecraft:sculk_shrieker":1,"supplementaries:stick":1,"minecraft:deepslate_iron_ore":41,"minecraft:cobblestone_slab":2,"minecraft:stone":81,"create:veridium":68,"minecraft:torch":3,"minecraft:sculk_sensor":2,"minecraft:cobblestone":11,"minecraft:deepslate_gold_ore":16,"minecraft:diorite":2,"minecraft:wall_torch":7,"minecraft:skeleton_skull":1,"supplementaries:urn":24,"biomesoplenty:fir_log":75,"minecraft:grass":4,"minecraft:oak_log":10,"minecraft:coal_ore":64,"quark:monster_box":1,"minecraft:gravel":8,"minecraft:dirt":2,"minecraft:polished_andesite":1,"minecraft:deepslate":93},"minecraft:used":{"minecraft:moss_block":1,"minecraft:shield":28,"minecraft:iron_sword":157,"minecraft:rotten_flesh":22,"minecraft:stick":1,"minecraft:torch":147,"minecraft:dirt":3,"alexsmobs:moose_ribs":1,"minecraft:tuff":33,"minecraft:granite":2,"minecraft:lava_bucket":3,"minecraft:lantern":1,"minecraft:iron_helmet":1,"minecraft:iron_boots":1,"aquaculture:catfish":1,"minecraft:smooth_basalt":1,"minecraft:bow":16,"minecraft:furnace":2,"tombstone:gift":2,"minecraft:skeleton_skull":1,"minecraft:cobbled_deepslate":31,"minecraft:iron_leggings":1,"minecraft:cooked_mutton":3,"minecraft:water_bucket":3,"minecraft:stone_pickaxe":133,"minecraft:baked_potato":5,"minecraft:oak_planks":1,"minecraft:wooden_pickaxe":30,"biomesoplenty:lavender":1,"minecraft:cobblestone_slab":2,"minecraft:mossy_cobblestone":6,"minecraft:crafting_table":4,"minecraft:apple":4,"minecraft:bread":19,"minecraft:iron_pickaxe":437,"minecraft:gravel":9,"minecraft:stone_axe":114,"minecraft:cobblestone":43,"minecraft:andesite":23,"minecraft:bucket":7,"quark:oak_chest":1,"alexsmobs:animal_dictionary":1,"aquaculture:perch":1},"minecraft:killed":{"minecraft:cave_spider":3,"minecraft:witch":3,"minecraft:spider":4,"aquaculture:catfish":1,"minecraft:skeleton":14,"aquaculture:perch":1,"minecraft:sheep":4,"aquaculture:minnow":1,"minecraft:zombie":35,"minecraft:enderman":1}},"DataVersion":3465}