{"stats":{"minecraft:custom":{"minecraft:interact_with_furnace":11,"minecraft:interact_with_anvil":1,"minecraft:mob_kills":12,"minecraft:interact_with_crafting_table":13,"minecraft:open_barrel":16,"minecraft:interact_with_grindstone":1,"minecraft:leave_game":9,"minecraft:time_since_death":15511,"minecraft:climb_one_cm":2881,"minecraft:time_since_rest":13112,"minecraft:sprint_one_cm":78160,"minecraft:damage_taken":615,"minecraft:walk_one_cm":108480,"minecraft:trigger_trapped_chest":1,"minecraft:drop":4,"minecraft:damage_dealt":1095,"minecraft:talked_to_villager":1,"minecraft:swim_one_cm":28140,"minecraft:fly_one_cm":66030,"minecraft:open_chest":7,"minecraft:crouch_one_cm":7345,"minecraft:play_time":33653,"tombstone:undead_killed":4,"minecraft:deaths":1,"minecraft:sneak_time":2608,"minecraft:walk_under_water_one_cm":11474,"minecraft:jump":517,"minecraft:walk_on_water_one_cm":13693,"minecraft:total_world_time":33653,"minecraft:fall_one_cm":14832},"minecraft:picked_up":{"biomesoplenty:lavender":1,"aquaculture:catfish":1,"minecraft:andesite":11,"biomesoplenty:fir_sapling":12,"biomesoplenty:fir_log":73,"paraglider:spirit_orb":2,"minecraft:flint":1,"create:raw_zinc":11,"minecraft:oak_log":10,"minecraft:string":2,"minecraft:dirt":3,"minecraft:lantern":1,"minecraft:bone":1,"minecraft:cobbled_deepslate":6,"minecraft:cobblestone_slab":2,"aquaculture:minnow":1,"minecraft:moss_block":1,"minecraft:stick":8,"minecraft:raw_iron":7,"qualitycrops:mutton_gold":1,"minecraft:torch":6,"aquaculture:perch":1,"minecraft:gravel":4,"minecraft:mossy_cobblestone":6,"minecraft:arrow":1,"minecraft:hay_block":2,"minecraft:granite":1,"alexsmobs:moose_ribs":1,"tombstone:magic_scroll":1,"minecraft:oak_sapling":2,"minecraft:mutton":6,"minecraft:coal":28,"minecraft:skeleton_skull":1,"minecraft:white_wool":4,"minecraft:cobblestone":31},"minecraft:crafted":{"minecraft:oak_planks":40,"minecraft:crafting_table":2,"minecraft:wooden_pickaxe":1,"minecraft:furnace":1,"minecraft:stone_axe":1,"minecraft:cooked_mutton":6,"minecraft:bread":7,"minecraft:air":0,"minecraft:stick":12,"minecraft:stone_pickaxe":1,"minecraft:iron_ingot":6,"minecraft:iron_pickaxe":1,"minecraft:torch":48,"minecraft:wheat":18},"minecraft:dropped":{"aquaculture:minnow":1,"minecraft:granite":1,"biomesoplenty:fir_sapling":12,"minecraft:oak_sapling":2},"minecraft:mined":{"create:zinc_ore":11,"minecraft:mossy_cobblestone":6,"minecraft:torch":1,"minecraft:granite":1,"minecraft:grass_block":2,"minecraft:cobblestone":6,"minecraft:moss_block":1,"minecraft:wall_torch":4,"minecraft:spawner":1,"minecraft:skeleton_skull":1,"minecraft:hay_block":2,"minecraft:iron_ore":4,"biomesoplenty:lavender":1,"minecraft:andesite":11,"biomesoplenty:fir_log":75,"minecraft:grass":4,"minecraft:cobblestone_slab":2,"minecraft:coal_ore":28,"minecraft:oak_log":10,"minecraft:deepslate_iron_ore":3,"minecraft:gravel":2,"minecraft:dirt":1,"minecraft:stone":29,"minecraft:deepslate":6},"minecraft:used":{"minecraft:moss_block":1,"minecraft:stone_pickaxe":71,"minecraft:wooden_pickaxe":30,"biomesoplenty:lavender":1,"minecraft:cobblestone_slab":2,"minecraft:torch":22,"minecraft:mossy_cobblestone":6,"minecraft:crafting_table":2,"alexsmobs:moose_ribs":1,"minecraft:apple":4,"minecraft:lantern":1,"minecraft:bread":4,"minecraft:iron_pickaxe":12,"aquaculture:catfish":1,"minecraft:gravel":4,"minecraft:stone_axe":105,"minecraft:cobblestone":12,"minecraft:furnace":1,"minecraft:andesite":9,"minecraft:cobbled_deepslate":3,"aquaculture:perch":1},"minecraft:killed":{"minecraft:spider":1,"aquaculture:catfish":1,"minecraft:sheep":4,"minecraft:skeleton":3,"aquaculture:minnow":1,"minecraft:zombie":1,"aquaculture:perch":1}},"DataVersion":3465}