{"stats":{"minecraft:custom":{"minecraft:mob_kills":44,"minecraft:interact_with_anvil":1,"minecraft:interact_with_crafting_table":26,"minecraft:open_barrel":24,"minecraft:leave_game":9,"minecraft:time_since_death":75511,"minecraft:climb_one_cm":3540,"minecraft:sprint_one_cm":148812,"minecraft:walk_one_cm":277283,"minecraft:damage_blocked_by_shield":700,"minecraft:drop":8,"minecraft:damage_dealt_absorbed":40,"minecraft:talked_to_villager":1,"minecraft:play_time":93653,"minecraft:sneak_time":7509,"minecraft:deaths":1,"minecraft:walk_under_water_one_cm":19486,"minecraft:jump":1169,"minecraft:walk_on_water_one_cm":18135,"minecraft:total_world_time":93653,"minecraft:interact_with_furnace":37,"minecraft:interact_with_grindstone":1,"minecraft:time_since_rest":73112,"minecraft:damage_taken":1235,"minecraft:trigger_trapped_chest":1,"minecraft:damage_dealt":7155,"tombstone:cast_on_ally":0,"minecraft:swim_one_cm":28140,"minecraft:fly_one_cm":117433,"minecraft:open_chest":17,"minecraft:crouch_one_cm":17845,"tombstone:undead_killed":34,"minecraft:fall_one_cm":23676},"minecraft:broken":{"minecraft:stone_pickaxe":1,"minecraft:stone_axe":1,"minecraft:iron_pickaxe":1},"minecraft:picked_up":{"aquaculture:catfish":1,"minecraft:enchanted_book":1,"minecraft:string":2,"minecraft:gold_nugget":8,"minecraft:cobbled_deepslate":9,"minecraft:cobblestone_slab":2,"minecraft:iron_boots":1,"minecraft:raw_iron":96,"minecraft:stick":9,"minecraft:torch":24,"aquaculture:perch":1,"tombstone:grave_dust":6,"minecraft:diorite":2,"minecraft:carrot":1,"minecraft:arrow":14,"minecraft:rotten_flesh":19,"create:ochrum":6,"minecraft:hay_block":2,"supplementaries:antique_ink":3,"create:veridium":68,"tombstone:essence_of_undeath":1,"supplementaries:ash":27,"minecraft:mutton":6,"minecraft:cobblestone":84,"minecraft:skeleton_skull":1,"minecraft:white_wool":4,"biomesoplenty:lavender":1,"minecraft:andesite":41,"biomesoplenty:fir_sapling":12,"biomesoplenty:fir_log":73,"paraglider:spirit_orb":6,"minecraft:flint":2,"minecraft:tuff":35,"create:raw_zinc":27,"minecraft:oak_log":10,"minecraft:dirt":3,"minecraft:lapis_lazuli":89,"minecraft:lantern":1,"minecraft:bone":18,"minecraft:bow":1,"minecraft:stone_pickaxe":1,"aquaculture:minnow":1,"minecraft:moss_block":1,"tombstone:scroll_of_frost_resistance":1,"minecraft:smooth_basalt":1,"qualitycrops:mutton_gold":1,"minecraft:gravel":9,"minecraft:mossy_cobblestone":6,"minecraft:bundle":1,"tombstone:scroll_of_true_sight":1,"minecraft:diamond":2,"minecraft:granite":5,"alexsmobs:moose_ribs":1,"minecraft:emerald":4,"tombstone:magic_scroll":3,"minecraft:oak_sapling":2,"minecraft:coal":64},"minecraft:crafted":{"minecraft:oak_planks":40,"minecraft:furnace":2,"minecraft:cooked_mutton":6,"minecraft:iron_boots":1,"minecraft:stone_pickaxe":1,"minecraft:wheat":18,"minecraft:crafting_table":3,"minecraft:wooden_pickaxe":1,"minecraft:baked_potato":5,"minecraft:iron_helmet":1,"minecraft:iron_sword":1,"qualitycrops:cooked_mutton_gold":1,"minecraft:stone_axe":1,"minecraft:bread":8,"minecraft:air":0,"biomesoplenty:fir_planks":4,"minecraft:iron_chestplate":1,"minecraft:shield":1,"minecraft:stick":28,"quark:oak_chest":1,"minecraft:iron_ingot":69,"minecraft:iron_pickaxe":3,"minecraft:iron_leggings":1,"minecraft:torch":92},"minecraft:dropped":{"aquaculture:minnow":1,"minecraft:granite":1,"biomesoplenty:fir_sapling":12,"minecraft:tuff":2,"minecraft:andesite":18,"minecraft:oak_sapling":2,"minecraft:stone_pickaxe":1},"minecraft:mined":{"create:zinc_ore":27,"minecraft:tuff":33,"minecraft:mossy_cobblestone":6,"minecraft:deepslate_diamond_ore":2,"minecraft:granite":5,"minecraft:grass_block":2,"create:ochrum":1,"minecraft:moss_block":1,"minecraft:spawner":3,"minecraft:hay_block":2,"minecraft:iron_ore":83,"biomesoplenty:lavender":1,"minecraft:andesite":22,"minecraft:deepslate_lapis_ore":13,"minecraft:sculk_shrieker":1,"supplementaries:stick":1,"minecraft:deepslate_iron_ore":13,"minecraft:cobblestone_slab":2,"minecraft:stone":81,"create:veridium":68,"minecraft:torch":3,"minecraft:sculk_sensor":2,"minecraft:cobblestone":11,"minecraft:diorite":2,"minecraft:wall_torch":7,"minecraft:skeleton_skull":1,"supplementaries:urn":10,"biomesoplenty:fir_log":75,"minecraft:grass":4,"minecraft:oak_log":10,"minecraft:coal_ore":64,"minecraft:gravel":8,"minecraft:dirt":2,"minecraft:polished_andesite":1,"minecraft:deepslate":10},"minecraft:used":{"minecraft:moss_block":1,"minecraft:shield":24,"minecraft:iron_sword":86,"minecraft:rotten_flesh":17,"minecraft:stick":1,"minecraft:torch":87,"minecraft:dirt":3,"alexsmobs:moose_ribs":1,"minecraft:tuff":33,"minecraft:granite":2,"minecraft:lantern":1,"minecraft:iron_helmet":1,"minecraft:iron_boots":1,"aquaculture:catfish":1,"minecraft:smooth_basalt":1,"minecraft:furnace":2,"tombstone:gift":2,"minecraft:skeleton_skull":1,"minecraft:cobbled_deepslate":3,"minecraft:iron_leggings":1,"minecraft:cooked_mutton":2,"minecraft:water_bucket":2,"minecraft:stone_pickaxe":133,"minecraft:baked_potato":5,"minecraft:oak_planks":1,"minecraft:wooden_pickaxe":30,"biomesoplenty:lavender":1,"minecraft:cobblestone_slab":2,"minecraft:mossy_cobblestone":6,"minecraft:crafting_table":3,"minecraft:apple":4,"minecraft:bread":7,"minecraft:iron_pickaxe":295,"minecraft:gravel":9,"minecraft:stone_axe":114,"minecraft:cobblestone":24,"minecraft:andesite":23,"minecraft:bucket":4,"quark:oak_chest":1,"alexsmobs:animal_dictionary":1,"aquaculture:perch":1},"minecraft:killed":{"minecraft:spider":2,"aquaculture:catfish":1,"minecraft:skeleton":12,"aquaculture:perch":1,"minecraft:sheep":4,"aquaculture:minnow":1,"minecraft:zombie":22,"minecraft:enderman":1}},"DataVersion":3465}