{"stats":{"minecraft:broken":{"minecraft:stone_pickaxe":1},"minecraft:custom":{"lootr:looted_stat":44,"minecraft:interact_with_furnace":18,"minecraft:mob_kills":152,"minecraft:interact_with_crafting_table":15,"minecraft:open_barrel":1,"minecraft:damage_dealt_resisted":410,"minecraft:leave_game":7,"minecraft:time_since_death":1921,"minecraft:sleep_in_bed":3,"minecraft:climb_one_cm":13748,"minecraft:damage_resisted":68,"minecraft:time_since_rest":1667,"minecraft:waystone_activated":2,"minecraft:sprint_one_cm":335680,"minecraft:damage_taken":3518,"minecraft:walk_one_cm":390636,"minecraft:damage_blocked_by_shield":465,"minecraft:drop":30,"minecraft:damage_dealt":7542,"minecraft:swim_one_cm":19766,"minecraft:fly_one_cm":354382,"minecraft:crouch_one_cm":8352,"minecraft:play_time":129062,"tombstone:undead_killed":51,"minecraft:deaths":5,"minecraft:sneak_time":5432,"minecraft:walk_under_water_one_cm":7611,"minecraft:jump":1594,"minecraft:walk_on_water_one_cm":13533,"minecraft:total_world_time":129062,"minecraft:fall_one_cm":30096},"minecraft:dropped":{"qualitycrops:potato_gold":2,"minecraft:stone_axe":2,"born_in_chaos_v1:fire_dust":4,"minecraft:knowledge_book":8,"minecraft:rotten_flesh":12,"chococraft:gysahl_green_seeds":3,"qualitycrops:wheat_diamond":1,"tombstone:scroll_of_mercy":1,"minecraft:coal":2,"minecraft:gunpowder":18,"tombstone:magic_scroll":1,"minecraft:sand":1,"minecraft:spider_eye":1,"minecraft:iron_shovel":1,"minecraft:string":14,"tombstone:scroll_of_feather_fall":1},"minecraft:mined":{"minecraft:acacia_leaves":1,"minecraft:mossy_cobblestone":1,"minecraft:crafting_table":2,"minecraft:torch":4,"minecraft:cobblestone":4,"minecraft:wall_torch":9,"minecraft:spawner":1,"supplementaries:urn":3,"minecraft:furnace":4,"minecraft:iron_ore":50,"regions_unexplored:joshua_log":7,"chococraft:gysahl_green":3,"minecraft:coal_ore":119,"minecraft:sand":83,"minecraft:dirt":2,"minecraft:stone":51},"minecraft:picked_up":{"born_in_chaos_v1:corpse_maggot":41,"minecraft:iron_chestplate":1,"minecraft:crafting_table":2,"minecraft:feather":38,"minecraft:salmon":1,"minecraft:potato":1,"minecraft:enchanted_book":1,"paraglider:spirit_orb":2,"minecraft:gunpowder":12,"qualitycrops:wheat_diamond":3,"minecraft:string":7,"tombstone:gift":1,"minecraft:cooked_salmon":1,"minecraft:bone":29,"minecraft:iron_shovel":1,"minecraft:experience_bottle":1,"chococraft:gysahl_green":10,"qualitycrops:potato_gold":6,"minecraft:iron_ingot":58,"minecraft:iron_boots":1,"minecraft:furnace":4,"minecraft:raw_iron":55,"minecraft:stick":1,"qualitycrops:potato_iron":1,"minecraft:torch":16,"minecraft:sand":85,"minecraft:amethyst_shard":22,"chococraft:gysahl_green_seeds":6,"tombstone:grave_dust":3,"minecraft:spider_eye":1,"minecraft:mossy_cobblestone":1,"tombstone:scroll_of_mercy":1,"qualitycrops:potato_diamond":3,"minecraft:arrow":13,"minecraft:rotten_flesh":37,"born_in_chaos_v1:fire_dust":4,"minecraft:diamond":1,"regions_unexplored:joshua_log":8,"minecraft:stone_axe":1,"tombstone:tablet_of_recall":1,"minecraft:iron_helmet":1,"alexsmobs:rattlesnake_rattle":1,"minecraft:golden_apple":1,"alexsmobs:emu_egg":1,"minecraft:saddle":1,"born_in_chaos_v1:spiny_shell":10,"tombstone:magic_scroll":2,"born_in_chaos_v1:rotten_fish":1,"minecraft:obsidian":5,"minecraft:coal":177,"minecraft:cobblestone":61},"minecraft:crafted":{"minecraft:coal_block":11,"minecraft:crafting_table":2,"minecraft:wooden_pickaxe":1,"minecraft:iron_helmet":2,"minecraft:furnace":2,"minecraft:stone_axe":1,"minecraft:air":0,"regions_unexplored:joshua_planks":32,"minecraft:iron_chestplate":2,"minecraft:iron_boots":2,"minecraft:shield":1,"born_in_chaos_v1:fried_maggot":20,"minecraft:stick":24,"minecraft:iron_ingot":41,"minecraft:iron_pickaxe":2,"minecraft:stone_pickaxe":1,"minecraft:stone_sword":1,"minecraft:iron_leggings":1,"minecraft:white_bed":1,"minecraft:torch":64},"minecraft:killed_by":{"minecraft:husk":4},"minecraft:used":{"minecraft:knowledge_book":458,"farmersdelight:iron_knife":3,"minecraft:stone_sword":70,"minecraft:iron_shovel":81,"minecraft:stone_pickaxe":125,"minecraft:shield":40,"minecraft:wooden_pickaxe":20,"minecraft:iron_sword":76,"minecraft:cooked_salmon":1,"born_in_chaos_v1:fried_maggot":17,"minecraft:rotten_flesh":10,"minecraft:torch":70,"minecraft:mossy_cobblestone":1,"minecraft:sand":83,"minecraft:crafting_table":4,"minecraft:white_bed":1,"qualitycrops:potato_diamond":2,"qualitycrops:potato_gold":2,"born_in_chaos_v1:corpse_maggot":12,"qualitycrops:potato_iron":1,"minecraft:bread":11,"minecraft:iron_pickaxe":94,"minecraft:iron_boots":3,"minecraft:stone_axe":3,"born_in_chaos_v1:rotten_fish":1,"minecraft:cobblestone":24,"minecraft:furnace":6,"minecraft:cooked_cod":1,"tombstone:gift":2,"alexsmobs:animal_dictionary":1,"chococraft:gysahl_green":9,"minecraft:experience_bottle":1,"alexsmobs:emu_egg":1},"minecraft:killed":{"minecraft:husk":46,"born_in_chaos_v1:swarmer":1,"minecraft:spider":1,"minecraft:bat":1,"born_in_chaos_v1:thornshell_crab":1,"alexsmobs:rattlesnake":1,"born_in_chaos_v1:maggot":18,"minecraft:skeleton":1,"born_in_chaos_v1:zombie_fisherman":1,"minecraft:zombie":2,"minecraft:chicken":1,"born_in_chaos_v1:corpse_fly":17,"born_in_chaos_v1:firelight_not_despawn":2}},"DataVersion":3465}