{"stats":{"minecraft:used":{"minecraft:knowledge_book":134,"born_in_chaos_v1:corpse_maggot":12,"minecraft:stone_sword":17,"minecraft:stone_pickaxe":125,"minecraft:iron_pickaxe":28,"minecraft:shield":6,"minecraft:wooden_pickaxe":12,"minecraft:rotten_flesh":4,"minecraft:torch":22,"minecraft:mossy_cobblestone":1,"minecraft:cobblestone":16,"born_in_chaos_v1:rotten_fish":1,"minecraft:crafting_table":2,"alexsmobs:animal_dictionary":1,"chococraft:gysahl_green":9},"minecraft:picked_up":{"born_in_chaos_v1:corpse_maggot":14,"minecraft:stick":1,"minecraft:raw_iron":22,"minecraft:feather":11,"minecraft:salmon":1,"minecraft:torch":5,"paraglider:spirit_orb":2,"minecraft:sand":2,"minecraft:amethyst_shard":11,"chococraft:gysahl_green_seeds":3,"tombstone:grave_dust":1,"minecraft:spider_eye":1,"minecraft:mossy_cobblestone":1,"tombstone:scroll_of_mercy":1,"minecraft:rotten_flesh":2,"minecraft:bone":3,"minecraft:arrow":5,"chococraft:gysahl_green":10,"regions_unexplored:joshua_log":8,"minecraft:iron_ingot":4,"born_in_chaos_v1:spiny_shell":2,"born_in_chaos_v1:rotten_fish":1,"minecraft:crafting_table":1,"minecraft:coal":81,"minecraft:cobblestone":57},"minecraft:custom":{"minecraft:time_since_rest":29340,"lootr:looted_stat":2,"minecraft:sprint_one_cm":46720,"minecraft:damage_taken":795,"minecraft:walk_one_cm":111412,"minecraft:damage_blocked_by_shield":165,"minecraft:mob_kills":26,"minecraft:drop":1,"minecraft:damage_dealt":813,"minecraft:interact_with_crafting_table":4,"minecraft:swim_one_cm":8210,"minecraft:fly_one_cm":28822,"minecraft:crouch_one_cm":3632,"minecraft:play_time":29340,"tombstone:undead_killed":3,"minecraft:sneak_time":1683,"minecraft:walk_under_water_one_cm":3254,"minecraft:jump":259,"minecraft:time_since_death":29340,"minecraft:walk_on_water_one_cm":5967,"minecraft:total_world_time":29340,"minecraft:fall_one_cm":7844},"minecraft:dropped":{"minecraft:spider_eye":1},"minecraft:killed":{"minecraft:skeleton":1,"born_in_chaos_v1:zombie_fisherman":1,"minecraft:zombie":1,"born_in_chaos_v1:corpse_fly":2,"minecraft:spider":1,"born_in_chaos_v1:maggot":3},"minecraft:broken":{"minecraft:stone_pickaxe":1},"minecraft:mined":{"supplementaries:urn":2,"minecraft:mossy_cobblestone":1,"minecraft:iron_ore":22,"minecraft:crafting_table":1,"minecraft:torch":1,"chococraft:gysahl_green":3,"regions_unexplored:joshua_log":7,"minecraft:coal_ore":82,"minecraft:sand":2,"minecraft:cobblestone":4,"minecraft:stone":47,"minecraft:spawner":1},"minecraft:crafted":{"regions_unexplored:joshua_planks":32,"minecraft:shield":1,"minecraft:crafting_table":2,"minecraft:stick":12,"minecraft:iron_pickaxe":1,"minecraft:wooden_pickaxe":1,"minecraft:stone_pickaxe":1,"minecraft:stone_sword":1,"minecraft:torch":20}},"DataVersion":3465}