{"stats":{"minecraft:used":{"minecraft:crafting_table":1,"alexsmobs:moose_ribs":1,"minecraft:wooden_pickaxe":27,"biomesoplenty:lavender":1},"minecraft:picked_up":{"biomesoplenty:lavender":1,"minecraft:andesite":1,"minecraft:oak_log":5,"alexsmobs:moose_ribs":1,"minecraft:coal":16,"minecraft:cobblestone":10},"minecraft:crafted":{"minecraft:oak_planks":20,"minecraft:crafting_table":1,"minecraft:stick":4,"minecraft:wooden_pickaxe":1},"minecraft:custom":{"minecraft:open_barrel":1,"minecraft:time_since_rest":4376,"minecraft:crouch_one_cm":627,"minecraft:play_time":4376,"minecraft:sprint_one_cm":13810,"minecraft:damage_taken":30,"minecraft:walk_one_cm":14891,"minecraft:trigger_trapped_chest":1,"minecraft:sneak_time":368,"minecraft:walk_under_water_one_cm":1386,"minecraft:jump":44,"minecraft:interact_with_grindstone":1,"minecraft:leave_game":3,"minecraft:time_since_death":4376,"minecraft:walk_on_water_one_cm":698,"minecraft:total_world_time":4376,"minecraft:swim_one_cm":3760,"minecraft:interact_with_crafting_table":1,"minecraft:fall_one_cm":4310,"minecraft:fly_one_cm":7365},"minecraft:mined":{"minecraft:oak_log":5,"minecraft:coal_ore":16,"biomesoplenty:lavender":1,"minecraft:stone":10,"minecraft:andesite":1}},"DataVersion":3465}