{"stats":{"minecraft:custom":{"minecraft:interact_with_furnace":5,"minecraft:sprint_one_cm":22043,"minecraft:damage_taken":250,"minecraft:walk_one_cm":51853,"minecraft:trigger_trapped_chest":1,"minecraft:damage_dealt":45,"minecraft:swim_one_cm":3760,"minecraft:interact_with_crafting_table":7,"minecraft:fly_one_cm":13031,"minecraft:open_barrel":6,"minecraft:open_chest":2,"minecraft:crouch_one_cm":5485,"minecraft:play_time":14410,"minecraft:sneak_time":1807,"minecraft:walk_under_water_one_cm":2046,"minecraft:jump":185,"minecraft:interact_with_grindstone":1,"minecraft:leave_game":6,"minecraft:time_since_death":14410,"minecraft:walk_on_water_one_cm":4052,"minecraft:total_world_time":14410,"minecraft:climb_one_cm":1294,"minecraft:fall_one_cm":8799,"minecraft:time_since_rest":14410},"minecraft:picked_up":{"biomesoplenty:lavender":1,"minecraft:raw_iron":6,"minecraft:andesite":4,"minecraft:torch":6,"minecraft:gravel":4,"paraglider:spirit_orb":2,"minecraft:flint":1,"create:raw_zinc":11,"minecraft:oak_log":5,"minecraft:mossy_cobblestone":6,"minecraft:cobbled_deepslate":3,"alexsmobs:moose_ribs":1,"minecraft:moss_block":1,"minecraft:coal":22,"minecraft:skeleton_skull":1,"minecraft:cobblestone":23},"minecraft:crafted":{"minecraft:oak_planks":20,"minecraft:crafting_table":2,"minecraft:stick":12,"minecraft:wooden_pickaxe":1,"minecraft:iron_ingot":6,"minecraft:iron_pickaxe":1,"minecraft:stone_pickaxe":1,"minecraft:furnace":1,"minecraft:torch":16,"minecraft:bread":1,"minecraft:air":0},"minecraft:mined":{"minecraft:skeleton_skull":1,"create:zinc_ore":11,"minecraft:mossy_cobblestone":6,"minecraft:iron_ore":3,"biomesoplenty:lavender":1,"minecraft:andesite":4,"minecraft:torch":1,"minecraft:oak_log":5,"minecraft:coal_ore":22,"minecraft:deepslate_iron_ore":3,"minecraft:gravel":2,"minecraft:cobblestone":3,"minecraft:stone":21,"minecraft:moss_block":1,"minecraft:deepslate":3,"minecraft:wall_torch":4,"minecraft:spawner":1},"minecraft:used":{"minecraft:moss_block":1,"minecraft:bread":1,"minecraft:stone_pickaxe":40,"minecraft:iron_pickaxe":12,"minecraft:wooden_pickaxe":30,"biomesoplenty:lavender":1,"minecraft:gravel":4,"minecraft:torch":21,"minecraft:mossy_cobblestone":6,"minecraft:cobblestone":10,"minecraft:crafting_table":2,"alexsmobs:moose_ribs":1,"minecraft:furnace":1,"minecraft:andesite":1,"minecraft:cobbled_deepslate":2}},"DataVersion":3465}