{"stats":{"minecraft:custom":{"minecraft:interact_with_furnace":33,"minecraft:interact_with_anvil":1,"minecraft:mob_kills":17,"minecraft:interact_with_crafting_table":23,"minecraft:open_barrel":19,"minecraft:interact_with_grindstone":1,"minecraft:leave_game":9,"minecraft:time_since_death":51511,"minecraft:climb_one_cm":3540,"minecraft:time_since_rest":49112,"minecraft:sprint_one_cm":109919,"minecraft:damage_taken":740,"minecraft:walk_one_cm":197468,"minecraft:damage_blocked_by_shield":155,"minecraft:trigger_trapped_chest":1,"minecraft:drop":7,"minecraft:damage_dealt":2216,"minecraft:talked_to_villager":1,"minecraft:swim_one_cm":28140,"minecraft:fly_one_cm":83903,"minecraft:open_chest":10,"minecraft:crouch_one_cm":15624,"minecraft:play_time":69653,"tombstone:undead_killed":8,"minecraft:deaths":1,"minecraft:sneak_time":6520,"minecraft:walk_under_water_one_cm":13164,"minecraft:jump":906,"minecraft:walk_on_water_one_cm":17063,"minecraft:total_world_time":69653,"minecraft:fall_one_cm":20417},"minecraft:picked_up":{"biomesoplenty:lavender":1,"aquaculture:catfish":1,"minecraft:andesite":40,"minecraft:enchanted_book":1,"biomesoplenty:fir_sapling":12,"biomesoplenty:fir_log":73,"paraglider:spirit_orb":4,"minecraft:flint":2,"minecraft:tuff":33,"create:raw_zinc":27,"minecraft:oak_log":10,"minecraft:string":2,"minecraft:dirt":3,"minecraft:lantern":1,"minecraft:bone":5,"minecraft:cobbled_deepslate":6,"minecraft:stone_pickaxe":1,"minecraft:cobblestone_slab":2,"aquaculture:minnow":1,"minecraft:moss_block":1,"tombstone:scroll_of_frost_resistance":1,"minecraft:stick":9,"minecraft:raw_iron":81,"qualitycrops:mutton_gold":1,"minecraft:torch":14,"aquaculture:perch":1,"minecraft:gravel":9,"minecraft:diorite":2,"minecraft:mossy_cobblestone":6,"minecraft:arrow":1,"minecraft:rotten_flesh":1,"create:ochrum":6,"minecraft:hay_block":2,"minecraft:granite":5,"create:veridium":68,"alexsmobs:moose_ribs":1,"supplementaries:ash":19,"tombstone:magic_scroll":1,"minecraft:oak_sapling":2,"minecraft:mutton":6,"minecraft:coal":64,"minecraft:skeleton_skull":1,"minecraft:white_wool":4,"minecraft:cobblestone":83},"minecraft:broken":{"minecraft:stone_pickaxe":1,"minecraft:stone_axe":1,"minecraft:iron_pickaxe":1},"minecraft:crafted":{"minecraft:oak_planks":40,"minecraft:crafting_table":3,"minecraft:iron_helmet":1,"minecraft:baked_potato":5,"minecraft:wooden_pickaxe":1,"minecraft:iron_sword":1,"qualitycrops:cooked_mutton_gold":1,"minecraft:furnace":2,"minecraft:stone_axe":1,"minecraft:cooked_mutton":6,"minecraft:bread":8,"minecraft:air":0,"minecraft:iron_boots":1,"minecraft:iron_chestplate":1,"minecraft:shield":1,"quark:oak_chest":1,"minecraft:stick":16,"minecraft:stone_pickaxe":1,"minecraft:iron_ingot":40,"minecraft:iron_pickaxe":2,"minecraft:iron_leggings":1,"minecraft:torch":52,"minecraft:wheat":18},"minecraft:dropped":{"aquaculture:minnow":1,"minecraft:granite":1,"biomesoplenty:fir_sapling":12,"minecraft:andesite":18,"minecraft:oak_sapling":2,"minecraft:stone_pickaxe":1},"minecraft:mined":{"create:zinc_ore":27,"minecraft:tuff":33,"minecraft:mossy_cobblestone":6,"minecraft:torch":3,"minecraft:granite":5,"minecraft:grass_block":2,"create:ochrum":1,"minecraft:cobblestone":11,"minecraft:moss_block":1,"minecraft:diorite":2,"minecraft:wall_torch":7,"supplementaries:urn":3,"minecraft:spawner":2,"minecraft:skeleton_skull":1,"minecraft:hay_block":2,"minecraft:iron_ore":75,"biomesoplenty:lavender":1,"minecraft:andesite":22,"biomesoplenty:fir_log":75,"supplementaries:stick":1,"minecraft:grass":4,"minecraft:cobblestone_slab":2,"minecraft:coal_ore":64,"minecraft:oak_log":10,"minecraft:deepslate_iron_ore":6,"minecraft:gravel":8,"minecraft:dirt":2,"minecraft:polished_andesite":1,"create:veridium":68,"minecraft:stone":80,"minecraft:deepslate":6},"minecraft:used":{"minecraft:moss_block":1,"minecraft:water_bucket":2,"minecraft:stone_pickaxe":133,"minecraft:baked_potato":5,"minecraft:oak_planks":1,"minecraft:shield":6,"minecraft:wooden_pickaxe":30,"minecraft:iron_sword":6,"biomesoplenty:lavender":1,"minecraft:cobblestone_slab":2,"minecraft:rotten_flesh":1,"minecraft:stick":1,"minecraft:torch":61,"minecraft:mossy_cobblestone":6,"minecraft:dirt":3,"minecraft:crafting_table":3,"alexsmobs:moose_ribs":1,"minecraft:granite":2,"minecraft:apple":4,"minecraft:lantern":1,"minecraft:bread":4,"minecraft:iron_pickaxe":258,"minecraft:iron_helmet":1,"minecraft:iron_boots":1,"aquaculture:catfish":1,"minecraft:gravel":9,"minecraft:stone_axe":114,"minecraft:cobblestone":24,"minecraft:furnace":2,"minecraft:bucket":4,"minecraft:andesite":18,"quark:oak_chest":1,"alexsmobs:animal_dictionary":1,"minecraft:skeleton_skull":1,"minecraft:iron_leggings":1,"minecraft:cobbled_deepslate":3,"aquaculture:perch":1},"minecraft:killed":{"minecraft:spider":1,"aquaculture:catfish":1,"minecraft:sheep":4,"minecraft:skeleton":3,"aquaculture:minnow":1,"minecraft:zombie":5,"aquaculture:perch":1,"minecraft:enderman":1}},"DataVersion":3465}