{"stats":{"minecraft:custom":{"minecraft:interact_with_furnace":5,"minecraft:interact_with_crafting_table":8,"minecraft:open_barrel":6,"minecraft:interact_with_grindstone":1,"minecraft:leave_game":9,"minecraft:time_since_death":3511,"minecraft:climb_one_cm":1294,"minecraft:time_since_rest":1112,"minecraft:sprint_one_cm":41918,"minecraft:damage_taken":340,"minecraft:walk_one_cm":64436,"minecraft:trigger_trapped_chest":1,"minecraft:damage_dealt":45,"minecraft:swim_one_cm":11672,"minecraft:fly_one_cm":32864,"minecraft:open_chest":3,"minecraft:crouch_one_cm":6764,"minecraft:play_time":21653,"minecraft:deaths":1,"minecraft:sneak_time":2324,"minecraft:walk_under_water_one_cm":5367,"minecraft:jump":318,"minecraft:walk_on_water_one_cm":9849,"minecraft:total_world_time":21653,"minecraft:fall_one_cm":11237},"minecraft:picked_up":{"biomesoplenty:lavender":1,"minecraft:andesite":11,"biomesoplenty:fir_sapling":12,"biomesoplenty:fir_log":73,"paraglider:spirit_orb":2,"minecraft:flint":1,"create:raw_zinc":11,"minecraft:oak_log":10,"minecraft:dirt":3,"minecraft:cobbled_deepslate":6,"minecraft:moss_block":1,"minecraft:stick":8,"minecraft:raw_iron":7,"minecraft:torch":6,"minecraft:gravel":4,"minecraft:mossy_cobblestone":6,"minecraft:granite":1,"alexsmobs:moose_ribs":1,"minecraft:oak_sapling":2,"minecraft:coal":23,"minecraft:skeleton_skull":1,"minecraft:cobblestone":25},"minecraft:crafted":{"minecraft:oak_planks":20,"minecraft:crafting_table":2,"minecraft:wooden_pickaxe":1,"minecraft:furnace":1,"minecraft:stone_axe":1,"minecraft:bread":1,"minecraft:air":0,"minecraft:stick":12,"minecraft:stone_pickaxe":1,"minecraft:iron_ingot":6,"minecraft:iron_pickaxe":1,"minecraft:torch":16},"minecraft:mined":{"create:zinc_ore":11,"minecraft:mossy_cobblestone":6,"minecraft:torch":1,"minecraft:granite":1,"minecraft:grass_block":2,"minecraft:cobblestone":3,"minecraft:moss_block":1,"minecraft:wall_torch":4,"minecraft:spawner":1,"minecraft:skeleton_skull":1,"minecraft:iron_ore":4,"biomesoplenty:lavender":1,"minecraft:andesite":11,"biomesoplenty:fir_log":75,"minecraft:grass":1,"minecraft:coal_ore":23,"minecraft:oak_log":10,"minecraft:deepslate_iron_ore":3,"minecraft:gravel":2,"minecraft:dirt":1,"minecraft:stone":23,"minecraft:deepslate":6},"minecraft:used":{"minecraft:moss_block":1,"minecraft:stone_pickaxe":55,"minecraft:wooden_pickaxe":30,"biomesoplenty:lavender":1,"minecraft:torch":22,"minecraft:mossy_cobblestone":6,"minecraft:crafting_table":2,"alexsmobs:moose_ribs":1,"minecraft:bread":1,"minecraft:iron_pickaxe":12,"minecraft:gravel":4,"minecraft:stone_axe":84,"minecraft:cobblestone":12,"minecraft:furnace":1,"minecraft:andesite":9,"minecraft:cobbled_deepslate":3}},"DataVersion":3465}