{"stats":{"minecraft:broken":{"minecraft:iron_boots":1,"minecraft:iron_chestplate":1,"minecraft:iron_leggings":1,"minecraft:stone_pickaxe":1,"minecraft:iron_sword":1,"minecraft:iron_helmet":1},"minecraft:custom":{"lootr:looted_stat":86,"minecraft:mob_kills":255,"minecraft:inspect_hopper":3,"minecraft:interact_with_crafting_table":23,"minecraft:open_barrel":5,"minecraft:damage_dealt_resisted":535,"minecraft:leave_game":8,"minecraft:time_since_death":46741,"minecraft:climb_one_cm":16703,"minecraft:damage_resisted":214,"minecraft:sprint_one_cm":602583,"minecraft:walk_one_cm":686446,"minecraft:damage_blocked_by_shield":490,"minecraft:drop":36,"minecraft:damage_dealt_absorbed":70,"minecraft:talked_to_villager":2,"minecraft:target_hit":10,"minecraft:play_time":252457,"minecraft:deaths":6,"minecraft:sneak_time":7884,"minecraft:walk_under_water_one_cm":26029,"minecraft:jump":2844,"minecraft:walk_on_water_one_cm":33752,"minecraft:total_world_time":252457,"minecraft:interact_with_furnace":30,"minecraft:interact_with_cartography_table":1,"minecraft:sleep_in_bed":5,"minecraft:time_since_rest":37294,"minecraft:waystone_activated":5,"minecraft:damage_taken":7380,"minecraft:damage_dealt":12878,"minecraft:swim_one_cm":49780,"minecraft:fly_one_cm":607781,"minecraft:open_chest":8,"minecraft:crouch_one_cm":14274,"tombstone:undead_killed":75,"minecraft:fall_one_cm":64362},"minecraft:dropped":{"tombstone:scroll_of_feather_fall":1,"qualitycrops:potato_gold":2,"minecraft:knowledge_book":8,"chococraft:gysahl_green_seeds":3,"qualitycrops:wheat_diamond":1,"tombstone:scroll_of_mercy":1,"minecraft:coal":2,"tombstone:magic_scroll":1,"minecraft:sand":1,"minecraft:iron_shovel":1,"minecraft:string":14,"minecraft:bone":4,"minecraft:stone_axe":2,"born_in_chaos_v1:fire_dust":4,"born_in_chaos_v1:ethereal_spirit":2,"minecraft:rotten_flesh":14,"quark:sandstone_bricks_stairs":1,"minecraft:gunpowder":18,"minecraft:spider_eye":1,"minecraft:bow":1},"minecraft:mined":{"quark:sandstone_bricks_stairs":2,"quark:limestone_bricks_slab":3,"minecraft:mossy_cobblestone":1,"minecraft:sandstone":2,"minecraft:spawner":2,"quark:sandstone_bricks":2,"minecraft:furnace":4,"minecraft:iron_ore":50,"minecraft:fire":3,"minecraft:gold_block":1,"chococraft:gysahl_green":3,"minecraft:stone":52,"minecraft:cut_sandstone":1,"minecraft:acacia_leaves":1,"biomesoplenty:orange_sand":3,"minecraft:crafting_table":2,"minecraft:smooth_sandstone":1,"minecraft:torch":7,"minecraft:cobblestone":4,"quark:limestone_slab":1,"minecraft:wall_torch":9,"supplementaries:urn":3,"minecraft:grass":3,"regions_unexplored:joshua_log":7,"minecraft:oak_log":2,"minecraft:coal_ore":119,"minecraft:sand":83,"minecraft:dirt":2,"minecraft:sandstone_wall":1,"minecraft:oak_leaves":1},"minecraft:picked_up":{"minecraft:crafting_table":2,"minecraft:iron_chestplate":1,"minecraft:gold_block":1,"minecraft:enchanted_book":1,"minecraft:string":7,"qualitycrops:wheat_diamond":3,"minecraft:cooked_salmon":1,"minecraft:iron_shovel":1,"minecraft:experience_bottle":1,"quark:limestone_slab":1,"qualitycrops:potato_gold":6,"quark:sandstone_bricks_stairs":2,"biomesoplenty:wildflower":1,"minecraft:iron_boots":1,"minecraft:furnace":4,"minecraft:stick":1,"minecraft:raw_iron":55,"minecraft:sandstone":2,"born_in_chaos_v1:shattered_skull":3,"qualitycrops:potato_iron":1,"minecraft:torch":19,"sophisticatedbackpacks:backpack":1,"minecraft:sandstone_wall":1,"tombstone:grave_dust":10,"born_in_chaos_v1:nightmare_claw":1,"minecraft:carrot":2,"qualitycrops:potato_diamond":3,"minecraft:arrow":19,"minecraft:rotten_flesh":95,"regions_unexplored:joshua_log":8,"alexsmobs:emu_egg":1,"wardrobe:jungle_boots":2,"born_in_chaos_v1:spiny_shell":10,"minecraft:saddle":1,"supplementaries:ash":1,"minecraft:obsidian":5,"biomesoplenty:orange_sand":2,"minecraft:cobblestone":61,"born_in_chaos_v1:corpse_maggot":63,"minecraft:feather":39,"born_in_chaos_v1:monster_flesh":3,"born_in_chaos_v1:spiritual_dust":3,"minecraft:jungle_log":1,"minecraft:salmon":1,"minecraft:potato":1,"paraglider:spirit_orb":4,"minecraft:oak_log":8,"minecraft:gunpowder":12,"tombstone:gift":1,"born_in_chaos_v1:monster_skin":7,"minecraft:leather_boots":1,"minecraft:smooth_sandstone":1,"minecraft:bone":50,"chococraft:gysahl_green":10,"minecraft:iron_ingot":60,"born_in_chaos_v1:orbofthe_summoner":1,"born_in_chaos_v1:ethereal_spirit":10,"minecraft:sand":85,"minecraft:amethyst_shard":22,"chococraft:gysahl_green_seeds":6,"minecraft:spider_eye":1,"minecraft:mossy_cobblestone":1,"tombstone:scroll_of_mercy":1,"minecraft:slime_ball":1,"born_in_chaos_v1:fire_dust":6,"minecraft:diamond":1,"minecraft:stone_axe":1,"tombstone:tablet_of_recall":1,"minecraft:iron_helmet":1,"alexsmobs:rattlesnake_rattle":2,"minecraft:golden_apple":1,"minecraft:bone_meal":1,"quark:sandstone_bricks":1,"quark:limestone_bricks_slab":2,"tombstone:magic_scroll":2,"born_in_chaos_v1:rotten_fish":1,"minecraft:coal":177},"minecraft:crafted":{"minecraft:oak_planks":16,"minecraft:furnace":3,"regions_unexplored:joshua_planks":32,"minecraft:iron_boots":3,"born_in_chaos_v1:fried_maggot":20,"minecraft:stone_pickaxe":1,"minecraft:coal_block":11,"minecraft:crafting_table":4,"minecraft:wooden_pickaxe":1,"minecraft:iron_helmet":3,"minecraft:bucket":3,"minecraft:stone_axe":1,"minecraft:air":0,"minecraft:jungle_planks":4,"minecraft:iron_chestplate":3,"minecraft:shield":1,"minecraft:stick":24,"wardrobe:jungle_boots":1,"minecraft:iron_ingot":51,"minecraft:iron_pickaxe":2,"minecraft:gold_ingot":14,"minecraft:stone_sword":1,"minecraft:iron_leggings":2,"minecraft:white_bed":1,"minecraft:torch":64},"minecraft:killed_by":{"minecraft:husk":4,"born_in_chaos_v1:scarlet_persecutor":1},"minecraft:used":{"alexsmobs:emu_egg":1,"minecraft:stone_sword":70,"minecraft:iron_shovel":81,"minecraft:flint_and_steel":3,"minecraft:shield":43,"minecraft:iron_sword":147,"minecraft:cooked_salmon":1,"born_in_chaos_v1:fried_maggot":17,"minecraft:rotten_flesh":10,"minecraft:torch":83,"minecraft:obsidian":2,"minecraft:milk_bucket":5,"born_in_chaos_v1:corpse_maggot":12,"qualitycrops:potato_iron":1,"minecraft:lava_bucket":6,"minecraft:smooth_sandstone":1,"biomesoplenty:orange_sand":2,"minecraft:iron_boots":4,"minecraft:bow":25,"quark:limestone_slab":1,"minecraft:furnace":7,"minecraft:cooked_cod":1,"tombstone:gift":3,"minecraft:potato":1,"minecraft:knowledge_book":912,"quark:sandstone_bricks":1,"farmersdelight:iron_knife":42,"minecraft:stone_pickaxe":125,"minecraft:wooden_pickaxe":20,"minecraft:sandstone":2,"minecraft:leather_boots":1,"quark:limestone_bricks_slab":2,"minecraft:mossy_cobblestone":1,"minecraft:sand":83,"minecraft:crafting_table":6,"minecraft:white_bed":1,"biomesoplenty:wildflower":1,"qualitycrops:potato_diamond":2,"qualitycrops:potato_gold":2,"minecraft:oak_log":2,"born_in_chaos_v1:monster_flesh":1,"minecraft:bread":57,"minecraft:iron_pickaxe":123,"quark:sandstone_bricks_stairs":1,"minecraft:stone_axe":3,"born_in_chaos_v1:rotten_fish":1,"minecraft:cobblestone":29,"minecraft:bucket":6,"chococraft:gysahl_green":9,"alexsmobs:animal_dictionary":1,"minecraft:experience_bottle":2},"minecraft:killed":{"minecraft:spider":1,"born_in_chaos_v1:thornshell_crab":1,"alexsmobs:rattlesnake":2,"born_in_chaos_v1:zombie_bruiser":1,"born_in_chaos_v1:maggot":36,"born_in_chaos_v1:scarlet_persecutor":2,"minecraft:skeleton":1,"minecraft:chicken":1,"born_in_chaos_v1:firelight_not_despawn":2,"minecraft:husk":65,"born_in_chaos_v1:swarmer":1,"minecraft:bat":1,"born_in_chaos_v1:zombie_fisherman":1,"minecraft:zombie":6,"born_in_chaos_v1:dread_hound":3,"born_in_chaos_v1:corpse_fly":17}},"DataVersion":3465}