{"stats":{"minecraft:custom":{"minecraft:mob_kills":92,"minecraft:interact_with_anvil":1,"minecraft:animals_bred":1,"minecraft:interact_with_crafting_table":50,"minecraft:open_barrel":52,"minecraft:damage_dealt_resisted":144,"minecraft:leave_game":9,"minecraft:time_since_death":237511,"minecraft:climb_one_cm":5213,"minecraft:sprint_one_cm":436732,"minecraft:walk_one_cm":632154,"minecraft:damage_blocked_by_shield":1140,"minecraft:drop":78,"minecraft:damage_dealt_absorbed":120,"minecraft:talked_to_villager":5,"minecraft:play_time":255653,"minecraft:sneak_time":17994,"minecraft:deaths":1,"minecraft:walk_under_water_one_cm":41285,"minecraft:jump":2978,"minecraft:walk_on_water_one_cm":42116,"minecraft:total_world_time":255653,"minecraft:interact_with_furnace":58,"tombstone:raider_killed":6,"minecraft:interact_with_grindstone":1,"minecraft:sleep_in_bed":6,"minecraft:time_since_rest":2108,"minecraft:damage_taken":2904,"minecraft:trigger_trapped_chest":3,"minecraft:damage_dealt":15175,"tombstone:cast_on_ally":0,"minecraft:swim_one_cm":74774,"minecraft:fly_one_cm":412238,"minecraft:open_chest":86,"minecraft:crouch_one_cm":37286,"tombstone:undead_killed":63,"minecraft:fall_one_cm":46555},"minecraft:broken":{"minecraft:stone_pickaxe":1,"minecraft:stone_axe":1,"minecraft:iron_pickaxe":2},"minecraft:picked_up":{"chococraft:loverly_gysahl_green":2,"minecraft:coarse_dirt":2,"minecraft:wheat":9,"aquaculture:catfish":1,"alexsmobs:bison_fur_block":1,"minecraft:potion":1,"minecraft:gold_block":2,"minecraft:enchanted_book":4,"minecraft:stone_brick_stairs":2,"minecraft:string":9,"minecraft:iron_axe":1,"minecraft:raw_copper":37,"minecraft:zombie_head":2,"minecraft:spruce_planks":11,"minecraft:gold_nugget":48,"minecraft:cobbled_deepslate":111,"biomesoplenty:fir_planks":9,"minecraft:written_book":4,"minecraft:cobblestone_slab":2,"minecraft:iron_nugget":39,"tombstone:tablet_of_assistance":1,"minecraft:iron_boots":2,"tombstone:scroll_of_lightning_resistance":1,"minecraft:raw_iron":192,"minecraft:stick":78,"minecraft:torch":38,"aquaculture:perch":1,"quark:slime_in_a_bucket":2,"tombstone:grave_dust":8,"minecraft:diorite":2,"minecraft:carrot":1,"minecraft:arrow":27,"minecraft:rotten_flesh":37,"create:ochrum":6,"minecraft:hay_block":13,"supplementaries:antique_ink":3,"minecraft:iron_block":1,"minecraft:tadpole_bucket":2,"minecraft:saddle":2,"minecraft:gold_ingot":8,"create:veridium":70,"tombstone:essence_of_undeath":1,"supplementaries:ash":175,"minecraft:mutton":6,"minecraft:cobblestone":94,"minecraft:skeleton_skull":2,"minecraft:white_wool":4,"biomesoplenty:lavender":1,"minecraft:water_bucket":1,"minecraft:andesite":41,"biomesoplenty:fir_sapling":15,"biomesoplenty:fir_log":134,"paraglider:spirit_orb":10,"minecraft:flint":2,"minecraft:tuff":35,"create:raw_zinc":27,"minecraft:oak_log":10,"minecraft:white_banner":1,"minecraft:dirt":4,"minecraft:lapis_lazuli":112,"minecraft:lantern":1,"tombstone:gift":1,"minecraft:mangrove_fence":1,"minecraft:bone":42,"chococraft:gysahl_green":68,"minecraft:apple":1,"chococraft:gold_gysahl":1,"minecraft:bow":4,"minecraft:wheat_seeds":2,"minecraft:raw_gold":31,"minecraft:rabbit_hide":26,"minecraft:iron_ingot":3,"minecraft:stone_pickaxe":1,"minecraft:cobweb":4,"tombstone:bag_of_seeds":2,"aquaculture:minnow":1,"minecraft:glowstone_dust":1,"minecraft:moss_block":1,"minecraft:iron_sword":5,"tombstone:scroll_of_frost_resistance":1,"endrem:witch_pupil":1,"minecraft:smooth_basalt":1,"minecraft:pumpkin":1,"qualitycrops:mutton_gold":1,"quark:glass_item_frame":1,"minecraft:lava_bucket":1,"minecraft:gravel":9,"minecraft:sand":12,"minecraft:barrel":1,"chococraft:gysahl_green_seeds":24,"minecraft:spruce_log":6,"minecraft:white_bed":2,"minecraft:dark_oak_log":1,"alexsmobs:bison_carpet":1,"minecraft:spider_eye":2,"minecraft:mossy_cobblestone":6,"minecraft:bundle":2,"tombstone:scroll_of_true_sight":1,"minecraft:sugar":1,"minecraft:slime_ball":1,"minecraft:diamond":4,"tombstone:tablet_of_recall":1,"minecraft:granite":5,"minecraft:golden_apple":1,"minecraft:golden_horse_armor":1,"minecraft:bread":16,"alexsmobs:moose_ribs":1,"minecraft:emerald":15,"tombstone:magic_scroll":5,"minecraft:oak_sapling":2,"minecraft:coal":121},"minecraft:crafted":{"minecraft:oak_planks":40,"minecraft:raw_iron":90,"minecraft:furnace":3,"minecraft:cooked_mutton":6,"minecraft:bow":1,"minecraft:iron_boots":1,"minecraft:stone_pickaxe":1,"minecraft:raw_iron_block":10,"minecraft:wheat":109,"minecraft:crafting_table":9,"minecraft:spruce_planks":12,"minecraft:wooden_pickaxe":1,"minecraft:baked_potato":5,"minecraft:iron_helmet":1,"minecraft:iron_sword":1,"qualitycrops:cooked_mutton_gold":1,"minecraft:gold_block":6,"minecraft:stone_axe":1,"minecraft:bread":46,"minecraft:air":0,"biomesoplenty:fir_planks":148,"minecraft:iron_chestplate":1,"minecraft:emerald_block":3,"minecraft:shield":1,"minecraft:stick":52,"quark:oak_chest":1,"minecraft:iron_ingot":196,"minecraft:iron_pickaxe":3,"minecraft:iron_block":21,"minecraft:gold_ingot":39,"minecraft:iron_leggings":1,"minecraft:white_bed":1,"minecraft:torch":132,"minecraft:lapis_block":13},"minecraft:dropped":{"minecraft:enchanted_book":1,"minecraft:water_bucket":1,"minecraft:iron_sword":5,"minecraft:tadpole_bucket":1,"minecraft:cobblestone":8,"aquaculture:minnow":1,"minecraft:granite":1,"minecraft:iron_horse_armor":1,"minecraft:saddle":2,"biomesoplenty:fir_sapling":15,"minecraft:stick":67,"minecraft:cobweb":4,"minecraft:lava_bucket":1,"minecraft:gold_nugget":2,"minecraft:iron_axe":1,"minecraft:string":5,"minecraft:gold_ingot":4,"minecraft:bone":1,"quark:slime_in_a_bucket":1,"minecraft:cobbled_deepslate":37,"minecraft:raw_copper":37,"minecraft:tuff":2,"minecraft:wheat":1,"minecraft:rotten_flesh":12,"minecraft:iron_boots":1,"minecraft:rabbit_hide":13,"supplementaries:ash":104,"biomesoplenty:fir_planks":26,"minecraft:spruce_planks":9,"minecraft:andesite":18,"minecraft:oak_sapling":2,"minecraft:spider_eye":1,"minecraft:spruce_log":2,"minecraft:arrow":5,"minecraft:bow":2,"minecraft:stone_pickaxe":1},"minecraft:mined":{"minecraft:dark_oak_planks":1,"create:zinc_ore":27,"minecraft:tuff":40,"minecraft:spruce_planks":5,"minecraft:white_bed":2,"minecraft:mossy_cobblestone":6,"minecraft:deepslate_diamond_ore":2,"minecraft:dark_oak_log":1,"minecraft:granite":7,"minecraft:grass_block":2,"minecraft:mangrove_fence":1,"create:ochrum":5,"minecraft:moss_block":1,"minecraft:spawner":5,"minecraft:hay_block":13,"minecraft:iron_ore":92,"minecraft:barrel":1,"minecraft:cobbled_deepslate":4,"biomesoplenty:lavender":1,"minecraft:andesite":22,"minecraft:pumpkin":1,"minecraft:deepslate_lapis_ore":16,"minecraft:gold_block":2,"minecraft:sculk_shrieker":1,"chococraft:gysahl_green":25,"supplementaries:stick":1,"minecraft:deepslate_iron_ore":83,"minecraft:cobblestone_slab":2,"minecraft:packed_ice":48,"minecraft:stone":82,"minecraft:iron_block":1,"create:veridium":70,"minecraft:podzol":2,"minecraft:torch":3,"biomesoplenty:fir_planks":1,"create:scoria":3,"minecraft:sculk_sensor":2,"minecraft:cobblestone":14,"minecraft:deepslate_gold_ore":29,"minecraft:diorite":2,"minecraft:wall_torch":7,"minecraft:skeleton_skull":2,"supplementaries:urn":32,"minecraft:coarse_dirt":2,"minecraft:ice":4,"minecraft:spruce_log":4,"minecraft:stone_brick_stairs":2,"biomesoplenty:fir_log":144,"minecraft:grass":21,"minecraft:oak_log":10,"minecraft:coal_ore":64,"quark:monster_box":1,"alexsmobs:bison_fur_block":1,"minecraft:sand":14,"minecraft:gravel":9,"minecraft:dirt":4,"minecraft:cobweb":1,"minecraft:polished_andesite":1,"minecraft:gold_ore":2,"minecraft:oak_leaves":1,"minecraft:deepslate":103,"minecraft:fern":8},"minecraft:used":{"minecraft:moss_block":1,"create:veridium":11,"minecraft:spruce_planks":3,"minecraft:shield":32,"minecraft:iron_sword":240,"minecraft:mangrove_fence":1,"minecraft:rotten_flesh":25,"alexsmobs:bison_fur_block":1,"minecraft:stick":1,"minecraft:torch":170,"minecraft:dirt":4,"alexsmobs:moose_ribs":1,"minecraft:tuff":33,"minecraft:granite":2,"minecraft:lava_bucket":8,"alexsmobs:bison_carpet":1,"minecraft:iron_block":1,"minecraft:iron_axe":78,"minecraft:lantern":1,"minecraft:iron_helmet":1,"minecraft:iron_boots":1,"aquaculture:catfish":1,"minecraft:barrel":1,"minecraft:stone_brick_stairs":2,"minecraft:smooth_basalt":1,"minecraft:bow":17,"minecraft:written_book":3,"minecraft:furnace":3,"tombstone:gift":4,"minecraft:skeleton_skull":1,"minecraft:cobbled_deepslate":68,"minecraft:iron_leggings":1,"minecraft:cooked_mutton":6,"minecraft:water_bucket":8,"minecraft:stone_pickaxe":133,"minecraft:baked_potato":5,"minecraft:oak_planks":1,"minecraft:wooden_pickaxe":30,"biomesoplenty:fir_planks":83,"biomesoplenty:lavender":1,"minecraft:cobblestone_slab":2,"minecraft:mossy_cobblestone":6,"minecraft:crafting_table":9,"minecraft:white_bed":3,"minecraft:spruce_log":1,"quark:glass_item_frame":3,"minecraft:apple":4,"chococraft:gysahl_green_seeds":24,"minecraft:dark_oak_log":1,"minecraft:bread":42,"minecraft:iron_pickaxe":595,"minecraft:gravel":9,"minecraft:stone_axe":114,"minecraft:enchanted_book":1,"minecraft:cobblestone":55,"minecraft:white_banner":1,"chococraft:gysahl_green":10,"minecraft:andesite":23,"minecraft:bucket":16,"quark:oak_chest":1,"alexsmobs:animal_dictionary":6,"minecraft:coarse_dirt":2,"aquaculture:perch":1,"minecraft:experience_bottle":1},"minecraft:killed":{"minecraft:cave_spider":4,"minecraft:witch":3,"minecraft:spider":5,"alexsmobs:seagull":1,"minecraft:slime":1,"aquaculture:catfish":1,"minecraft:skeleton":19,"aquaculture:perch":1,"minecraft:creeper":2,"minecraft:sheep":4,"minecraft:pillager":3,"aquaculture:minnow":1,"minecraft:zombie":44,"minecraft:enderman":1}},"DataVersion":3465}