{"stats":{"minecraft:used":{"minecraft:knowledge_book":85,"born_in_chaos_v1:corpse_maggot":2,"minecraft:stone_sword":3,"minecraft:stone_pickaxe":67,"minecraft:shield":6,"minecraft:wooden_pickaxe":3,"minecraft:torch":9,"minecraft:cobblestone":16,"born_in_chaos_v1:rotten_fish":1,"minecraft:crafting_table":1,"alexsmobs:animal_dictionary":1,"chococraft:gysahl_green":9},"minecraft:picked_up":{"born_in_chaos_v1:corpse_maggot":4,"minecraft:stick":1,"minecraft:raw_iron":1,"minecraft:feather":11,"paraglider:spirit_orb":2,"minecraft:sand":2,"chococraft:gysahl_green_seeds":3,"tombstone:grave_dust":1,"minecraft:arrow":2,"chococraft:gysahl_green":10,"regions_unexplored:joshua_log":8,"minecraft:iron_ingot":1,"born_in_chaos_v1:spiny_shell":2,"born_in_chaos_v1:rotten_fish":1,"minecraft:coal":26,"minecraft:cobblestone":42},"minecraft:custom":{"minecraft:time_since_rest":17340,"lootr:looted_stat":1,"minecraft:sprint_one_cm":30392,"minecraft:damage_taken":525,"minecraft:walk_one_cm":58520,"minecraft:damage_blocked_by_shield":165,"minecraft:mob_kills":14,"minecraft:damage_dealt":228,"minecraft:interact_with_crafting_table":3,"minecraft:swim_one_cm":2744,"minecraft:fly_one_cm":22087,"minecraft:crouch_one_cm":1322,"minecraft:play_time":17340,"tombstone:undead_killed":2,"minecraft:sneak_time":741,"minecraft:walk_under_water_one_cm":2784,"minecraft:jump":142,"minecraft:time_since_death":17340,"minecraft:walk_on_water_one_cm":5850,"minecraft:total_world_time":17340,"minecraft:fall_one_cm":6609},"minecraft:killed":{"minecraft:skeleton":1,"minecraft:zombie":1},"minecraft:mined":{"minecraft:iron_ore":1,"chococraft:gysahl_green":3,"regions_unexplored:joshua_log":7,"minecraft:coal_ore":27,"minecraft:sand":2,"minecraft:cobblestone":4,"minecraft:stone":32,"minecraft:spawner":1},"minecraft:crafted":{"regions_unexplored:joshua_planks":32,"minecraft:shield":1,"minecraft:crafting_table":1,"minecraft:stick":12,"minecraft:wooden_pickaxe":1,"minecraft:stone_pickaxe":1,"minecraft:stone_sword":1,"minecraft:torch":20}},"DataVersion":3465}