{"stats":{"minecraft:used":{"minecraft:knowledge_book":148,"minecraft:stone_sword":46,"minecraft:stone_pickaxe":125,"minecraft:wooden_pickaxe":20,"minecraft:shield":6,"born_in_chaos_v1:fried_maggot":5,"minecraft:rotten_flesh":10,"minecraft:torch":30,"minecraft:mossy_cobblestone":1,"minecraft:sand":2,"minecraft:crafting_table":3,"born_in_chaos_v1:corpse_maggot":12,"minecraft:iron_pickaxe":82,"minecraft:stone_axe":1,"minecraft:cobblestone":22,"born_in_chaos_v1:rotten_fish":1,"minecraft:furnace":2,"chococraft:gysahl_green":9,"alexsmobs:animal_dictionary":1},"minecraft:picked_up":{"born_in_chaos_v1:corpse_maggot":23,"minecraft:crafting_table":2,"minecraft:feather":11,"minecraft:salmon":1,"paraglider:spirit_orb":2,"minecraft:cooked_salmon":1,"minecraft:bone":10,"chococraft:gysahl_green":10,"minecraft:iron_ingot":4,"minecraft:furnace":2,"minecraft:raw_iron":46,"minecraft:stick":1,"minecraft:torch":6,"minecraft:sand":2,"minecraft:amethyst_shard":11,"chococraft:gysahl_green_seeds":3,"tombstone:grave_dust":1,"minecraft:spider_eye":1,"minecraft:mossy_cobblestone":1,"tombstone:scroll_of_mercy":1,"minecraft:arrow":5,"minecraft:rotten_flesh":3,"regions_unexplored:joshua_log":8,"born_in_chaos_v1:spiny_shell":2,"born_in_chaos_v1:rotten_fish":1,"minecraft:coal":170,"minecraft:cobblestone":61},"minecraft:custom":{"lootr:looted_stat":2,"minecraft:interact_with_furnace":10,"minecraft:mob_kills":37,"minecraft:interact_with_crafting_table":11,"minecraft:time_since_death":41340,"minecraft:time_since_rest":41340,"minecraft:sprint_one_cm":77727,"minecraft:damage_taken":956,"minecraft:walk_one_cm":160328,"minecraft:damage_blocked_by_shield":165,"minecraft:drop":1,"minecraft:damage_dealt":1893,"minecraft:swim_one_cm":8210,"minecraft:fly_one_cm":45922,"minecraft:crouch_one_cm":3995,"minecraft:play_time":41340,"tombstone:undead_killed":4,"minecraft:sneak_time":1795,"minecraft:walk_under_water_one_cm":3254,"minecraft:jump":426,"minecraft:walk_on_water_one_cm":5967,"minecraft:total_world_time":41340,"minecraft:fall_one_cm":8531},"minecraft:dropped":{"minecraft:spider_eye":1},"minecraft:killed":{"minecraft:spider":1,"minecraft:bat":1,"born_in_chaos_v1:maggot":3,"minecraft:skeleton":1,"born_in_chaos_v1:zombie_fisherman":1,"minecraft:zombie":2,"born_in_chaos_v1:corpse_fly":11},"minecraft:mined":{"minecraft:mossy_cobblestone":1,"minecraft:crafting_table":2,"minecraft:torch":2,"minecraft:cobblestone":4,"minecraft:spawner":1,"supplementaries:urn":3,"minecraft:furnace":2,"minecraft:iron_ore":46,"regions_unexplored:joshua_log":7,"chococraft:gysahl_green":3,"minecraft:coal_ore":114,"minecraft:sand":2,"minecraft:dirt":2,"minecraft:stone":51},"minecraft:broken":{"minecraft:stone_pickaxe":1},"minecraft:crafted":{"minecraft:coal_block":8,"minecraft:crafting_table":2,"minecraft:wooden_pickaxe":1,"minecraft:iron_helmet":1,"minecraft:furnace":2,"minecraft:stone_axe":1,"minecraft:air":0,"regions_unexplored:joshua_planks":32,"minecraft:iron_boots":1,"minecraft:iron_chestplate":1,"minecraft:shield":1,"born_in_chaos_v1:fried_maggot":9,"minecraft:stick":20,"minecraft:stone_pickaxe":1,"minecraft:iron_ingot":41,"minecraft:iron_pickaxe":1,"minecraft:stone_sword":1,"minecraft:iron_leggings":1,"minecraft:torch":48}},"DataVersion":3465}