{"stats":{"minecraft:custom":{"minecraft:mob_kills":89,"minecraft:interact_with_anvil":1,"minecraft:interact_with_crafting_table":37,"minecraft:open_barrel":25,"minecraft:damage_dealt_resisted":144,"minecraft:leave_game":9,"minecraft:time_since_death":153511,"minecraft:climb_one_cm":3760,"minecraft:sprint_one_cm":268120,"minecraft:walk_one_cm":449264,"minecraft:damage_blocked_by_shield":965,"minecraft:drop":45,"minecraft:damage_dealt_absorbed":120,"minecraft:talked_to_villager":1,"minecraft:play_time":171653,"minecraft:sneak_time":16721,"minecraft:deaths":1,"minecraft:walk_under_water_one_cm":20959,"minecraft:jump":2038,"minecraft:walk_on_water_one_cm":24458,"minecraft:total_world_time":171653,"minecraft:interact_with_furnace":58,"tombstone:raider_killed":6,"minecraft:interact_with_grindstone":1,"minecraft:sleep_in_bed":1,"minecraft:time_since_rest":8645,"minecraft:damage_taken":2253,"minecraft:trigger_trapped_chest":3,"minecraft:damage_dealt":14712,"tombstone:cast_on_ally":0,"minecraft:swim_one_cm":29257,"minecraft:fly_one_cm":200522,"minecraft:open_chest":36,"minecraft:crouch_one_cm":32961,"tombstone:undead_killed":62,"minecraft:fall_one_cm":32797},"minecraft:broken":{"minecraft:stone_pickaxe":1,"minecraft:stone_axe":1,"minecraft:iron_pickaxe":2},"minecraft:picked_up":{"minecraft:coarse_dirt":2,"aquaculture:catfish":1,"alexsmobs:bison_fur_block":1,"minecraft:enchanted_book":3,"minecraft:string":8,"minecraft:raw_copper":37,"minecraft:zombie_head":2,"minecraft:gold_nugget":48,"minecraft:cobbled_deepslate":111,"biomesoplenty:fir_planks":1,"minecraft:written_book":3,"minecraft:cobblestone_slab":2,"minecraft:iron_nugget":39,"tombstone:tablet_of_assistance":1,"minecraft:iron_boots":2,"tombstone:scroll_of_lightning_resistance":1,"minecraft:raw_iron":192,"minecraft:stick":75,"minecraft:torch":38,"aquaculture:perch":1,"tombstone:grave_dust":8,"minecraft:diorite":2,"minecraft:carrot":1,"minecraft:arrow":27,"minecraft:rotten_flesh":34,"create:ochrum":6,"minecraft:hay_block":2,"supplementaries:antique_ink":3,"minecraft:gold_ingot":4,"create:veridium":68,"tombstone:essence_of_undeath":1,"supplementaries:ash":69,"minecraft:mutton":6,"minecraft:cobblestone":94,"minecraft:skeleton_skull":2,"minecraft:white_wool":4,"biomesoplenty:lavender":1,"minecraft:water_bucket":1,"minecraft:andesite":41,"biomesoplenty:fir_sapling":12,"biomesoplenty:fir_log":73,"paraglider:spirit_orb":10,"minecraft:flint":2,"minecraft:tuff":35,"create:raw_zinc":27,"minecraft:oak_log":10,"minecraft:white_banner":1,"minecraft:dirt":4,"minecraft:lapis_lazuli":112,"minecraft:lantern":1,"tombstone:gift":1,"minecraft:bone":42,"minecraft:bow":4,"minecraft:wheat_seeds":1,"minecraft:raw_gold":31,"minecraft:rabbit_hide":26,"minecraft:iron_ingot":3,"minecraft:stone_pickaxe":1,"minecraft:cobweb":4,"tombstone:bag_of_seeds":2,"aquaculture:minnow":1,"minecraft:glowstone_dust":1,"minecraft:moss_block":1,"tombstone:scroll_of_frost_resistance":1,"endrem:witch_pupil":1,"minecraft:smooth_basalt":1,"qualitycrops:mutton_gold":1,"quark:glass_item_frame":1,"minecraft:lava_bucket":1,"minecraft:gravel":9,"minecraft:white_bed":1,"minecraft:dark_oak_log":1,"alexsmobs:bison_carpet":1,"minecraft:spider_eye":2,"minecraft:mossy_cobblestone":6,"minecraft:bundle":2,"tombstone:scroll_of_true_sight":1,"minecraft:sugar":1,"minecraft:slime_ball":1,"minecraft:diamond":3,"tombstone:tablet_of_recall":1,"minecraft:granite":5,"minecraft:golden_apple":1,"minecraft:golden_horse_armor":1,"minecraft:bread":16,"alexsmobs:moose_ribs":1,"minecraft:emerald":15,"tombstone:magic_scroll":5,"minecraft:oak_sapling":2,"minecraft:coal":121},"minecraft:crafted":{"minecraft:oak_planks":40,"minecraft:raw_iron":90,"minecraft:furnace":3,"minecraft:cooked_mutton":6,"minecraft:bow":1,"minecraft:iron_boots":1,"minecraft:stone_pickaxe":1,"minecraft:raw_iron_block":10,"minecraft:wheat":18,"minecraft:crafting_table":5,"minecraft:wooden_pickaxe":1,"minecraft:baked_potato":5,"minecraft:iron_helmet":1,"minecraft:iron_sword":1,"qualitycrops:cooked_mutton_gold":1,"minecraft:stone_axe":1,"minecraft:bread":8,"minecraft:air":0,"biomesoplenty:fir_planks":28,"minecraft:iron_chestplate":1,"minecraft:shield":1,"minecraft:stick":52,"quark:oak_chest":1,"minecraft:iron_ingot":196,"minecraft:iron_pickaxe":3,"minecraft:iron_block":18,"minecraft:gold_ingot":38,"minecraft:iron_leggings":1,"minecraft:white_bed":1,"minecraft:torch":132,"minecraft:lapis_block":12},"minecraft:dropped":{"minecraft:water_bucket":1,"minecraft:cobblestone":8,"aquaculture:minnow":1,"minecraft:granite":1,"minecraft:iron_horse_armor":1,"biomesoplenty:fir_sapling":12,"minecraft:stick":64,"minecraft:cobweb":4,"minecraft:lava_bucket":1,"minecraft:gold_nugget":2,"minecraft:string":5,"minecraft:bone":1,"minecraft:cobbled_deepslate":37,"minecraft:raw_copper":37,"minecraft:tuff":2,"minecraft:rotten_flesh":9,"minecraft:iron_boots":1,"minecraft:rabbit_hide":13,"biomesoplenty:fir_planks":1,"minecraft:andesite":18,"minecraft:oak_sapling":2,"minecraft:spider_eye":1,"minecraft:arrow":5,"minecraft:bow":2,"minecraft:stone_pickaxe":1},"minecraft:mined":{"create:zinc_ore":27,"minecraft:tuff":37,"minecraft:white_bed":1,"minecraft:mossy_cobblestone":6,"minecraft:deepslate_diamond_ore":2,"minecraft:dark_oak_log":1,"minecraft:granite":7,"minecraft:grass_block":2,"create:ochrum":1,"minecraft:moss_block":1,"minecraft:spawner":5,"minecraft:hay_block":2,"minecraft:iron_ore":92,"minecraft:cobbled_deepslate":4,"biomesoplenty:lavender":1,"minecraft:andesite":22,"minecraft:deepslate_lapis_ore":16,"minecraft:sculk_shrieker":1,"supplementaries:stick":1,"minecraft:deepslate_iron_ore":83,"minecraft:cobblestone_slab":2,"minecraft:stone":81,"create:veridium":68,"minecraft:podzol":2,"minecraft:torch":3,"create:scoria":3,"minecraft:sculk_sensor":2,"minecraft:cobblestone":11,"minecraft:deepslate_gold_ore":29,"minecraft:diorite":2,"minecraft:wall_torch":7,"minecraft:skeleton_skull":2,"supplementaries:urn":32,"minecraft:coarse_dirt":2,"biomesoplenty:fir_log":75,"minecraft:grass":13,"minecraft:oak_log":10,"minecraft:coal_ore":64,"quark:monster_box":1,"alexsmobs:bison_fur_block":1,"minecraft:gravel":9,"minecraft:dirt":4,"minecraft:polished_andesite":1,"minecraft:gold_ore":2,"minecraft:deepslate":102,"minecraft:fern":5},"minecraft:used":{"minecraft:moss_block":1,"minecraft:shield":29,"minecraft:iron_sword":231,"minecraft:rotten_flesh":23,"alexsmobs:bison_fur_block":1,"minecraft:stick":1,"minecraft:torch":170,"minecraft:dirt":4,"alexsmobs:moose_ribs":1,"minecraft:tuff":33,"minecraft:granite":2,"minecraft:lava_bucket":7,"alexsmobs:bison_carpet":1,"minecraft:lantern":1,"minecraft:iron_helmet":1,"minecraft:iron_boots":1,"aquaculture:catfish":1,"minecraft:smooth_basalt":1,"minecraft:bow":17,"minecraft:written_book":2,"minecraft:furnace":3,"tombstone:gift":4,"minecraft:skeleton_skull":1,"minecraft:cobbled_deepslate":68,"minecraft:iron_leggings":1,"minecraft:cooked_mutton":5,"minecraft:water_bucket":8,"minecraft:stone_pickaxe":133,"minecraft:baked_potato":5,"minecraft:oak_planks":1,"minecraft:wooden_pickaxe":30,"biomesoplenty:lavender":1,"minecraft:cobblestone_slab":2,"minecraft:mossy_cobblestone":6,"minecraft:crafting_table":5,"minecraft:white_bed":1,"quark:glass_item_frame":3,"minecraft:apple":4,"minecraft:dark_oak_log":1,"minecraft:bread":25,"minecraft:iron_pickaxe":528,"minecraft:gravel":9,"minecraft:stone_axe":114,"minecraft:enchanted_book":1,"minecraft:cobblestone":55,"minecraft:white_banner":1,"minecraft:andesite":23,"minecraft:bucket":16,"quark:oak_chest":1,"alexsmobs:animal_dictionary":1,"minecraft:coarse_dirt":2,"aquaculture:perch":1,"minecraft:experience_bottle":1},"minecraft:killed":{"minecraft:cave_spider":4,"minecraft:witch":3,"minecraft:spider":5,"minecraft:slime":1,"aquaculture:catfish":1,"minecraft:skeleton":19,"aquaculture:perch":1,"minecraft:creeper":2,"minecraft:sheep":4,"minecraft:pillager":3,"aquaculture:minnow":1,"minecraft:zombie":43,"minecraft:enderman":1}},"DataVersion":3465}