{"stats":{"minecraft:used":{"minecraft:knowledge_book":180,"minecraft:stone_sword":70,"minecraft:stone_pickaxe":125,"minecraft:wooden_pickaxe":20,"minecraft:shield":6,"minecraft:cooked_salmon":1,"born_in_chaos_v1:fried_maggot":8,"minecraft:rotten_flesh":10,"minecraft:torch":37,"minecraft:mossy_cobblestone":1,"minecraft:sand":2,"minecraft:crafting_table":3,"born_in_chaos_v1:corpse_maggot":12,"minecraft:iron_pickaxe":94,"minecraft:stone_axe":2,"minecraft:cobblestone":24,"born_in_chaos_v1:rotten_fish":1,"minecraft:furnace":4,"chococraft:gysahl_green":9,"alexsmobs:animal_dictionary":1},"minecraft:picked_up":{"born_in_chaos_v1:corpse_maggot":34,"minecraft:crafting_table":2,"minecraft:feather":11,"minecraft:salmon":1,"paraglider:spirit_orb":2,"minecraft:cooked_salmon":1,"minecraft:bone":10,"chococraft:gysahl_green":10,"minecraft:iron_ingot":12,"minecraft:furnace":4,"minecraft:raw_iron":50,"minecraft:stick":1,"minecraft:torch":7,"minecraft:sand":2,"minecraft:amethyst_shard":11,"chococraft:gysahl_green_seeds":3,"tombstone:grave_dust":1,"minecraft:spider_eye":1,"minecraft:mossy_cobblestone":1,"tombstone:scroll_of_mercy":1,"minecraft:arrow":5,"minecraft:rotten_flesh":3,"regions_unexplored:joshua_log":8,"born_in_chaos_v1:spiny_shell":2,"born_in_chaos_v1:rotten_fish":1,"minecraft:coal":175,"minecraft:cobblestone":61},"minecraft:custom":{"lootr:looted_stat":8,"minecraft:interact_with_furnace":17,"minecraft:mob_kills":47,"minecraft:interact_with_crafting_table":11,"minecraft:open_barrel":1,"minecraft:damage_dealt_resisted":50,"minecraft:time_since_death":53340,"minecraft:climb_one_cm":4221,"minecraft:time_since_rest":53340,"minecraft:sprint_one_cm":110254,"minecraft:damage_taken":1018,"minecraft:walk_one_cm":198237,"minecraft:damage_blocked_by_shield":165,"minecraft:drop":1,"minecraft:damage_dealt":2953,"minecraft:swim_one_cm":10364,"minecraft:fly_one_cm":93974,"minecraft:crouch_one_cm":5108,"minecraft:play_time":53340,"tombstone:undead_killed":5,"minecraft:sneak_time":2450,"minecraft:walk_under_water_one_cm":6693,"minecraft:jump":667,"minecraft:walk_on_water_one_cm":10909,"minecraft:total_world_time":53340,"minecraft:fall_one_cm":11099},"minecraft:dropped":{"minecraft:spider_eye":1},"minecraft:killed":{"born_in_chaos_v1:swarmer":1,"minecraft:spider":1,"minecraft:bat":1,"born_in_chaos_v1:maggot":6,"minecraft:skeleton":1,"born_in_chaos_v1:zombie_fisherman":1,"minecraft:zombie":2,"born_in_chaos_v1:corpse_fly":17},"minecraft:mined":{"minecraft:mossy_cobblestone":1,"minecraft:crafting_table":2,"minecraft:torch":2,"minecraft:cobblestone":4,"minecraft:wall_torch":1,"minecraft:spawner":1,"supplementaries:urn":3,"minecraft:furnace":4,"minecraft:iron_ore":50,"regions_unexplored:joshua_log":7,"chococraft:gysahl_green":3,"minecraft:coal_ore":119,"minecraft:sand":2,"minecraft:dirt":2,"minecraft:stone":51},"minecraft:broken":{"minecraft:stone_pickaxe":1},"minecraft:crafted":{"minecraft:coal_block":8,"minecraft:crafting_table":2,"minecraft:wooden_pickaxe":1,"minecraft:iron_helmet":1,"minecraft:furnace":2,"minecraft:stone_axe":1,"minecraft:air":0,"regions_unexplored:joshua_planks":32,"minecraft:iron_boots":1,"minecraft:iron_chestplate":1,"minecraft:shield":1,"born_in_chaos_v1:fried_maggot":20,"minecraft:stick":20,"minecraft:stone_pickaxe":1,"minecraft:iron_ingot":41,"minecraft:iron_pickaxe":2,"minecraft:stone_sword":1,"minecraft:iron_leggings":1,"minecraft:torch":48}},"DataVersion":3465}