{"stats":{"minecraft:custom":{"minecraft:time_since_rest":17067,"minecraft:crouch_one_cm":3141,"minecraft:play_time":17067,"minecraft:sprint_one_cm":5101,"minecraft:damage_taken":287,"minecraft:walk_one_cm":57135,"minecraft:sneak_time":742,"minecraft:walk_under_water_one_cm":26439,"minecraft:mob_kills":13,"minecraft:jump":67,"minecraft:damage_dealt":70,"minecraft:time_since_death":17067,"minecraft:walk_on_water_one_cm":8769,"minecraft:total_world_time":17067,"minecraft:swim_one_cm":45721,"minecraft:fall_one_cm":1543,"minecraft:fly_one_cm":6460},"minecraft:picked_up":{"born_in_chaos_v1:corpse_maggot":3,"scuba_gear:scuba_boots":1,"minecraft:rotten_flesh":4,"minecraft:salmon":1,"scuba_gear:scuba_chestplate":1,"scuba_gear:scuba_helmet":1,"qualitycrops:salmon_gold":1,"scuba_gear:scuba_leggings":1,"born_in_chaos_v1:spiny_shell":3,"minecraft:gunpowder":2,"minecraft:cod":2,"endermanoverhaul:tiny_skull":1},"minecraft:used":{"minecraft:rotten_flesh":4,"minecraft:knowledge_book":208,"minecraft:cod":2}},"DataVersion":3465}