{"stats":{"minecraft:dropped":{"minecraft:wheat_seeds":129,"biomesoplenty:lavender":4,"minecraft:cobblestone":34,"minecraft:feather":2,"minecraft:lantern":1,"minecraft:rail":4,"minecraft:stick":4,"minecraft:cobweb":15,"minecraft:dirt":16,"minecraft:diorite":8,"minecraft:zombie_head":1,"tombstone:grave_dust":1,"minecraft:iron_axe":1,"minecraft:paper":10,"minecraft:string":5,"minecraft:white_wool":1,"minecraft:bone":3,"alexsmobs:animal_dictionary":1,"minecraft:cobbled_deepslate":1,"minecraft:tuff":43,"minecraft:rotten_flesh":32,"minecraft:oak_planks":1,"quark:dark_oak_trapped_chest":1,"minecraft:pumpkin_seeds":2,"create:scoria":1,"minecraft:spruce_planks":2,"minecraft:andesite":12,"minecraft:beetroot_seeds":3,"minecraft:spider_eye":2,"minecraft:written_book":1},"minecraft:crafted":{"minecraft:smooth_stone":3,"minecraft:furnace":2,"minecraft:blast_furnace":1,"minecraft:stone":3,"minecraft:cooked_mutton":1,"minecraft:stone_pickaxe":3,"minecraft:dark_oak_planks":16,"sophisticatedbackpacks:iron_backpack":1,"minecraft:smoker":1,"minecraft:crafting_table":2,"minecraft:spruce_planks":16,"minecraft:wooden_pickaxe":1,"minecraft:baked_potato":3,"minecraft:iron_sword":1,"sophisticatedbackpacks:gold_backpack":1,"minecraft:bread":36,"minecraft:air":0,"minecraft:iron_chestplate":1,"minecraft:charcoal":5,"minecraft:shield":1,"sophisticatedbackpacks:diamond_backpack":1,"minecraft:stick":20,"minecraft:iron_ingot":35,"minecraft:iron_pickaxe":2,"minecraft:gold_ingot":14,"minecraft:iron_leggings":1,"minecraft:torch":20},"minecraft:used":{"minecraft:iron_sword":120,"minecraft:iron_chestplate":1,"minecraft:torch":27,"minecraft:iron_axe":97,"minecraft:written_book":1,"minecraft:furnace":2,"tombstone:gift":3,"minecraft:cobbled_deepslate":62,"minecraft:iron_leggings":1,"minecraft:cooked_mutton":1,"minecraft:baked_potato":2,"minecraft:stone_pickaxe":394,"minecraft:wooden_pickaxe":7,"minecraft:crafting_table":9,"minecraft:blast_furnace":2,"minecraft:smoker":1,"minecraft:bread":24,"minecraft:iron_pickaxe":467,"minecraft:cobblestone":3,"minecraft:cooked_porkchop":3,"chococraft:gysahl_green":19,"alexsmobs:animal_dictionary":1},"minecraft:broken":{"minecraft:stone_pickaxe":3,"minecraft:iron_pickaxe":1},"minecraft:custom":{"minecraft:mob_kills":52,"minecraft:interact_with_crafting_table":23,"minecraft:open_barrel":9,"minecraft:interact_with_campfire":3,"minecraft:damage_dealt_resisted":157,"minecraft:leave_game":2,"minecraft:time_since_death":95623,"minecraft:sprint_one_cm":334242,"minecraft:walk_one_cm":278510,"minecraft:drop":42,"minecraft:damage_dealt_absorbed":44,"minecraft:talked_to_villager":1,"minecraft:play_time":102339,"minecraft:deaths":1,"minecraft:sneak_time":1059,"minecraft:walk_under_water_one_cm":8726,"minecraft:jump":1458,"minecraft:interact_with_blast_furnace":14,"minecraft:walk_on_water_one_cm":11608,"minecraft:total_world_time":102339,"minecraft:interact_with_furnace":13,"tombstone:raider_killed":4,"minecraft:time_since_rest":95042,"minecraft:waystone_activated":1,"minecraft:damage_taken":1904,"minecraft:trigger_trapped_chest":2,"minecraft:damage_dealt":8068,"minecraft:swim_one_cm":20564,"minecraft:fly_one_cm":254314,"minecraft:open_chest":8,"minecraft:crouch_one_cm":1599,"tombstone:undead_killed":24,"minecraft:interact_with_smoker":4,"minecraft:fall_one_cm":25463},"minecraft:mined":{"minecraft:large_amethyst_bud":1,"create:deepslate_zinc_ore":24,"minecraft:tuff":64,"minecraft:deepslate_diamond_ore":5,"minecraft:budding_amethyst":4,"minecraft:grass_block":1,"minecraft:hay_block":4,"minecraft:furnace":2,"minecraft:iron_ore":4,"minecraft:cobbled_deepslate":6,"biomesoplenty:lavender":3,"minecraft:andesite":12,"biomesoplenty:hanging_cobweb":1,"minecraft:bookshelf":1,"chococraft:gysahl_green":12,"minecraft:pointed_dripstone":1,"minecraft:dirt_path":1,"minecraft:deepslate_iron_ore":24,"minecraft:stone":128,"biomesoplenty:spider_egg":2,"minecraft:amethyst_cluster":2,"minecraft:crafting_table":9,"minecraft:torch":7,"minecraft:blast_furnace":2,"minecraft:calcite":5,"create:scoria":1,"minecraft:tall_grass":1,"minecraft:cobblestone":3,"minecraft:deepslate_gold_ore":16,"minecraft:diorite":8,"minecraft:wall_torch":14,"minecraft:amethyst_block":2,"supplementaries:urn":23,"quark:dark_oak_trapped_chest":1,"minecraft:wheat":110,"minecraft:spruce_log":19,"minecraft:grass":15,"minecraft:coal_ore":20,"minecraft:gravel":4,"minecraft:dirt":14,"minecraft:smooth_basalt":2,"minecraft:deepslate":520},"minecraft:picked_up":{"chococraft:loverly_gysahl_green":10,"qualitycrops:wheat_gold":11,"minecraft:crafting_table":8,"minecraft:wheat":108,"minecraft:chicken":1,"minecraft:amethyst_block":2,"minecraft:raw_copper":4,"minecraft:string":10,"qualitycrops:wheat_diamond":6,"minecraft:iron_axe":1,"minecraft:experience_bottle":1,"minecraft:zombie_head":2,"minecraft:gold_nugget":22,"minecraft:cobbled_deepslate":304,"minecraft:written_book":1,"minecraft:iron_nugget":16,"minecraft:furnace":2,"minecraft:stick":4,"minecraft:raw_iron":47,"minecraft:torch":43,"sophisticatedbackpacks:backpack":1,"minecraft:porkchop":6,"tombstone:grave_dust":3,"minecraft:diorite":8,"tombstone:tablet_of_cupidity":2,"tombstone:scroll_of_purification":1,"quark:ancient_tome":1,"minecraft:arrow":5,"minecraft:rotten_flesh":37,"create:scoria":1,"supplementaries:antique_ink":2,"minecraft:hay_block":4,"tombstone:scroll_of_aquatic_life":1,"minecraft:gold_ingot":6,"supplementaries:ash":30,"chococraft:chocobo_drumstick_raw":1,"minecraft:skeleton_skull":2,"minecraft:mutton":1,"minecraft:cobblestone":129,"minecraft:white_wool":1,"minecraft:rail":4,"minecraft:bone_block":24,"biomesoplenty:lavender":4,"minecraft:feather":2,"minecraft:andesite":12,"minecraft:tuff":43,"create:raw_zinc":24,"supplementaries:flax_seeds":1,"minecraft:gunpowder":4,"minecraft:paper":10,"minecraft:dirt":16,"minecraft:lantern":1,"minecraft:bone":24,"chococraft:gysahl_green":148,"quark:dark_oak_trapped_chest":1,"chococraft:gold_gysahl":2,"minecraft:bow":1,"minecraft:wheat_seeds":188,"minecraft:raw_gold":24,"minecraft:rabbit_hide":29,"minecraft:iron_ingot":2,"minecraft:cobweb":15,"minecraft:glass_bottle":2,"minecraft:book":4,"qualitycrops:chicken_gold":1,"minecraft:cooked_porkchop":3,"minecraft:amethyst_shard":8,"minecraft:blast_furnace":1,"chococraft:gysahl_green_seeds":12,"minecraft:spruce_log":19,"minecraft:dark_oak_log":2,"minecraft:spider_eye":2,"qualitycrops:egg_gold":1,"minecraft:bundle":1,"minecraft:sugar":1,"qualitycrops:wheat_iron":17,"minecraft:slime_ball":4,"minecraft:diamond":10,"tombstone:scroll_of_knowledge":1,"minecraft:writable_book":1,"wardrobe:silk":2,"minecraft:emerald":5,"tombstone:magic_scroll":3,"minecraft:coal":66},"minecraft:killed":{"minecraft:cave_spider":7,"minecraft:witch":2,"minecraft:slime":4,"minecraft:skeleton":4,"minecraft:chicken":1,"minecraft:silverfish":2,"minecraft:pig":4,"minecraft:creeper":2,"minecraft:sheep":1,"minecraft:pillager":2,"minecraft:zombie":20,"alexsmobs:fly":1,"alexsmobs:crow":1,"chococraft:chocobo":1},"minecraft:killed_by":{"minecraft:zombie":1}},"DataVersion":3465}