{"stats":{"minecraft:dropped":{"minecraft:wheat_seeds":129,"biomesoplenty:lavender":4,"minecraft:cobblestone":34,"minecraft:feather":2,"minecraft:lantern":1,"minecraft:rail":4,"minecraft:stick":4,"minecraft:cobweb":15,"minecraft:dirt":16,"minecraft:diorite":8,"minecraft:zombie_head":1,"tombstone:grave_dust":1,"minecraft:iron_axe":1,"minecraft:paper":10,"minecraft:string":5,"minecraft:white_wool":1,"minecraft:bone":3,"alexsmobs:animal_dictionary":1,"minecraft:cobbled_deepslate":1,"minecraft:tuff":43,"minecraft:rotten_flesh":32,"minecraft:oak_planks":1,"quark:dark_oak_trapped_chest":1,"minecraft:pumpkin_seeds":2,"create:scoria":1,"minecraft:spruce_planks":2,"minecraft:andesite":12,"minecraft:beetroot_seeds":3,"minecraft:spider_eye":2,"minecraft:written_book":1},"minecraft:crafted":{"minecraft:smooth_stone":3,"minecraft:furnace":2,"minecraft:blast_furnace":1,"minecraft:stone":3,"minecraft:cooked_mutton":1,"minecraft:stone_pickaxe":3,"minecraft:dark_oak_planks":16,"sophisticatedbackpacks:iron_backpack":1,"minecraft:smoker":1,"minecraft:crafting_table":2,"minecraft:spruce_planks":16,"minecraft:wooden_pickaxe":1,"minecraft:baked_potato":3,"minecraft:iron_sword":1,"sophisticatedbackpacks:gold_backpack":1,"minecraft:bread":36,"minecraft:air":0,"minecraft:iron_chestplate":1,"minecraft:charcoal":5,"minecraft:shield":1,"sophisticatedbackpacks:diamond_backpack":1,"minecraft:stick":20,"minecraft:iron_ingot":35,"minecraft:iron_pickaxe":2,"minecraft:gold_ingot":14,"minecraft:iron_leggings":1,"minecraft:torch":20},"minecraft:used":{"minecraft:iron_sword":166,"minecraft:iron_chestplate":1,"minecraft:torch":43,"minecraft:iron_axe":120,"minecraft:written_book":1,"minecraft:furnace":2,"tombstone:gift":3,"minecraft:cobbled_deepslate":187,"minecraft:iron_leggings":1,"minecraft:cooked_mutton":1,"minecraft:baked_potato":2,"minecraft:stone_pickaxe":394,"minecraft:wooden_pickaxe":7,"minecraft:crafting_table":9,"minecraft:blast_furnace":2,"minecraft:smoker":1,"minecraft:bread":33,"minecraft:iron_pickaxe":505,"minecraft:cobblestone":3,"minecraft:cooked_porkchop":3,"chococraft:gysahl_green":19,"alexsmobs:animal_dictionary":1},"minecraft:broken":{"minecraft:stone_pickaxe":3,"minecraft:iron_pickaxe":2},"minecraft:custom":{"minecraft:interact_with_smithing_table":1,"minecraft:mob_kills":63,"minecraft:interact_with_crafting_table":23,"minecraft:open_barrel":10,"minecraft:interact_with_campfire":3,"minecraft:damage_dealt_resisted":157,"minecraft:leave_game":2,"minecraft:time_since_death":107623,"minecraft:climb_one_cm":1187,"minecraft:sprint_one_cm":416870,"minecraft:walk_one_cm":333588,"minecraft:drop":42,"minecraft:damage_dealt_absorbed":44,"minecraft:talked_to_villager":10,"minecraft:play_time":114339,"minecraft:deaths":1,"minecraft:sneak_time":2336,"minecraft:walk_under_water_one_cm":13094,"minecraft:jump":1824,"minecraft:interact_with_blast_furnace":14,"minecraft:walk_on_water_one_cm":14150,"minecraft:total_world_time":114339,"minecraft:interact_with_furnace":13,"tombstone:raider_killed":4,"minecraft:sleep_in_bed":1,"minecraft:time_since_rest":83,"minecraft:waystone_activated":1,"minecraft:damage_taken":2397,"minecraft:trigger_trapped_chest":2,"minecraft:damage_dealt":9932,"minecraft:swim_one_cm":29725,"minecraft:fly_one_cm":297444,"minecraft:open_chest":13,"minecraft:crouch_one_cm":5966,"tombstone:undead_killed":32,"minecraft:interact_with_smoker":4,"minecraft:fall_one_cm":36200},"minecraft:mined":{"minecraft:large_amethyst_bud":1,"create:deepslate_zinc_ore":24,"minecraft:tuff":64,"minecraft:deepslate_diamond_ore":5,"minecraft:granite":8,"minecraft:budding_amethyst":4,"minecraft:grass_block":5,"minecraft:hay_block":4,"minecraft:furnace":2,"minecraft:iron_ore":12,"minecraft:cobbled_deepslate":8,"biomesoplenty:lavender":5,"minecraft:andesite":12,"biomesoplenty:hanging_cobweb":1,"minecraft:bookshelf":18,"chococraft:gysahl_green":12,"minecraft:pointed_dripstone":1,"minecraft:dirt_path":1,"minecraft:deepslate_iron_ore":24,"biomesoplenty:webbing":1,"minecraft:stone":142,"biomesoplenty:spider_egg":3,"minecraft:deepslate_redstone_ore":2,"minecraft:amethyst_cluster":2,"minecraft:crafting_table":9,"minecraft:torch":9,"minecraft:blast_furnace":2,"minecraft:calcite":5,"create:scoria":1,"minecraft:copper_ore":2,"minecraft:tall_grass":1,"minecraft:cobblestone":3,"minecraft:deepslate_gold_ore":16,"minecraft:diorite":8,"minecraft:wall_torch":23,"minecraft:amethyst_block":2,"supplementaries:urn":23,"quark:dark_oak_trapped_chest":1,"minecraft:wheat":110,"minecraft:spruce_log":19,"minecraft:tnt":1,"minecraft:grass":16,"minecraft:coal_ore":20,"minecraft:gravel":4,"minecraft:dirt":17,"biomesoplenty:stringy_cobweb":1,"minecraft:cobweb":7,"minecraft:smooth_basalt":2,"minecraft:stonecutter":1,"minecraft:deepslate":520},"minecraft:picked_up":{"chococraft:loverly_gysahl_green":10,"qualitycrops:wheat_gold":11,"minecraft:crafting_table":8,"minecraft:wheat":108,"minecraft:chicken":1,"minecraft:amethyst_block":2,"minecraft:raw_copper":9,"minecraft:string":18,"qualitycrops:wheat_diamond":6,"minecraft:iron_axe":1,"minecraft:experience_bottle":2,"minecraft:zombie_head":2,"minecraft:gold_nugget":22,"minecraft:cobbled_deepslate":306,"minecraft:written_book":1,"minecraft:iron_nugget":16,"minecraft:furnace":2,"minecraft:stick":4,"minecraft:raw_iron":55,"minecraft:torch":56,"sophisticatedbackpacks:backpack":1,"minecraft:porkchop":6,"tombstone:grave_dust":6,"minecraft:diorite":8,"minecraft:redstone":9,"tombstone:tablet_of_cupidity":2,"tombstone:scroll_of_purification":1,"minecraft:tnt":1,"quark:ancient_tome":1,"minecraft:arrow":5,"minecraft:rotten_flesh":44,"create:scoria":1,"supplementaries:antique_ink":2,"minecraft:hay_block":4,"tombstone:scroll_of_aquatic_life":1,"minecraft:gold_ingot":6,"supplementaries:ash":30,"chococraft:chocobo_drumstick_raw":1,"minecraft:skeleton_skull":2,"minecraft:mutton":1,"minecraft:cobblestone":143,"minecraft:white_wool":1,"minecraft:rail":4,"minecraft:bone_block":24,"biomesoplenty:lavender":8,"minecraft:feather":2,"minecraft:andesite":12,"minecraft:tuff":43,"create:raw_zinc":24,"supplementaries:flax_seeds":1,"minecraft:gunpowder":4,"minecraft:paper":10,"minecraft:dirt":22,"minecraft:lantern":1,"minecraft:bone":24,"chococraft:gysahl_green":148,"minecraft:stonecutter":1,"quark:dark_oak_trapped_chest":1,"chococraft:gold_gysahl":2,"minecraft:bow":1,"minecraft:wheat_seeds":188,"minecraft:raw_gold":24,"minecraft:rabbit_hide":29,"minecraft:iron_ingot":2,"minecraft:cobweb":15,"minecraft:glass_bottle":2,"minecraft:book":55,"qualitycrops:chicken_gold":1,"minecraft:cooked_porkchop":3,"minecraft:amethyst_shard":8,"qualitycrops:carrot_diamond":1,"minecraft:blast_furnace":1,"chococraft:gysahl_green_seeds":12,"minecraft:spruce_log":19,"minecraft:dark_oak_log":2,"minecraft:spider_eye":3,"qualitycrops:egg_gold":1,"minecraft:bundle":1,"minecraft:sugar":1,"qualitycrops:wheat_iron":17,"minecraft:slime_ball":4,"minecraft:diamond":10,"tombstone:scroll_of_knowledge":1,"minecraft:writable_book":1,"minecraft:granite":8,"wardrobe:silk":2,"minecraft:emerald":5,"tombstone:magic_scroll":4,"minecraft:coal":66},"minecraft:killed":{"minecraft:cave_spider":8,"minecraft:witch":2,"minecraft:spider":1,"minecraft:slime":4,"minecraft:skeleton":4,"minecraft:chicken":1,"minecraft:silverfish":2,"minecraft:pig":4,"minecraft:creeper":2,"minecraft:sheep":1,"minecraft:pillager":2,"minecraft:zombie":28,"alexsmobs:fly":2,"alexsmobs:crow":1,"chococraft:chocobo":1},"minecraft:killed_by":{"minecraft:zombie":1}},"DataVersion":3465}