{"stats":{"minecraft:dropped":{"minecraft:wheat_seeds":1,"biomesoplenty:lavender":1,"minecraft:rotten_flesh":14},"minecraft:used":{"minecraft:iron_axe":64,"minecraft:baked_potato":1,"minecraft:written_book":1,"minecraft:cooked_porkchop":3,"chococraft:gysahl_green":12,"tombstone:gift":2,"alexsmobs:animal_dictionary":1},"minecraft:custom":{"minecraft:time_since_rest":11042,"minecraft:sprint_one_cm":111765,"minecraft:damage_taken":840,"minecraft:walk_one_cm":76052,"minecraft:trigger_trapped_chest":2,"minecraft:mob_kills":14,"minecraft:drop":3,"tombstone:raider_killed":2,"minecraft:damage_dealt":1971,"minecraft:damage_dealt_absorbed":44,"minecraft:swim_one_cm":11713,"minecraft:talked_to_villager":1,"minecraft:fly_one_cm":101810,"minecraft:open_barrel":9,"minecraft:open_chest":5,"minecraft:crouch_one_cm":260,"minecraft:play_time":18339,"tombstone:undead_killed":6,"minecraft:interact_with_campfire":3,"minecraft:deaths":1,"minecraft:sneak_time":104,"minecraft:walk_under_water_one_cm":318,"minecraft:damage_dealt_resisted":157,"minecraft:jump":444,"minecraft:walk_on_water_one_cm":4661,"minecraft:leave_game":2,"minecraft:time_since_death":11623,"minecraft:total_world_time":18339,"minecraft:fall_one_cm":10268},"minecraft:mined":{"quark:dark_oak_trapped_chest":1,"biomesoplenty:lavender":1,"minecraft:spruce_log":19,"minecraft:grass":8,"minecraft:bookshelf":1},"minecraft:picked_up":{"minecraft:book":4,"biomesoplenty:lavender":1,"qualitycrops:chicken_gold":1,"chococraft:loverly_gysahl_green":7,"minecraft:feather":2,"minecraft:chicken":1,"minecraft:cooked_porkchop":3,"sophisticatedbackpacks:backpack":1,"minecraft:porkchop":5,"tombstone:grave_dust":1,"minecraft:spruce_log":19,"minecraft:dark_oak_log":2,"minecraft:experience_bottle":1,"minecraft:rotten_flesh":19,"chococraft:gysahl_green":107,"quark:dark_oak_trapped_chest":1,"chococraft:gold_gysahl":2,"minecraft:wheat_seeds":2,"minecraft:writable_book":1,"minecraft:iron_ingot":2,"minecraft:written_book":1,"minecraft:mutton":1,"minecraft:white_wool":1,"minecraft:rail":4},"minecraft:killed":{"minecraft:sheep":1,"minecraft:pillager":2,"minecraft:zombie":6,"minecraft:pig":3,"minecraft:chicken":1,"alexsmobs:fly":1},"minecraft:killed_by":{"minecraft:zombie":1}},"DataVersion":3465}