{"stats":{"minecraft:used":{"minecraft:written_book":1,"minecraft:iron_axe":10,"minecraft:baked_potato":1,"alexsmobs:animal_dictionary":1},"minecraft:custom":{"minecraft:open_barrel":2,"minecraft:open_chest":3,"minecraft:crouch_one_cm":22,"minecraft:play_time":7030,"minecraft:walk_one_cm":14936,"minecraft:sprint_one_cm":19174,"minecraft:damage_taken":250,"minecraft:deaths":1,"minecraft:interact_with_campfire":3,"minecraft:sneak_time":20,"minecraft:trigger_trapped_chest":2,"minecraft:walk_under_water_one_cm":102,"minecraft:mob_kills":3,"minecraft:jump":96,"tombstone:raider_killed":1,"minecraft:damage_dealt":668,"minecraft:leave_game":2,"minecraft:time_since_death":314,"minecraft:walk_on_water_one_cm":688,"minecraft:total_world_time":7030,"minecraft:swim_one_cm":3374,"minecraft:talked_to_villager":1,"minecraft:fall_one_cm":3854,"minecraft:fly_one_cm":23609,"minecraft:time_since_rest":1},"minecraft:mined":{"minecraft:grass":1,"biomesoplenty:lavender":1},"minecraft:picked_up":{"biomesoplenty:lavender":1,"minecraft:wheat_seeds":1,"minecraft:porkchop":3,"minecraft:written_book":1},"minecraft:killed":{"minecraft:pillager":1,"minecraft:pig":2},"minecraft:killed_by":{"minecraft:zombie":1}},"DataVersion":3465}