{"stats":{"minecraft:dropped":{"minecraft:wheat_seeds":129,"biomesoplenty:lavender":4,"minecraft:cobblestone":34,"minecraft:feather":2,"minecraft:lantern":1,"minecraft:rail":4,"minecraft:stick":2,"minecraft:dirt":16,"minecraft:diorite":8,"minecraft:iron_axe":1,"minecraft:paper":10,"minecraft:string":5,"minecraft:white_wool":1,"alexsmobs:animal_dictionary":1,"minecraft:tuff":3,"minecraft:rotten_flesh":21,"minecraft:oak_planks":1,"minecraft:pumpkin_seeds":2,"create:scoria":1,"minecraft:spruce_planks":2,"minecraft:andesite":12,"minecraft:beetroot_seeds":3,"minecraft:spider_eye":2,"minecraft:written_book":1},"minecraft:crafted":{"minecraft:smooth_stone":3,"minecraft:furnace":2,"minecraft:blast_furnace":1,"minecraft:stone":3,"minecraft:cooked_mutton":1,"minecraft:stone_pickaxe":3,"minecraft:dark_oak_planks":16,"minecraft:smoker":1,"minecraft:crafting_table":2,"minecraft:spruce_planks":16,"minecraft:wooden_pickaxe":1,"minecraft:baked_potato":3,"minecraft:iron_sword":1,"minecraft:bread":36,"minecraft:air":0,"minecraft:iron_chestplate":1,"minecraft:charcoal":5,"minecraft:shield":1,"minecraft:stick":20,"minecraft:iron_ingot":28,"minecraft:iron_pickaxe":2,"minecraft:gold_ingot":14,"minecraft:iron_leggings":1,"minecraft:torch":20},"minecraft:used":{"minecraft:iron_sword":19,"minecraft:iron_chestplate":1,"minecraft:torch":12,"minecraft:iron_axe":95,"minecraft:written_book":1,"minecraft:furnace":2,"tombstone:gift":3,"minecraft:cobbled_deepslate":40,"minecraft:iron_leggings":1,"minecraft:cooked_mutton":1,"minecraft:baked_potato":2,"minecraft:stone_pickaxe":394,"minecraft:wooden_pickaxe":7,"minecraft:crafting_table":7,"minecraft:blast_furnace":1,"minecraft:bread":9,"minecraft:iron_pickaxe":360,"minecraft:cobblestone":3,"minecraft:cooked_porkchop":3,"chococraft:gysahl_green":19,"alexsmobs:animal_dictionary":1},"minecraft:broken":{"minecraft:stone_pickaxe":3,"minecraft:iron_pickaxe":1},"minecraft:custom":{"minecraft:mob_kills":25,"minecraft:interact_with_crafting_table":18,"minecraft:open_barrel":9,"minecraft:interact_with_campfire":3,"minecraft:damage_dealt_resisted":157,"minecraft:leave_game":2,"minecraft:time_since_death":77623,"minecraft:sprint_one_cm":241133,"minecraft:walk_one_cm":201803,"minecraft:drop":32,"minecraft:damage_dealt_absorbed":44,"minecraft:talked_to_villager":1,"minecraft:play_time":84339,"minecraft:deaths":1,"minecraft:sneak_time":1059,"minecraft:walk_under_water_one_cm":2735,"minecraft:jump":1009,"minecraft:interact_with_blast_furnace":10,"minecraft:walk_on_water_one_cm":8093,"minecraft:total_world_time":84339,"minecraft:interact_with_furnace":13,"tombstone:raider_killed":2,"minecraft:time_since_rest":77042,"minecraft:waystone_activated":1,"minecraft:damage_taken":1240,"minecraft:trigger_trapped_chest":2,"minecraft:damage_dealt":3702,"minecraft:swim_one_cm":18731,"minecraft:fly_one_cm":193169,"minecraft:open_chest":8,"minecraft:crouch_one_cm":1599,"tombstone:undead_killed":10,"minecraft:interact_with_smoker":4,"minecraft:fall_one_cm":20539},"minecraft:mined":{"minecraft:large_amethyst_bud":1,"create:deepslate_zinc_ore":9,"minecraft:tuff":31,"minecraft:deepslate_diamond_ore":5,"minecraft:budding_amethyst":4,"minecraft:grass_block":1,"minecraft:hay_block":4,"minecraft:furnace":2,"minecraft:cobbled_deepslate":6,"biomesoplenty:lavender":3,"minecraft:andesite":12,"biomesoplenty:hanging_cobweb":1,"minecraft:bookshelf":1,"chococraft:gysahl_green":12,"minecraft:dirt_path":1,"minecraft:deepslate_iron_ore":21,"minecraft:stone":128,"biomesoplenty:spider_egg":2,"minecraft:amethyst_cluster":2,"minecraft:crafting_table":7,"minecraft:torch":5,"minecraft:blast_furnace":1,"minecraft:calcite":5,"create:scoria":1,"minecraft:tall_grass":1,"minecraft:cobblestone":3,"minecraft:deepslate_gold_ore":16,"minecraft:diorite":8,"minecraft:wall_torch":5,"minecraft:amethyst_block":2,"supplementaries:urn":4,"quark:dark_oak_trapped_chest":1,"minecraft:wheat":110,"minecraft:spruce_log":19,"minecraft:grass":15,"minecraft:coal_ore":20,"minecraft:dirt":14,"minecraft:smooth_basalt":2,"minecraft:deepslate":472},"minecraft:picked_up":{"chococraft:loverly_gysahl_green":10,"qualitycrops:wheat_gold":11,"minecraft:crafting_table":6,"minecraft:wheat":108,"minecraft:chicken":1,"minecraft:amethyst_block":2,"minecraft:string":6,"qualitycrops:wheat_diamond":6,"minecraft:iron_axe":1,"minecraft:experience_bottle":1,"minecraft:zombie_head":1,"minecraft:gold_nugget":9,"minecraft:cobbled_deepslate":296,"minecraft:written_book":1,"minecraft:iron_nugget":16,"minecraft:furnace":2,"minecraft:stick":2,"minecraft:raw_iron":29,"minecraft:torch":25,"sophisticatedbackpacks:backpack":1,"minecraft:porkchop":6,"tombstone:grave_dust":2,"minecraft:diorite":8,"quark:ancient_tome":1,"minecraft:rotten_flesh":26,"create:scoria":1,"minecraft:hay_block":4,"chococraft:chocobo_drumstick_raw":1,"minecraft:mutton":1,"minecraft:cobblestone":129,"minecraft:white_wool":1,"minecraft:rail":4,"minecraft:bone_block":16,"biomesoplenty:lavender":4,"minecraft:feather":2,"minecraft:andesite":12,"minecraft:tuff":13,"create:raw_zinc":9,"minecraft:paper":10,"minecraft:dirt":16,"minecraft:lantern":1,"chococraft:gysahl_green":148,"quark:dark_oak_trapped_chest":1,"chococraft:gold_gysahl":2,"minecraft:wheat_seeds":188,"minecraft:raw_gold":24,"minecraft:iron_ingot":2,"minecraft:book":4,"qualitycrops:chicken_gold":1,"minecraft:cooked_porkchop":3,"minecraft:amethyst_shard":8,"minecraft:blast_furnace":1,"chococraft:gysahl_green_seeds":12,"minecraft:spruce_log":19,"minecraft:dark_oak_log":2,"minecraft:spider_eye":2,"qualitycrops:egg_gold":1,"qualitycrops:wheat_iron":17,"minecraft:diamond":5,"minecraft:writable_book":1,"minecraft:coal":50},"minecraft:killed":{"minecraft:cave_spider":4,"minecraft:chicken":1,"minecraft:pig":4,"minecraft:sheep":1,"minecraft:pillager":2,"minecraft:zombie":10,"alexsmobs:fly":1,"alexsmobs:crow":1,"chococraft:chocobo":1},"minecraft:killed_by":{"minecraft:zombie":1}},"DataVersion":3465}