{"stats":{"minecraft:dropped":{"minecraft:wheat_seeds":129,"alexsmobs:animal_dictionary":1,"biomesoplenty:lavender":4,"minecraft:feather":2,"minecraft:rotten_flesh":14,"minecraft:oak_planks":1,"minecraft:lantern":1,"minecraft:rail":4,"minecraft:pumpkin_seeds":2,"minecraft:dirt":8,"minecraft:beetroot_seeds":3,"minecraft:iron_axe":1,"minecraft:paper":10,"minecraft:string":5,"minecraft:written_book":1,"minecraft:white_wool":1},"minecraft:crafted":{"minecraft:crafting_table":2,"minecraft:spruce_planks":8,"minecraft:wooden_pickaxe":1,"minecraft:baked_potato":3,"minecraft:iron_sword":1,"minecraft:furnace":2,"minecraft:bread":36,"minecraft:cooked_mutton":1,"minecraft:air":0,"minecraft:charcoal":5,"minecraft:stick":20,"minecraft:iron_ingot":11,"minecraft:iron_pickaxe":2,"minecraft:stone_pickaxe":3,"minecraft:dark_oak_planks":16,"minecraft:torch":8,"minecraft:smoker":1},"minecraft:used":{"minecraft:cooked_mutton":1,"minecraft:stone_pickaxe":394,"minecraft:baked_potato":2,"minecraft:wooden_pickaxe":7,"minecraft:torch":1,"minecraft:crafting_table":6,"minecraft:iron_axe":93,"minecraft:bread":5,"minecraft:iron_pickaxe":6,"minecraft:cobblestone":3,"minecraft:written_book":1,"minecraft:furnace":2,"minecraft:cooked_porkchop":3,"tombstone:gift":2,"chococraft:gysahl_green":19,"alexsmobs:animal_dictionary":1,"minecraft:cobbled_deepslate":31},"minecraft:custom":{"minecraft:interact_with_furnace":11,"minecraft:mob_kills":19,"tombstone:raider_killed":2,"minecraft:interact_with_crafting_table":12,"minecraft:open_barrel":9,"minecraft:interact_with_campfire":3,"minecraft:damage_dealt_resisted":157,"minecraft:leave_game":2,"minecraft:time_since_death":53623,"minecraft:waystone_activated":1,"minecraft:time_since_rest":53042,"minecraft:sprint_one_cm":197776,"minecraft:damage_taken":985,"minecraft:walk_one_cm":152057,"minecraft:trigger_trapped_chest":2,"minecraft:drop":22,"minecraft:damage_dealt":2702,"minecraft:swim_one_cm":18731,"minecraft:damage_dealt_absorbed":44,"minecraft:talked_to_villager":1,"minecraft:fly_one_cm":177505,"minecraft:open_chest":8,"minecraft:crouch_one_cm":1074,"minecraft:play_time":60339,"minecraft:sneak_time":770,"tombstone:undead_killed":6,"minecraft:deaths":1,"minecraft:walk_under_water_one_cm":2735,"minecraft:jump":864,"minecraft:walk_on_water_one_cm":7157,"minecraft:total_world_time":60339,"minecraft:interact_with_smoker":4,"minecraft:fall_one_cm":18660},"minecraft:broken":{"minecraft:stone_pickaxe":3},"minecraft:mined":{"minecraft:crafting_table":5,"minecraft:grass_block":1,"minecraft:tall_grass":1,"minecraft:cobblestone":3,"minecraft:deepslate_gold_ore":6,"minecraft:diorite":8,"minecraft:wall_torch":1,"minecraft:hay_block":4,"quark:dark_oak_trapped_chest":1,"minecraft:furnace":1,"minecraft:cobbled_deepslate":5,"minecraft:wheat":110,"biomesoplenty:lavender":3,"minecraft:andesite":12,"minecraft:spruce_log":19,"biomesoplenty:hanging_cobweb":1,"minecraft:deepslate_iron_ore":11,"minecraft:grass":15,"minecraft:coal_ore":20,"chococraft:gysahl_green":12,"minecraft:bookshelf":1,"minecraft:dirt_path":1,"minecraft:dirt":14,"biomesoplenty:spider_egg":2,"minecraft:stone":128,"minecraft:deepslate":211},"minecraft:picked_up":{"biomesoplenty:lavender":4,"minecraft:crafting_table":4,"qualitycrops:wheat_gold":11,"chococraft:loverly_gysahl_green":10,"minecraft:wheat":108,"minecraft:feather":2,"minecraft:chicken":1,"minecraft:andesite":12,"minecraft:string":4,"qualitycrops:wheat_diamond":6,"minecraft:dirt":16,"minecraft:paper":10,"minecraft:lantern":1,"minecraft:iron_axe":1,"minecraft:experience_bottle":1,"chococraft:gysahl_green":148,"chococraft:gold_gysahl":2,"quark:dark_oak_trapped_chest":1,"minecraft:wheat_seeds":188,"minecraft:cobbled_deepslate":203,"minecraft:raw_gold":6,"minecraft:iron_ingot":2,"minecraft:written_book":1,"minecraft:furnace":1,"minecraft:book":4,"qualitycrops:chicken_gold":1,"minecraft:raw_iron":11,"minecraft:cooked_porkchop":3,"sophisticatedbackpacks:backpack":1,"minecraft:porkchop":6,"chococraft:gysahl_green_seeds":12,"tombstone:grave_dust":2,"minecraft:diorite":8,"minecraft:spruce_log":19,"minecraft:dark_oak_log":2,"minecraft:spider_eye":1,"qualitycrops:egg_gold":1,"minecraft:rotten_flesh":19,"qualitycrops:wheat_iron":17,"minecraft:writable_book":1,"minecraft:hay_block":4,"chococraft:chocobo_drumstick_raw":1,"minecraft:mutton":1,"minecraft:coal":19,"minecraft:rail":4,"minecraft:white_wool":1,"minecraft:cobblestone":129},"minecraft:killed":{"minecraft:cave_spider":2,"minecraft:pig":4,"minecraft:sheep":1,"minecraft:pillager":2,"minecraft:zombie":6,"minecraft:chicken":1,"alexsmobs:crow":1,"alexsmobs:fly":1,"chococraft:chocobo":1},"minecraft:killed_by":{"minecraft:zombie":1}},"DataVersion":3465}