{"stats":{"minecraft:dropped":{"minecraft:wheat_seeds":129,"biomesoplenty:lavender":1,"minecraft:feather":2,"minecraft:rotten_flesh":14,"minecraft:oak_planks":1,"minecraft:pumpkin_seeds":2,"minecraft:dirt":1,"minecraft:beetroot_seeds":3,"minecraft:paper":10,"minecraft:string":5,"minecraft:white_wool":1},"minecraft:crafted":{"minecraft:baked_potato":3,"minecraft:cooked_mutton":1,"minecraft:air":0},"minecraft:used":{"minecraft:cooked_mutton":1,"minecraft:baked_potato":2,"minecraft:iron_axe":67,"minecraft:written_book":1,"minecraft:cooked_porkchop":3,"tombstone:gift":2,"chococraft:gysahl_green":16,"alexsmobs:animal_dictionary":1},"minecraft:custom":{"minecraft:interact_with_furnace":3,"minecraft:mob_kills":15,"tombstone:raider_killed":2,"minecraft:open_barrel":9,"minecraft:interact_with_campfire":3,"minecraft:damage_dealt_resisted":157,"minecraft:leave_game":2,"minecraft:time_since_death":17623,"minecraft:waystone_activated":1,"minecraft:time_since_rest":17042,"minecraft:sprint_one_cm":142451,"minecraft:damage_taken":840,"minecraft:walk_one_cm":93318,"minecraft:trigger_trapped_chest":2,"minecraft:drop":13,"minecraft:damage_dealt":2071,"minecraft:swim_one_cm":17667,"minecraft:damage_dealt_absorbed":44,"minecraft:talked_to_villager":1,"minecraft:fly_one_cm":124405,"minecraft:open_chest":8,"minecraft:crouch_one_cm":272,"minecraft:play_time":24339,"minecraft:sneak_time":107,"tombstone:undead_killed":6,"minecraft:deaths":1,"minecraft:walk_under_water_one_cm":2679,"minecraft:jump":553,"minecraft:walk_on_water_one_cm":6525,"minecraft:total_world_time":24339,"minecraft:interact_with_smoker":4,"minecraft:fall_one_cm":11879},"minecraft:mined":{"minecraft:hay_block":4,"quark:dark_oak_trapped_chest":1,"minecraft:wheat":110,"biomesoplenty:lavender":1,"minecraft:spruce_log":19,"minecraft:grass":13,"minecraft:bookshelf":1,"minecraft:dirt_path":1},"minecraft:picked_up":{"biomesoplenty:lavender":1,"qualitycrops:wheat_gold":11,"chococraft:loverly_gysahl_green":7,"minecraft:wheat":108,"minecraft:feather":2,"minecraft:chicken":1,"qualitycrops:wheat_diamond":6,"minecraft:dirt":1,"minecraft:paper":10,"minecraft:lantern":1,"minecraft:experience_bottle":1,"chococraft:gysahl_green":107,"chococraft:gold_gysahl":2,"quark:dark_oak_trapped_chest":1,"minecraft:wheat_seeds":188,"minecraft:iron_ingot":2,"minecraft:written_book":1,"minecraft:book":4,"qualitycrops:chicken_gold":1,"minecraft:cooked_porkchop":3,"sophisticatedbackpacks:backpack":1,"minecraft:porkchop":6,"tombstone:grave_dust":1,"minecraft:spruce_log":19,"minecraft:dark_oak_log":2,"minecraft:rotten_flesh":19,"qualitycrops:wheat_iron":17,"minecraft:writable_book":1,"minecraft:hay_block":4,"minecraft:mutton":1,"minecraft:rail":4,"minecraft:white_wool":1},"minecraft:killed":{"minecraft:pig":4,"minecraft:sheep":1,"minecraft:pillager":2,"minecraft:zombie":6,"minecraft:chicken":1,"alexsmobs:fly":1},"minecraft:killed_by":{"minecraft:zombie":1}},"DataVersion":3465}