{"stats":{"minecraft:dropped":{"alexsmobs:maggot":1,"minecraft:wheat_seeds":2,"regions_unexplored:elephant_ear":2,"minecraft:knowledge_book":4,"minecraft:wooden_pickaxe":1},"minecraft:custom":{"minecraft:time_since_rest":3582,"minecraft:sprint_one_cm":32776,"minecraft:damage_taken":540,"minecraft:walk_one_cm":18246,"minecraft:drop":10,"minecraft:damage_dealt":35,"minecraft:swim_one_cm":38110,"minecraft:interact_with_crafting_table":2,"minecraft:fly_one_cm":68311,"minecraft:crouch_one_cm":547,"minecraft:play_time":11388,"minecraft:deaths":1,"minecraft:sneak_time":285,"minecraft:walk_under_water_one_cm":4744,"minecraft:jump":224,"minecraft:leave_game":1,"minecraft:time_since_death":5981,"minecraft:walk_on_water_one_cm":9306,"minecraft:total_world_time":11388,"minecraft:fall_one_cm":6981},"minecraft:mined":{"farmersdelight:wild_rice":1,"minecraft:iron_ore":2,"minecraft:grass":6,"chococraft:gysahl_green":4,"regions_unexplored:eucalyptus_log":12,"minecraft:melon":2,"minecraft:tall_grass":4,"regions_unexplored:elephant_ear":1,"minecraft:stone":5,"minecraft:fern":3},"minecraft:picked_up":{"minecraft:raw_iron":2,"regions_unexplored:eucalyptus_log":12,"regions_unexplored:elephant_ear":2,"chococraft:gysahl_green_seeds":4,"chococraft:gysahl_green":13,"chococraft:gold_gysahl":1,"minecraft:wheat_seeds":2,"alexsmobs:maggot":1,"minecraft:melon_slice":10,"minecraft:cobblestone":5},"minecraft:crafted":{"minecraft:crafting_table":1,"minecraft:stick":12,"minecraft:wooden_pickaxe":1,"minecraft:stone_pickaxe":1,"regions_unexplored:eucalyptus_planks":48},"minecraft:killed_by":{"minecraft:skeleton":1},"minecraft:used":{"minecraft:knowledge_book":13,"minecraft:stone_sword":4,"minecraft:stone_pickaxe":4,"minecraft:wooden_pickaxe":3,"minecraft:cobblestone":2,"minecraft:crafting_table":1}},"DataVersion":3465}