{"stats":{"minecraft:dropped":{"alexsmobs:maggot":1,"minecraft:wheat_seeds":2,"regions_unexplored:elephant_ear":2,"alexsmobs:animal_dictionary":2,"minecraft:knowledge_book":6,"minecraft:wooden_pickaxe":1},"minecraft:custom":{"minecraft:time_since_rest":15582,"lootr:looted_stat":9,"minecraft:sprint_one_cm":60324,"minecraft:damage_taken":764,"minecraft:walk_one_cm":51663,"minecraft:mob_kills":2,"minecraft:drop":14,"minecraft:damage_dealt":551,"minecraft:interact_with_cartography_table":1,"minecraft:talked_to_villager":2,"minecraft:swim_one_cm":42883,"minecraft:interact_with_crafting_table":3,"minecraft:fly_one_cm":269153,"minecraft:open_barrel":7,"minecraft:open_chest":1,"minecraft:crouch_one_cm":1247,"minecraft:play_time":23388,"minecraft:deaths":1,"minecraft:sneak_time":574,"minecraft:walk_under_water_one_cm":5441,"minecraft:jump":535,"minecraft:leave_game":1,"minecraft:time_since_death":17981,"minecraft:walk_on_water_one_cm":12330,"minecraft:climb_one_cm":1442,"minecraft:total_world_time":23388,"minecraft:fall_one_cm":15321},"minecraft:picked_up":{"minecraft:raw_iron":12,"minecraft:ladder":1,"regions_unexplored:eucalyptus_log":12,"regions_unexplored:elephant_ear":2,"minecraft:sand":1,"waystones:sandy_waystone":1,"chococraft:gysahl_green_seeds":4,"alexsmobs:animal_dictionary":1,"minecraft:spider_eye":1,"minecraft:string":5,"chococraft:gysahl_green":13,"chococraft:gold_gysahl":1,"minecraft:wheat_seeds":2,"minecraft:hay_block":9,"alexsmobs:maggot":1,"minecraft:melon_slice":10,"minecraft:cobblestone":6},"minecraft:mined":{"minecraft:hay_block":10,"farmersdelight:wild_rice":1,"minecraft:iron_ore":12,"minecraft:barrel":1,"minecraft:ladder":1,"minecraft:grass":6,"chococraft:gysahl_green":4,"regions_unexplored:eucalyptus_log":12,"minecraft:melon":2,"minecraft:sand":10,"minecraft:cobweb":3,"minecraft:tall_grass":4,"minecraft:cobblestone":1,"regions_unexplored:elephant_ear":1,"minecraft:stone":5,"minecraft:fern":3},"minecraft:crafted":{"minecraft:crafting_table":1,"minecraft:stick":12,"minecraft:wooden_pickaxe":1,"minecraft:stone_pickaxe":1,"minecraft:stone_hoe":1,"regions_unexplored:eucalyptus_planks":48},"minecraft:killed_by":{"minecraft:skeleton":1},"minecraft:used":{"minecraft:knowledge_book":15,"minecraft:stone_sword":20,"minecraft:melon_slice":9,"minecraft:stone_pickaxe":16,"minecraft:ladder":1,"minecraft:wooden_pickaxe":3,"minecraft:chainmail_helmet":1,"minecraft:stone_hoe":10,"minecraft:cooked_chicken":2,"minecraft:sand":1,"minecraft:cobblestone":3,"minecraft:crafting_table":1,"minecraft:chainmail_chestplate":1,"alexsmobs:animal_dictionary":1,"minecraft:cobweb":1},"minecraft:killed":{"minecraft:spider":1}},"DataVersion":3465}