{"stats":{"minecraft:dropped":{"minecraft:wheat_seeds":14,"minecraft:golden_helmet":3,"alexsmobs:animal_dictionary":1,"biomesoplenty:black_sand":6,"minecraft:cooked_mutton":1,"biomesoplenty:black_sandstone":4,"minecraft:poppy":2,"qualitycrops:wheat_gold":1,"minecraft:rose_bush":1,"minecraft:golden_leggings":2,"minecraft:wooden_sword":1,"minecraft:wooden_pickaxe":1},"minecraft:crafted":{"minecraft:wooden_sword":1,"minecraft:oak_planks":20,"quark:blossom_planks":64,"minecraft:emerald":1,"minecraft:crafting_table":3,"minecraft:wooden_pickaxe":1,"minecraft:stone_axe":1,"minecraft:stick":12,"minecraft:iron_ingot":9,"minecraft:stone_pickaxe":1,"chococraft:chocobo_saddle":1,"minecraft:stone_sword":1,"quark:blossom_wood":27},"minecraft:used":{"minecraft:stone_sword":123,"minecraft:stone_pickaxe":30,"minecraft:wooden_pickaxe":5,"minecraft:iron_sword":24,"minecraft:dirt":4,"minecraft:crafting_table":3,"minecraft:cod":5,"chococraft:gysahl_green_seeds":12,"minecraft:lantern":1,"minecraft:stone_axe":66,"minecraft:wooden_sword":4,"minecraft:cobblestone":5,"tombstone:gift":2,"chococraft:gysahl_green":2,"alexsmobs:animal_dictionary":1,"minecraft:experience_bottle":2},"minecraft:broken":{"minecraft:stone_sword":1},"minecraft:custom":{"minecraft:mob_kills":6,"minecraft:traded_with_villager":1,"minecraft:interact_with_crafting_table":7,"minecraft:time_since_death":19006,"minecraft:sleep_in_bed":2,"minecraft:climb_one_cm":5370,"minecraft:time_since_rest":13823,"minecraft:sprint_one_cm":78699,"minecraft:damage_taken":271,"minecraft:walk_one_cm":147116,"minecraft:drop":21,"minecraft:damage_dealt":3326,"minecraft:talked_to_villager":4,"minecraft:fly_one_cm":123458,"minecraft:open_chest":4,"minecraft:crouch_one_cm":5241,"minecraft:play_time":36265,"tombstone:undead_killed":1,"minecraft:deaths":1,"minecraft:sneak_time":3185,"minecraft:jump":570,"minecraft:total_world_time":36265,"minecraft:fall_one_cm":15360},"minecraft:mined":{"biomesoplenty:mossy_black_sand":1,"minecraft:dark_oak_leaves":1,"quark:oak_chest":2,"biomesoplenty:black_sand":3,"biomesoplenty:black_sandstone":2,"minecraft:grass_block":3,"minecraft:rose_bush":2,"quark:blossom_log":45,"minecraft:coal_block":8,"minecraft:cobblestone":1,"biomesoplenty:sprout":3,"minecraft:sugar_cane":6,"minecraft:hay_block":27,"minecraft:tnt":1,"biomesoplenty:clover":4,"chococraft:gysahl_green":26,"minecraft:grass":6,"minecraft:bookshelf":17,"minecraft:oak_log":5,"minecraft:dirt":8,"minecraft:cobweb":28,"minecraft:stone":22,"minecraft:iron_block":1,"minecraft:piston":1},"minecraft:picked_up":{"biomesoplenty:black_sandstone":4,"chococraft:loverly_gysahl_green":3,"qualitycrops:wheat_gold":1,"qualitycrops:beef_diamond":1,"minecraft:leather":2,"minecraft:golden_leggings":2,"minecraft:oak_log":5,"minecraft:string":28,"minecraft:dirt":11,"minecraft:lantern":3,"minecraft:armor_stand":6,"minecraft:cooked_mutton":1,"minecraft:item_frame":7,"chococraft:chocobo_feather":2,"minecraft:experience_bottle":3,"chococraft:gysahl_green":68,"minecraft:wheat_seeds":4,"biomesoplenty:black_sand":6,"minecraft:beef":4,"minecraft:iron_ingot":12,"minecraft:rose_bush":1,"minecraft:poppy":2,"quark:yellow_blossom_sapling":3,"minecraft:sugar_cane":18,"minecraft:coal_block":8,"minecraft:iron_sword":2,"minecraft:piston":1,"qualitycrops:sugar_cane_iron":4,"minecraft:book":53,"minecraft:golden_helmet":3,"quark:blossom_log":39,"chococraft:gysahl_green_seeds":24,"quark:oak_chest":2,"minecraft:tnt":1,"minecraft:hay_block":27,"minecraft:iron_block":1,"minecraft:bread":1,"minecraft:cobblestone":23},"minecraft:killed":{"minecraft:iron_golem":3,"minecraft:zombie":1,"minecraft:cow":2},"minecraft:killed_by":{"minecraft:iron_golem":1}},"DataVersion":3465}