{"stats":{"minecraft:dropped":{"minecraft:golden_helmet":1,"biomesoplenty:black_sand":6,"minecraft:cooked_mutton":1,"biomesoplenty:black_sandstone":4,"qualitycrops:wheat_gold":1,"minecraft:wooden_sword":1,"minecraft:wooden_pickaxe":1},"minecraft:crafted":{"minecraft:wooden_sword":1,"minecraft:oak_planks":20,"minecraft:crafting_table":2,"minecraft:wooden_pickaxe":1,"minecraft:stone_axe":1,"minecraft:stick":12,"minecraft:iron_ingot":9,"minecraft:stone_pickaxe":1,"minecraft:stone_sword":1},"minecraft:used":{"minecraft:stone_sword":80,"minecraft:stone_pickaxe":30,"minecraft:wooden_pickaxe":5,"minecraft:iron_sword":8,"minecraft:crafting_table":2,"minecraft:cod":5,"minecraft:lantern":1,"minecraft:stone_axe":19,"minecraft:wooden_sword":4,"minecraft:cobblestone":5,"alexsmobs:animal_dictionary":1,"minecraft:experience_bottle":2},"minecraft:custom":{"minecraft:mob_kills":3,"minecraft:interact_with_crafting_table":6,"minecraft:time_since_death":7006,"minecraft:sleep_in_bed":2,"minecraft:climb_one_cm":4628,"minecraft:time_since_rest":1823,"minecraft:sprint_one_cm":55438,"minecraft:damage_taken":261,"minecraft:walk_one_cm":108521,"minecraft:drop":13,"minecraft:damage_dealt":2126,"minecraft:talked_to_villager":1,"minecraft:fly_one_cm":70021,"minecraft:open_chest":4,"minecraft:crouch_one_cm":4922,"minecraft:play_time":24265,"tombstone:undead_killed":1,"minecraft:deaths":1,"minecraft:sneak_time":2831,"minecraft:jump":341,"minecraft:total_world_time":24265,"minecraft:fall_one_cm":8759},"minecraft:mined":{"biomesoplenty:mossy_black_sand":1,"quark:oak_chest":2,"biomesoplenty:black_sand":3,"biomesoplenty:black_sandstone":2,"minecraft:grass_block":3,"minecraft:rose_bush":1,"minecraft:coal_block":8,"minecraft:cobblestone":1,"biomesoplenty:sprout":3,"minecraft:sugar_cane":6,"minecraft:hay_block":27,"minecraft:tnt":1,"chococraft:gysahl_green":2,"minecraft:grass":1,"minecraft:bookshelf":17,"minecraft:oak_log":5,"minecraft:dirt":8,"minecraft:cobweb":28,"minecraft:stone":22,"minecraft:iron_block":1,"minecraft:piston":1},"minecraft:picked_up":{"biomesoplenty:black_sandstone":4,"qualitycrops:wheat_gold":1,"minecraft:golden_leggings":2,"minecraft:oak_log":5,"minecraft:string":28,"minecraft:dirt":11,"minecraft:lantern":3,"minecraft:armor_stand":6,"minecraft:cooked_mutton":1,"minecraft:item_frame":6,"minecraft:experience_bottle":3,"chococraft:gysahl_green":5,"minecraft:wheat_seeds":3,"biomesoplenty:black_sand":6,"minecraft:iron_ingot":9,"minecraft:rose_bush":1,"minecraft:poppy":1,"minecraft:sugar_cane":18,"minecraft:coal_block":8,"minecraft:iron_sword":1,"minecraft:piston":1,"qualitycrops:sugar_cane_iron":4,"minecraft:book":53,"minecraft:golden_helmet":3,"chococraft:gysahl_green_seeds":2,"quark:oak_chest":2,"minecraft:tnt":1,"minecraft:hay_block":27,"minecraft:iron_block":1,"minecraft:bread":1,"minecraft:cobblestone":23},"minecraft:killed":{"minecraft:iron_golem":2,"minecraft:zombie":1},"minecraft:killed_by":{"minecraft:iron_golem":1}},"DataVersion":3465}