{"stats":{"minecraft:dropped":{"minecraft:wheat_seeds":14,"minecraft:golden_helmet":3,"biomesoplenty:black_sand":6,"minecraft:lantern":2,"biomesoplenty:black_sandstone":4,"quark:orange_shingles":5,"minecraft:dirt":7,"minecraft:rose_bush":1,"minecraft:wooden_sword":1,"minecraft:sand":15,"minecraft:chiseled_sandstone":7,"minecraft:armor_stand":6,"alexsmobs:animal_dictionary":1,"qualitycrops:beef_gold":3,"qualitycrops:sugar_cane_iron":4,"minecraft:rotten_flesh":4,"minecraft:cooked_mutton":1,"minecraft:poppy":2,"supplementaries:flax_seeds":1,"qualitycrops:wheat_gold":1,"minecraft:orange_terracotta":2,"biomesoplenty:wildflower":1,"minecraft:golden_leggings":2,"minecraft:sandstone":21,"minecraft:wooden_pickaxe":1,"quark:yellow_shingles":2},"minecraft:crafted":{"minecraft:wooden_sword":1,"minecraft:oak_planks":20,"minecraft:coal":72,"chococraft:chocobo_saddle_bags":1,"minecraft:stone_pickaxe":1,"quark:blossom_wood":27,"minecraft:wheat":9,"minecraft:coal_block":8,"sophisticatedbackpacks:backpack":1,"minecraft:emerald":1,"quark:blossom_planks":120,"minecraft:crafting_table":4,"farmersdelight:iron_knife":1,"minecraft:wooden_pickaxe":1,"minecraft:stone_axe":1,"minecraft:stick":20,"minecraft:iron_ingot":9,"minecraft:stone_sword":1,"chococraft:chocobo_saddle":1},"minecraft:used":{"minecraft:stone_sword":123,"minecraft:iron_sword":126,"minecraft:dirt":4,"quark:yellow_blossom_sapling":3,"minecraft:lantern":1,"tombstone:gift":2,"farmersdelight:iron_knife":28,"minecraft:stone_pickaxe":33,"minecraft:wooden_pickaxe":5,"minecraft:crafting_table":8,"minecraft:cod":5,"chococraft:gysahl_green_seeds":12,"minecraft:bread":5,"minecraft:stone_axe":87,"minecraft:wooden_sword":4,"minecraft:cobblestone":8,"chococraft:gysahl_green":4,"alexsmobs:animal_dictionary":1,"minecraft:experience_bottle":2},"minecraft:broken":{"minecraft:stone_sword":1},"minecraft:custom":{"minecraft:mob_kills":23,"minecraft:animals_bred":1,"minecraft:interact_with_crafting_table":16,"minecraft:open_barrel":4,"minecraft:leave_game":1,"minecraft:time_since_death":18934,"minecraft:climb_one_cm":9837,"minecraft:sprint_one_cm":113889,"minecraft:walk_one_cm":359162,"minecraft:drop":36,"minecraft:talked_to_villager":7,"minecraft:play_time":86430,"minecraft:deaths":2,"minecraft:sneak_time":4146,"minecraft:walk_under_water_one_cm":158,"minecraft:jump":934,"minecraft:walk_on_water_one_cm":828,"minecraft:total_world_time":86430,"minecraft:traded_with_villager":1,"minecraft:sleep_in_bed":4,"minecraft:time_since_rest":18020,"minecraft:waystone_activated":1,"minecraft:damage_taken":825,"minecraft:damage_dealt":6062,"minecraft:fly_one_cm":182442,"minecraft:open_chest":23,"minecraft:crouch_one_cm":8179,"tombstone:undead_killed":6,"minecraft:fall_one_cm":24426},"minecraft:mined":{"biomesoplenty:mossy_black_sand":1,"farmersdelight:rich_soil":1,"minecraft:dark_oak_leaves":1,"biomesoplenty:desert_grass":12,"minecraft:grass_block":4,"minecraft:coal_block":8,"biomesoplenty:dune_grass":15,"minecraft:large_fern":1,"minecraft:hay_block":27,"minecraft:carrots":15,"minecraft:bookshelf":17,"chococraft:gysahl_green":80,"minecraft:potatoes":1,"minecraft:stone":22,"minecraft:iron_block":1,"quark:oak_chest":2,"biomesoplenty:wildflower":1,"biomesoplenty:black_sand":3,"quark:crate":1,"minecraft:crafting_table":4,"biomesoplenty:black_sandstone":2,"minecraft:rose_bush":2,"quark:blossom_log":45,"supplementaries:wild_flax":1,"minecraft:tall_grass":8,"minecraft:cobblestone":2,"biomesoplenty:sprout":11,"minecraft:sugar_cane":10,"minecraft:tnt":1,"minecraft:grass":236,"biomesoplenty:clover":6,"minecraft:oak_log":5,"vinery:jungle_grape_bush_white":1,"minecraft:dirt":8,"minecraft:sandstone_wall":1,"minecraft:cobweb":28,"minecraft:piston":1,"minecraft:oak_leaves":1,"minecraft:fern":60},"minecraft:picked_up":{"qualitycrops:wheat_gold":1,"chococraft:loverly_gysahl_green":7,"minecraft:crafting_table":4,"minecraft:wheat":1,"qualitycrops:beef_diamond":2,"minecraft:string":28,"minecraft:item_frame":7,"minecraft:armor_stand":6,"minecraft:experience_bottle":3,"qualitycrops:beef_gold":3,"biomesoplenty:black_sand":6,"qualitycrops:carrot_iron":5,"minecraft:beef":16,"minecraft:rose_bush":1,"minecraft:poppy":2,"minecraft:coal_block":8,"quark:yellow_blossom_sapling":3,"biomesoplenty:wildflower":1,"minecraft:sugar_cane":20,"minecraft:piston":1,"vinery:jungle_grape_seeds_white":2,"qualitycrops:sugar_cane_iron":4,"minecraft:golden_helmet":3,"quark:blossom_log":39,"minecraft:carrot":63,"qualitycrops:potato_diamond":1,"minecraft:tnt":1,"minecraft:arrow":1,"minecraft:rotten_flesh":4,"minecraft:hay_block":27,"minecraft:iron_block":1,"alexsmobs:emu_egg":2,"minecraft:cobblestone":23,"biomesoplenty:black_sandstone":4,"minecraft:leather":15,"minecraft:golden_leggings":2,"minecraft:potato":8,"minecraft:oak_log":5,"supplementaries:flax_seeds":1,"minecraft:dirt":11,"minecraft:lantern":3,"minecraft:cooked_mutton":1,"chococraft:chocobo_feather":8,"chococraft:gysahl_green":176,"chococraft:gold_gysahl":2,"minecraft:wheat_seeds":26,"minecraft:iron_ingot":12,"minecraft:iron_sword":2,"minecraft:book":53,"chococraft:gysahl_green_seeds":67,"qualitycrops:carrot_diamond":2,"quark:oak_chest":2,"alexsmobs:guster_eye":1,"minecraft:bread":1},"minecraft:killed":{"minecraft:horse":2,"minecraft:skeleton":1,"minecraft:husk":2,"alexsmobs:guster":1,"minecraft:iron_golem":3,"minecraft:zombie":3,"alexsmobs:crocodile":1,"minecraft:cow":10},"minecraft:killed_by":{"minecraft:iron_golem":1,"alexsmobs:crocodile":1}},"DataVersion":3465}