{"stats":{"minecraft:custom":{"minecraft:mob_kills":66,"minecraft:animals_bred":1,"minecraft:interact_with_crafting_table":17,"minecraft:open_barrel":4,"minecraft:leave_game":12,"minecraft:time_since_death":6650,"minecraft:climb_one_cm":10519,"minecraft:sprint_one_cm":248591,"minecraft:walk_one_cm":583267,"minecraft:damage_blocked_by_shield":850,"minecraft:drop":44,"minecraft:talked_to_villager":7,"minecraft:play_time":151803,"minecraft:deaths":7,"minecraft:sneak_time":5063,"minecraft:walk_under_water_one_cm":44685,"minecraft:jump":2188,"minecraft:walk_on_water_one_cm":20429,"minecraft:total_world_time":151803,"tombstone:raider_killed":12,"minecraft:traded_with_villager":1,"minecraft:sleep_in_bed":5,"minecraft:time_since_rest":4251,"minecraft:waystone_activated":1,"minecraft:damage_taken":2846,"minecraft:damage_dealt":14305,"minecraft:swim_one_cm":603,"minecraft:fly_one_cm":418006,"minecraft:open_chest":23,"minecraft:crouch_one_cm":10728,"tombstone:undead_killed":31,"minecraft:fall_one_cm":58819},"minecraft:broken":{"minecraft:stone_sword":1,"minecraft:iron_sword":1},"minecraft:picked_up":{"minecraft:wheat":1,"minecraft:crafting_table":4,"qualitycrops:wheat_gold":1,"chococraft:loverly_gysahl_green":7,"minecraft:allium":2,"minecraft:clay_ball":3,"qualitycrops:beef_diamond":2,"minecraft:string":35,"minecraft:item_frame":7,"minecraft:armor_stand":6,"minecraft:experience_bottle":3,"qualitycrops:beef_gold":3,"biomesoplenty:black_sand":6,"minecraft:gold_nugget":10,"minecraft:cobbled_deepslate":19,"qualitycrops:carrot_iron":5,"minecraft:beef":16,"minecraft:rose_bush":1,"minecraft:poppy":2,"minecraft:coal_block":8,"quark:yellow_blossom_sapling":3,"biomesoplenty:wildflower":1,"minecraft:sugar_cane":20,"minecraft:piston":1,"vinery:jungle_grape_seeds_white":2,"qualitycrops:sugar_cane_iron":4,"minecraft:golden_helmet":3,"minecraft:raw_iron":43,"quark:blossom_log":39,"tombstone:grave_dust":2,"minecraft:carrot":63,"minecraft:redstone":1,"qualitycrops:potato_diamond":2,"minecraft:tnt":1,"minecraft:arrow":18,"minecraft:rotten_flesh":18,"minecraft:hay_block":27,"minecraft:iron_block":1,"alexsmobs:emu_egg":2,"tombstone:essence_of_undeath":1,"supplementaries:ash":6,"minecraft:cobblestone":25,"biomesoplenty:black_sandstone":4,"minecraft:feather":2,"minecraft:leather":15,"minecraft:golden_leggings":2,"minecraft:potato":8,"minecraft:flint":6,"minecraft:tuff":6,"minecraft:oak_log":5,"supplementaries:flax_seeds":1,"minecraft:gunpowder":3,"minecraft:dirt":11,"minecraft:lantern":3,"quark:forgotten_hat":2,"minecraft:cooked_mutton":1,"chococraft:chocobo_feather":8,"minecraft:bone":27,"chococraft:gysahl_green":176,"chococraft:gold_gysahl":2,"minecraft:wheat_seeds":26,"minecraft:raw_gold":4,"minecraft:iron_ingot":12,"minecraft:cobweb":3,"minecraft:iron_sword":2,"minecraft:book":53,"minecraft:gravel":57,"chococraft:gysahl_green_seeds":67,"qualitycrops:carrot_diamond":2,"quark:oak_chest":2,"minecraft:spider_eye":2,"minecraft:slime_ball":3,"alexsmobs:guster_eye":1,"minecraft:purple_bed":1,"minecraft:sugar":2,"minecraft:emerald":8,"minecraft:bread":1,"tombstone:magic_scroll":2},"minecraft:crafted":{"minecraft:wooden_sword":1,"minecraft:oak_planks":20,"minecraft:coal":72,"chococraft:chocobo_saddle_bags":1,"minecraft:stone_pickaxe":1,"quark:blossom_wood":27,"minecraft:wheat":9,"minecraft:coal_block":8,"minecraft:emerald":1,"sophisticatedbackpacks:backpack":1,"quark:blossom_planks":120,"minecraft:crafting_table":5,"farmersdelight:iron_knife":1,"minecraft:wooden_pickaxe":1,"minecraft:stone_axe":1,"minecraft:shield":1,"minecraft:stick":20,"minecraft:iron_ingot":9,"minecraft:stone_sword":1,"chococraft:chocobo_saddle":1,"minecraft:torch":16},"minecraft:dropped":{"minecraft:wheat_seeds":14,"minecraft:golden_helmet":3,"biomesoplenty:black_sand":6,"minecraft:lantern":2,"biomesoplenty:black_sandstone":4,"quark:orange_shingles":5,"minecraft:dirt":7,"qualitycrops:potato_diamond":1,"minecraft:rose_bush":1,"minecraft:wooden_sword":1,"minecraft:sand":15,"minecraft:chiseled_sandstone":7,"minecraft:armor_stand":6,"alexsmobs:animal_dictionary":1,"qualitycrops:beef_gold":3,"qualitycrops:sugar_cane_iron":4,"minecraft:rotten_flesh":5,"minecraft:cooked_mutton":1,"minecraft:poppy":2,"supplementaries:flax_seeds":1,"supplementaries:ash":4,"qualitycrops:wheat_gold":1,"minecraft:allium":2,"minecraft:orange_terracotta":2,"biomesoplenty:wildflower":1,"minecraft:golden_leggings":2,"minecraft:sandstone":21,"minecraft:wooden_pickaxe":1,"quark:yellow_shingles":2},"minecraft:mined":{"biomesoplenty:mossy_black_sand":1,"minecraft:tuff":8,"farmersdelight:rich_soil":1,"minecraft:dark_oak_leaves":1,"biomesoplenty:desert_grass":12,"minecraft:glow_lichen":1,"minecraft:grass_block":4,"minecraft:coal_block":8,"biomesoplenty:dune_grass":15,"minecraft:large_fern":1,"minecraft:hay_block":30,"minecraft:carrots":15,"chococraft:gysahl_green":81,"minecraft:bookshelf":17,"minecraft:potatoes":1,"minecraft:deepslate_iron_ore":44,"biomesoplenty:webbing":2,"biomesoplenty:spider_egg":1,"minecraft:stone":22,"minecraft:iron_block":1,"quark:oak_chest":2,"biomesoplenty:glowworm_silk":3,"biomesoplenty:wildflower":1,"biomesoplenty:black_sand":3,"quark:crate":1,"biomesoplenty:hanging_cobweb_strand":1,"minecraft:crafting_table":4,"biomesoplenty:black_sandstone":2,"minecraft:rose_bush":2,"quark:blossom_log":45,"supplementaries:wild_flax":1,"minecraft:tall_grass":8,"minecraft:cobblestone":3,"biomesoplenty:sprout":11,"minecraft:sugar_cane":10,"supplementaries:urn":7,"minecraft:purple_bed":1,"minecraft:cactus":1,"minecraft:beehive":1,"minecraft:tnt":1,"minecraft:grass":237,"biomesoplenty:clover":6,"minecraft:oak_log":5,"vinery:jungle_grape_bush_white":1,"minecraft:gravel":64,"minecraft:dirt":8,"minecraft:sandstone_wall":1,"biomesoplenty:stringy_cobweb":2,"minecraft:cobweb":31,"minecraft:piston":1,"minecraft:oak_leaves":1,"minecraft:deepslate":10,"minecraft:fern":60},"minecraft:used":{"minecraft:stone_sword":123,"minecraft:shield":34,"minecraft:iron_sword":300,"minecraft:torch":9,"minecraft:dirt":4,"quark:yellow_blossom_sapling":3,"minecraft:tuff":3,"minecraft:lantern":1,"tombstone:gift":4,"minecraft:cobbled_deepslate":13,"farmersdelight:iron_knife":28,"minecraft:stone_pickaxe":109,"minecraft:wooden_pickaxe":5,"minecraft:crafting_table":9,"qualitycrops:carrot_diamond":1,"minecraft:cod":5,"qualitycrops:potato_diamond":1,"chococraft:gysahl_green_seeds":12,"minecraft:bread":20,"tombstone:magic_scroll":3,"minecraft:gravel":3,"minecraft:stone_axe":91,"minecraft:wooden_sword":4,"minecraft:cobblestone":12,"minecraft:purple_bed":1,"chococraft:gysahl_green":4,"alexsmobs:animal_dictionary":1,"minecraft:cobweb":3,"minecraft:experience_bottle":2},"minecraft:killed":{"minecraft:cave_spider":1,"minecraft:witch":1,"minecraft:spider":3,"quark:toretoise":2,"minecraft:slime":3,"quark:forgotten":1,"minecraft:skeleton":4,"minecraft:horse":2,"takesapillage:clay_golem":1,"minecraft:husk":2,"alexsmobs:guster":1,"minecraft:iron_golem":3,"minecraft:creeper":4,"minecraft:zombie":24,"alexsmobs:crocodile":1,"minecraft:cow":10},"minecraft:killed_by":{"minecraft:iron_golem":1,"alexsmobs:crocodile":1,"alexsmobs:centipede_head":1,"minecraft:zombie":2}},"DataVersion":3465}