{"stats":{"minecraft:dropped":{"minecraft:wheat_seeds":14,"minecraft:golden_helmet":3,"alexsmobs:animal_dictionary":1,"biomesoplenty:black_sand":6,"minecraft:lantern":2,"minecraft:cooked_mutton":1,"biomesoplenty:black_sandstone":4,"minecraft:poppy":2,"qualitycrops:wheat_gold":1,"biomesoplenty:wildflower":1,"minecraft:rose_bush":1,"minecraft:golden_leggings":2,"minecraft:wooden_sword":1,"minecraft:wooden_pickaxe":1},"minecraft:crafted":{"minecraft:wooden_sword":1,"minecraft:oak_planks":20,"quark:blossom_planks":120,"minecraft:emerald":1,"minecraft:crafting_table":4,"farmersdelight:iron_knife":1,"minecraft:wooden_pickaxe":1,"minecraft:stone_axe":1,"chococraft:chocobo_saddle_bags":1,"minecraft:stick":20,"minecraft:iron_ingot":9,"minecraft:stone_pickaxe":1,"chococraft:chocobo_saddle":1,"minecraft:stone_sword":1,"quark:blossom_wood":27,"minecraft:wheat":9},"minecraft:used":{"farmersdelight:iron_knife":24,"minecraft:stone_sword":123,"minecraft:stone_pickaxe":30,"minecraft:wooden_pickaxe":5,"minecraft:iron_sword":78,"minecraft:dirt":4,"quark:yellow_blossom_sapling":3,"minecraft:crafting_table":7,"minecraft:cod":5,"chococraft:gysahl_green_seeds":12,"minecraft:lantern":1,"minecraft:bread":5,"minecraft:stone_axe":87,"minecraft:wooden_sword":4,"minecraft:cobblestone":5,"tombstone:gift":2,"chococraft:gysahl_green":4,"alexsmobs:animal_dictionary":1,"minecraft:experience_bottle":2},"minecraft:broken":{"minecraft:stone_sword":1},"minecraft:custom":{"minecraft:mob_kills":15,"minecraft:animals_bred":1,"minecraft:traded_with_villager":1,"minecraft:interact_with_crafting_table":13,"minecraft:time_since_death":49006,"minecraft:sleep_in_bed":4,"minecraft:climb_one_cm":7433,"minecraft:time_since_rest":8643,"minecraft:sprint_one_cm":110034,"minecraft:damage_taken":540,"minecraft:walk_one_cm":274658,"minecraft:drop":23,"minecraft:damage_dealt":5012,"minecraft:talked_to_villager":6,"minecraft:fly_one_cm":170067,"minecraft:open_chest":14,"minecraft:crouch_one_cm":7890,"minecraft:play_time":66265,"tombstone:undead_killed":6,"minecraft:deaths":1,"minecraft:sneak_time":3964,"minecraft:walk_under_water_one_cm":158,"minecraft:jump":839,"minecraft:walk_on_water_one_cm":785,"minecraft:total_world_time":66265,"minecraft:fall_one_cm":21628},"minecraft:mined":{"biomesoplenty:mossy_black_sand":1,"farmersdelight:rich_soil":1,"minecraft:dark_oak_leaves":1,"quark:oak_chest":2,"biomesoplenty:wildflower":1,"biomesoplenty:desert_grass":12,"biomesoplenty:black_sand":3,"minecraft:crafting_table":4,"biomesoplenty:black_sandstone":2,"minecraft:grass_block":4,"minecraft:rose_bush":2,"quark:blossom_log":45,"minecraft:tall_grass":3,"minecraft:coal_block":8,"minecraft:cobblestone":1,"biomesoplenty:sprout":11,"minecraft:sugar_cane":8,"biomesoplenty:dune_grass":15,"minecraft:large_fern":1,"minecraft:hay_block":27,"minecraft:carrots":15,"minecraft:tnt":1,"minecraft:potatoes":1,"biomesoplenty:clover":6,"chococraft:gysahl_green":60,"minecraft:grass":234,"minecraft:bookshelf":17,"minecraft:oak_log":5,"vinery:jungle_grape_bush_white":1,"minecraft:dirt":8,"minecraft:cobweb":28,"minecraft:stone":22,"minecraft:iron_block":1,"minecraft:piston":1,"minecraft:oak_leaves":1,"minecraft:fern":60},"minecraft:picked_up":{"biomesoplenty:black_sandstone":4,"minecraft:wheat":1,"minecraft:crafting_table":4,"chococraft:loverly_gysahl_green":6,"qualitycrops:wheat_gold":1,"minecraft:potato":8,"qualitycrops:beef_diamond":2,"minecraft:leather":7,"minecraft:golden_leggings":2,"minecraft:oak_log":5,"minecraft:string":28,"minecraft:dirt":11,"minecraft:lantern":3,"minecraft:armor_stand":6,"minecraft:cooked_mutton":1,"minecraft:item_frame":7,"chococraft:chocobo_feather":5,"minecraft:experience_bottle":3,"chococraft:gysahl_green":125,"chococraft:gold_gysahl":1,"minecraft:wheat_seeds":25,"biomesoplenty:black_sand":6,"qualitycrops:carrot_iron":5,"minecraft:beef":6,"minecraft:iron_ingot":12,"minecraft:rose_bush":1,"minecraft:poppy":2,"biomesoplenty:wildflower":1,"quark:yellow_blossom_sapling":3,"minecraft:sugar_cane":19,"minecraft:coal_block":8,"minecraft:iron_sword":2,"minecraft:piston":1,"vinery:jungle_grape_seeds_white":2,"qualitycrops:sugar_cane_iron":4,"minecraft:book":53,"minecraft:golden_helmet":3,"quark:blossom_log":39,"qualitycrops:carrot_diamond":2,"chococraft:gysahl_green_seeds":51,"minecraft:carrot":63,"quark:oak_chest":2,"qualitycrops:potato_diamond":1,"minecraft:tnt":1,"minecraft:arrow":1,"minecraft:rotten_flesh":2,"minecraft:hay_block":27,"minecraft:iron_block":1,"alexsmobs:emu_egg":1,"minecraft:bread":1,"minecraft:cobblestone":23},"minecraft:killed":{"minecraft:husk":2,"minecraft:iron_golem":3,"minecraft:horse":2,"minecraft:skeleton":1,"minecraft:zombie":3,"minecraft:cow":4},"minecraft:killed_by":{"minecraft:iron_golem":1}},"DataVersion":3465}