{"stats":{"minecraft:dropped":{"minecraft:wheat_seeds":14,"minecraft:golden_helmet":3,"alexsmobs:animal_dictionary":1,"qualitycrops:sugar_cane_iron":4,"biomesoplenty:black_sand":6,"minecraft:rotten_flesh":4,"minecraft:lantern":2,"minecraft:cooked_mutton":1,"biomesoplenty:black_sandstone":4,"quark:orange_shingles":5,"supplementaries:flax_seeds":1,"minecraft:poppy":2,"minecraft:dirt":7,"qualitycrops:wheat_gold":1,"minecraft:orange_terracotta":2,"biomesoplenty:wildflower":1,"minecraft:rose_bush":1,"minecraft:golden_leggings":2,"minecraft:wooden_sword":1,"minecraft:sandstone":21,"minecraft:sand":15,"minecraft:wooden_pickaxe":1,"quark:yellow_shingles":2,"minecraft:chiseled_sandstone":7,"minecraft:armor_stand":6},"minecraft:crafted":{"minecraft:coal_block":8,"minecraft:wooden_sword":1,"minecraft:coal":72,"minecraft:oak_planks":20,"quark:blossom_planks":120,"minecraft:emerald":1,"minecraft:crafting_table":4,"farmersdelight:iron_knife":1,"minecraft:wooden_pickaxe":1,"minecraft:stone_axe":1,"chococraft:chocobo_saddle_bags":1,"minecraft:stick":20,"minecraft:iron_ingot":9,"minecraft:stone_pickaxe":1,"chococraft:chocobo_saddle":1,"minecraft:stone_sword":1,"quark:blossom_wood":27,"minecraft:wheat":9},"minecraft:used":{"farmersdelight:iron_knife":25,"minecraft:stone_sword":123,"minecraft:stone_pickaxe":31,"minecraft:wooden_pickaxe":5,"minecraft:iron_sword":107,"minecraft:dirt":4,"quark:yellow_blossom_sapling":3,"minecraft:crafting_table":7,"minecraft:cod":5,"chococraft:gysahl_green_seeds":12,"minecraft:lantern":1,"minecraft:bread":5,"minecraft:stone_axe":87,"minecraft:wooden_sword":4,"minecraft:cobblestone":5,"tombstone:gift":2,"chococraft:gysahl_green":4,"alexsmobs:animal_dictionary":1,"minecraft:experience_bottle":2},"minecraft:broken":{"minecraft:stone_sword":1},"minecraft:custom":{"minecraft:mob_kills":16,"minecraft:animals_bred":1,"minecraft:traded_with_villager":1,"minecraft:interact_with_crafting_table":14,"minecraft:open_barrel":4,"minecraft:time_since_death":10769,"minecraft:sleep_in_bed":4,"minecraft:climb_one_cm":8839,"minecraft:time_since_rest":9855,"minecraft:sprint_one_cm":113096,"minecraft:damage_taken":739,"minecraft:walk_one_cm":342548,"minecraft:drop":35,"minecraft:damage_dealt":5312,"minecraft:talked_to_villager":7,"minecraft:fly_one_cm":182100,"minecraft:open_chest":23,"minecraft:crouch_one_cm":8179,"minecraft:play_time":78265,"tombstone:undead_killed":6,"minecraft:deaths":2,"minecraft:sneak_time":4128,"minecraft:walk_under_water_one_cm":158,"minecraft:jump":917,"minecraft:walk_on_water_one_cm":828,"minecraft:total_world_time":78265,"minecraft:fall_one_cm":23045},"minecraft:mined":{"biomesoplenty:mossy_black_sand":1,"farmersdelight:rich_soil":1,"minecraft:dark_oak_leaves":1,"quark:oak_chest":2,"biomesoplenty:wildflower":1,"quark:crate":1,"biomesoplenty:desert_grass":12,"biomesoplenty:black_sand":3,"minecraft:crafting_table":4,"biomesoplenty:black_sandstone":2,"minecraft:grass_block":4,"minecraft:rose_bush":2,"supplementaries:wild_flax":1,"quark:blossom_log":45,"minecraft:tall_grass":3,"minecraft:coal_block":8,"minecraft:cobblestone":1,"biomesoplenty:sprout":11,"minecraft:sugar_cane":10,"biomesoplenty:dune_grass":15,"minecraft:large_fern":1,"minecraft:hay_block":27,"minecraft:carrots":15,"minecraft:tnt":1,"minecraft:potatoes":1,"biomesoplenty:clover":6,"chococraft:gysahl_green":80,"minecraft:grass":234,"minecraft:bookshelf":17,"minecraft:oak_log":5,"vinery:jungle_grape_bush_white":1,"minecraft:dirt":8,"minecraft:cobweb":28,"minecraft:stone":22,"minecraft:iron_block":1,"minecraft:piston":1,"minecraft:oak_leaves":1,"minecraft:fern":60},"minecraft:picked_up":{"biomesoplenty:black_sandstone":4,"minecraft:wheat":1,"minecraft:crafting_table":4,"chococraft:loverly_gysahl_green":7,"qualitycrops:wheat_gold":1,"minecraft:potato":8,"qualitycrops:beef_diamond":2,"minecraft:leather":7,"minecraft:golden_leggings":2,"minecraft:oak_log":5,"supplementaries:flax_seeds":1,"minecraft:string":28,"minecraft:dirt":11,"minecraft:lantern":3,"minecraft:armor_stand":6,"minecraft:cooked_mutton":1,"minecraft:item_frame":7,"chococraft:chocobo_feather":5,"minecraft:experience_bottle":3,"chococraft:gysahl_green":176,"chococraft:gold_gysahl":2,"minecraft:wheat_seeds":25,"biomesoplenty:black_sand":6,"qualitycrops:carrot_iron":5,"minecraft:beef":6,"minecraft:iron_ingot":12,"minecraft:rose_bush":1,"minecraft:poppy":2,"biomesoplenty:wildflower":1,"quark:yellow_blossom_sapling":3,"minecraft:sugar_cane":20,"minecraft:coal_block":8,"minecraft:iron_sword":2,"minecraft:piston":1,"vinery:jungle_grape_seeds_white":2,"qualitycrops:sugar_cane_iron":4,"minecraft:book":53,"minecraft:golden_helmet":3,"quark:blossom_log":39,"qualitycrops:carrot_diamond":2,"chococraft:gysahl_green_seeds":67,"minecraft:carrot":63,"quark:oak_chest":2,"qualitycrops:potato_diamond":1,"minecraft:tnt":1,"minecraft:arrow":1,"minecraft:rotten_flesh":4,"minecraft:hay_block":27,"minecraft:iron_block":1,"alexsmobs:emu_egg":2,"minecraft:bread":1,"minecraft:cobblestone":23},"minecraft:killed":{"minecraft:husk":2,"minecraft:iron_golem":3,"minecraft:horse":2,"minecraft:skeleton":1,"alexsmobs:crocodile":1,"minecraft:zombie":3,"minecraft:cow":4},"minecraft:killed_by":{"alexsmobs:crocodile":1,"minecraft:iron_golem":1}},"DataVersion":3465}