{"stats":{"minecraft:broken":{"minecraft:stone_sword":1,"minecraft:stone_pickaxe":3},"minecraft:dropped":{"minecraft:wheat_seeds":2,"minecraft:knowledge_book":16,"regions_unexplored:elephant_ear":2,"minecraft:crimson_roots":1,"regions_unexplored:glistering_ivy":1,"minecraft:sand":2,"alexsmobs:maggot":1,"alexsmobs:animal_dictionary":2,"born_in_chaos_v1:rotten_fish":2,"minecraft:rotten_flesh":3,"minecraft:wooden_pickaxe":2},"minecraft:custom":{"lootr:looted_stat":17,"minecraft:mob_kills":43,"minecraft:open_barrel":43,"minecraft:interact_with_crafting_table":22,"minecraft:interact_with_campfire":2,"minecraft:leave_game":4,"minecraft:time_since_death":156,"minecraft:climb_one_cm":1442,"minecraft:sprint_one_cm":219635,"minecraft:walk_one_cm":330497,"minecraft:damage_blocked_by_shield":350,"minecraft:drop":33,"minecraft:talked_to_villager":3,"minecraft:play_time":118475,"minecraft:deaths":5,"minecraft:sneak_time":10480,"minecraft:walk_under_water_one_cm":18911,"minecraft:jump":2073,"minecraft:walk_on_water_one_cm":34713,"minecraft:total_world_time":118475,"minecraft:interact_with_furnace":2,"minecraft:interact_with_cartography_table":1,"minecraft:sleep_in_bed":1,"minecraft:time_since_rest":1,"minecraft:waystone_activated":3,"minecraft:damage_taken":2048,"minecraft:damage_dealt":7979,"minecraft:fly_one_cm":516324,"minecraft:swim_one_cm":76859,"minecraft:open_chest":2,"minecraft:crouch_one_cm":27604,"tombstone:undead_killed":12,"minecraft:fall_one_cm":48494},"minecraft:mined":{"regions_unexplored:baobab_planks":3,"minecraft:ladder":1,"minecraft:granite":3,"minecraft:chiseled_polished_blackstone":2,"minecraft:crimson_roots":1,"minecraft:cracked_polished_blackstone_bricks":3,"minecraft:soul_soil":1,"regions_unexplored:elephant_ear":1,"minecraft:sandstone":12,"minecraft:gilded_blackstone":1,"minecraft:hay_block":20,"minecraft:polished_blackstone_bricks":41,"regions_unexplored:baobab_log":119,"minecraft:magma_block":5,"farmersdelight:wild_rice":1,"minecraft:iron_ore":12,"minecraft:barrel":4,"minecraft:fire":9,"minecraft:gold_block":19,"chococraft:gysahl_green":7,"minecraft:stone":19,"regions_unexplored:stripped_baobab_log":1,"minecraft:blackstone":10,"minecraft:basalt":3,"minecraft:crafting_table":1,"minecraft:melon":2,"regions_unexplored:small_desert_shrub":1,"minecraft:tall_grass":4,"minecraft:cobblestone":66,"minecraft:polished_blackstone_brick_stairs":2,"minecraft:grass":10,"regions_unexplored:eucalyptus_log":12,"minecraft:sand":57,"minecraft:smooth_basalt":5,"minecraft:cobweb":5,"regions_unexplored:glistering_ivy":5,"regions_unexplored:eucalyptus_planks":4,"minecraft:netherrack":239,"minecraft:fern":3},"minecraft:picked_up":{"chococraft:loverly_gysahl_green":1,"minecraft:crafting_table":1,"born_in_chaos_v1:smoked_monster_flesh":2,"minecraft:ladder":1,"minecraft:gold_block":19,"minecraft:chain":1,"regions_unexplored:eucalyptus_planks":4,"minecraft:polished_blackstone_brick_stairs":2,"minecraft:string":7,"minecraft:soul_soil":1,"minecraft:blackstone":8,"minecraft:melon_slice":10,"minecraft:mangrove_log":1,"minecraft:stick":25,"minecraft:raw_iron":12,"minecraft:sandstone":12,"regions_unexplored:elephant_ear":2,"minecraft:acacia_log":2,"minecraft:polished_blackstone_bricks":39,"tombstone:grave_dust":2,"minecraft:rotten_flesh":14,"born_in_chaos_v1:wood_splitter_axe":1,"minecraft:hay_block":19,"minecraft:cobblestone":69,"born_in_chaos_v1:corpse_maggot":2,"minecraft:magma_block":5,"minecraft:basalt":3,"born_in_chaos_v1:monster_flesh":2,"regions_unexplored:eucalyptus_log":12,"minecraft:jungle_log":1,"waystones:sandy_waystone":2,"born_in_chaos_v1:monster_skin":1,"minecraft:bone":5,"chococraft:gysahl_green":19,"regions_unexplored:glistering_ivy":1,"chococraft:gold_gysahl":1,"minecraft:wheat_seeds":2,"regions_unexplored:baobab_sapling":7,"minecraft:iron_ingot":2,"minecraft:smooth_basalt":5,"minecraft:chiseled_polished_blackstone":1,"born_in_chaos_v1:ethereal_spirit":1,"regions_unexplored:baobab_planks":2,"minecraft:sand":42,"chococraft:gysahl_green_seeds":6,"minecraft:spider_eye":1,"minecraft:barrel":3,"alexsmobs:animal_dictionary":1,"born_in_chaos_v1:fire_dust":5,"minecraft:cracked_polished_blackstone_bricks":2,"minecraft:bone_meal":1,"minecraft:granite":3,"alexsmobs:maggot":1,"regions_unexplored:stripped_baobab_log":1,"born_in_chaos_v1:rotten_fish":6,"minecraft:netherrack":232,"minecraft:crimson_roots":2,"minecraft:coal":6,"regions_unexplored:baobab_log":116},"minecraft:crafted":{"regions_unexplored:baobab_planks":116,"minecraft:furnace":1,"minecraft:iron_boots":1,"supplementaries:bomb":4,"minecraft:stone_pickaxe":5,"minecraft:stone_hoe":1,"minecraft:crafting_table":2,"minecraft:wooden_pickaxe":2,"minecraft:campfire":1,"minecraft:stone_axe":1,"regions_unexplored:eucalyptus_planks":48,"minecraft:shield":1,"minecraft:stick":12,"minecraft:iron_ingot":1,"minecraft:stone_sword":2,"minecraft:gold_ingot":171,"minecraft:acacia_planks":8,"chococraft:gysahl_green_seeds":9,"regions_unexplored:eucalyptus_boat":1},"minecraft:killed_by":{"born_in_chaos_v1:restless_spirit":1,"born_in_chaos_v1:bone_imp":1,"born_in_chaos_v1:zombie_bruiser":1,"minecraft:hoglin":1,"minecraft:skeleton":1},"minecraft:used":{"waystones:sandy_waystone":2,"minecraft:stone_sword":159,"minecraft:ladder":1,"minecraft:shield":30,"minecraft:stone_hoe":20,"minecraft:cooked_chicken":3,"minecraft:netherrack":128,"minecraft:chainmail_chestplate":1,"minecraft:lava_bucket":24,"regions_unexplored:eucalyptus_planks":10,"minecraft:barrel":3,"minecraft:furnace":1,"tombstone:gift":3,"minecraft:knowledge_book":40,"minecraft:chiseled_polished_blackstone":1,"minecraft:water_bucket":7,"minecraft:stone_pickaxe":397,"minecraft:blackstone":3,"minecraft:wooden_pickaxe":32,"minecraft:chainmail_helmet":1,"minecraft:sand":17,"minecraft:crafting_table":3,"minecraft:campfire":1,"chococraft:gysahl_green_seeds":9,"minecraft:cracked_polished_blackstone_bricks":1,"minecraft:melon_slice":17,"minecraft:iron_pickaxe":25,"regions_unexplored:baobab_planks":77,"born_in_chaos_v1:smoked_monster_flesh":2,"minecraft:stone_axe":41,"regions_unexplored:baobab_log":1,"minecraft:cobblestone":32,"born_in_chaos_v1:rotten_fish":3,"minecraft:chain":1,"minecraft:bucket":31,"born_in_chaos_v1:wood_splitter_axe":112,"chococraft:gysahl_green":10,"alexsmobs:animal_dictionary":1,"minecraft:cobweb":1,"minecraft:chainmail_leggings":1},"minecraft:killed":{"born_in_chaos_v1:restless_spirit":1,"born_in_chaos_v1:zombie_lumberjack":2,"minecraft:spider":1,"born_in_chaos_v1:zombie_bruiser":1,"born_in_chaos_v1:firelight":2,"endermanoverhaul:scarab":3,"endermanoverhaul:desert_enderman":1,"alexsmobs:soul_vulture":1,"born_in_chaos_v1:corpse_fish":2,"minecraft:piglin_brute":1,"born_in_chaos_v1:firelight_not_despawn":1,"minecraft:piglin":11,"minecraft:husk":2,"born_in_chaos_v1:bone_imp":3,"quark:foxhound":1,"minecraft:zombie":3,"born_in_chaos_v1:dread_hound":2,"born_in_chaos_v1:corpse_fly":2}},"DataVersion":3465}