{"stats":{"minecraft:custom":{"minecraft:jump":45,"minecraft:time_since_rest":2404,"minecraft:leave_game":1,"minecraft:walk_on_water_one_cm":2063,"minecraft:sprint_one_cm":4035,"minecraft:play_time":2404,"minecraft:damage_taken":225,"minecraft:time_since_death":2404,"minecraft:walk_one_cm":5046,"minecraft:sneak_time":10,"minecraft:total_world_time":2404,"minecraft:walk_under_water_one_cm":315,"minecraft:swim_one_cm":7461,"minecraft:fall_one_cm":2240,"minecraft:fly_one_cm":14854},"minecraft:used":{"minecraft:knowledge_book":4}},"DataVersion":3465}