{"stats":{"minecraft:custom":{"minecraft:mob_kills":150,"minecraft:animals_bred":1,"minecraft:interact_with_crafting_table":50,"minecraft:open_barrel":9,"minecraft:interact_with_campfire":12,"minecraft:leave_game":14,"minecraft:time_since_death":21403,"minecraft:climb_one_cm":11469,"minecraft:sprint_one_cm":378198,"minecraft:walk_one_cm":797619,"minecraft:damage_blocked_by_shield":2925,"minecraft:drop":66,"minecraft:damage_dealt_absorbed":80,"minecraft:talked_to_villager":7,"minecraft:play_time":235516,"minecraft:sneak_time":6754,"minecraft:deaths":9,"minecraft:walk_under_water_one_cm":80445,"minecraft:jump":3362,"minecraft:walk_on_water_one_cm":50389,"minecraft:total_world_time":235516,"minecraft:interact_with_furnace":6,"tombstone:raider_killed":12,"minecraft:traded_with_villager":1,"minecraft:sleep_in_bed":5,"minecraft:time_since_rest":19381,"minecraft:waystone_activated":1,"minecraft:damage_taken":5013,"minecraft:damage_dealt":30011,"minecraft:swim_one_cm":1022,"minecraft:fly_one_cm":598630,"minecraft:open_chest":38,"minecraft:crouch_one_cm":16511,"tombstone:undead_killed":91,"minecraft:fall_one_cm":91784},"minecraft:broken":{"minecraft:stone_sword":1,"minecraft:stone_pickaxe":1,"minecraft:iron_sword":2,"quark:forgotten_hat":1},"minecraft:picked_up":{"minecraft:charcoal":2,"vinery:savanna_grape_seeds_white":1,"chococraft:loverly_gysahl_green":12,"minecraft:crafting_table":9,"qualitycrops:wheat_gold":1,"minecraft:wheat":1,"minecraft:allium":2,"minecraft:clay_ball":3,"qualitycrops:beef_diamond":4,"vinery:red_grape_seeds":2,"minecraft:enchanted_book":1,"tombstone:grave_key":1,"minecraft:string":96,"minecraft:raw_copper":12,"minecraft:item_frame":7,"minecraft:armor_stand":6,"minecraft:experience_bottle":3,"qualitycrops:beef_gold":3,"biomesoplenty:black_sand":6,"minecraft:gold_nugget":10,"minecraft:cobbled_deepslate":42,"qualitycrops:carrot_iron":5,"minecraft:beef":22,"minecraft:rose_bush":1,"minecraft:iron_nugget":23,"minecraft:poppy":2,"minecraft:coal_block":8,"quark:yellow_blossom_sapling":3,"biomesoplenty:wildflower":1,"minecraft:sugar_cane":39,"minecraft:piston":1,"vinery:jungle_grape_seeds_white":5,"qualitycrops:sugar_cane_iron":4,"minecraft:golden_helmet":3,"minecraft:raw_iron":72,"minecraft:stick":4,"sophisticatedbackpacks:backpack":2,"quark:blossom_log":39,"quark:deepslate_furnace":2,"tombstone:grave_dust":5,"minecraft:carrot":63,"minecraft:redstone":6,"alexsmobs:centipede_leg":1,"quark:blossom_planks":2,"quark:ancient_tome":1,"qualitycrops:potato_diamond":2,"minecraft:tnt":2,"minecraft:arrow":58,"minecraft:honey_bottle":1,"minecraft:rotten_flesh":46,"minecraft:beetroot_seeds":1,"minecraft:hay_block":27,"minecraft:iron_block":1,"create:asurine":17,"alexsmobs:emu_egg":2,"tombstone:essence_of_undeath":2,"supplementaries:ash":21,"minecraft:skeleton_skull":2,"minecraft:cobblestone":30,"biomesoplenty:black_sandstone":4,"minecraft:feather":2,"minecraft:jungle_wood":5,"minecraft:leather":15,"minecraft:golden_leggings":2,"minecraft:potato":8,"paraglider:spirit_orb":2,"minecraft:flint":6,"minecraft:tuff":10,"minecraft:oak_log":5,"supplementaries:flax_seeds":1,"minecraft:gunpowder":3,"minecraft:lapis_lazuli":8,"minecraft:dirt":11,"minecraft:lantern":3,"quark:forgotten_hat":5,"minecraft:cooked_mutton":1,"chococraft:chocobo_feather":10,"minecraft:bone":68,"chococraft:gysahl_green":304,"chococraft:gold_gysahl":4,"minecraft:bow":2,"minecraft:wheat_seeds":26,"minecraft:raw_gold":7,"minecraft:rabbit_hide":24,"minecraft:iron_ingot":19,"minecraft:cobweb":8,"tombstone:bag_of_seeds":1,"minecraft:iron_sword":3,"minecraft:book":107,"wardrobe:hardened_leather":12,"minecraft:music_disc_13":1,"vinery:taiga_grape_seeds_red":6,"minecraft:dripstone_block":1,"minecraft:gravel":57,"chococraft:gysahl_green_seeds":67,"qualitycrops:carrot_diamond":2,"quark:oak_chest":2,"minecraft:spider_eye":5,"create:honeyed_apple":3,"tombstone:scroll_of_mercy":1,"minecraft:bundle":2,"minecraft:purple_bed":1,"alexsmobs:guster_eye":2,"minecraft:sugar":2,"minecraft:slime_ball":3,"minecraft:diamond":4,"minecraft:stone_axe":3,"minecraft:emerald":10,"minecraft:bread":9,"tombstone:magic_scroll":2,"minecraft:coal":66},"minecraft:crafted":{"minecraft:wooden_sword":1,"minecraft:oak_planks":20,"minecraft:coal":144,"quark:deepslate_furnace":1,"chococraft:chocobo_saddle_bags":1,"wardrobe:large_backpack":1,"minecraft:iron_boots":1,"minecraft:leather":6,"minecraft:iron_hoe":1,"minecraft:stone_pickaxe":1,"quark:blossom_wood":27,"minecraft:lead":6,"minecraft:wheat":9,"wardrobe:bound_leather":12,"minecraft:coal_block":8,"minecraft:emerald":1,"sophisticatedbackpacks:backpack":1,"quark:blossom_planks":120,"minecraft:crafting_table":8,"farmersdelight:iron_knife":1,"minecraft:wooden_pickaxe":1,"minecraft:iron_sword":1,"wardrobe:travel_backpack":1,"minecraft:campfire":1,"minecraft:stone_axe":1,"minecraft:air":0,"minecraft:white_wool":3,"minecraft:iron_chestplate":1,"minecraft:shield":1,"minecraft:stick":60,"minecraft:iron_ingot":30,"minecraft:iron_pickaxe":1,"minecraft:stone_sword":1,"minecraft:iron_leggings":1,"chococraft:chocobo_saddle":1,"minecraft:torch":16},"minecraft:dropped":{"minecraft:iron_sword":1,"minecraft:wheat_seeds":14,"minecraft:golden_helmet":4,"biomesoplenty:black_sand":6,"minecraft:cobblestone":10,"minecraft:lantern":2,"biomesoplenty:black_sandstone":4,"quark:orange_shingles":5,"minecraft:stick":2,"minecraft:dirt":7,"qualitycrops:potato_diamond":1,"tombstone:grave_key":1,"minecraft:rose_bush":1,"minecraft:wooden_sword":1,"minecraft:sand":15,"minecraft:chiseled_sandstone":7,"minecraft:armor_stand":6,"minecraft:redstone":1,"minecraft:stone_axe":3,"alexsmobs:animal_dictionary":1,"minecraft:cobbled_deepslate":8,"qualitycrops:beef_gold":3,"qualitycrops:sugar_cane_iron":4,"minecraft:tuff":3,"minecraft:rotten_flesh":5,"minecraft:cooked_mutton":1,"minecraft:poppy":2,"supplementaries:flax_seeds":1,"supplementaries:ash":6,"vinery:savanna_grape_seeds_white":1,"qualitycrops:wheat_gold":1,"minecraft:allium":2,"minecraft:orange_terracotta":2,"minecraft:skeleton_skull":1,"minecraft:bundle":1,"minecraft:beetroot_seeds":1,"biomesoplenty:wildflower":1,"minecraft:golden_leggings":3,"quark:forgotten_hat":1,"minecraft:spider_eye":1,"minecraft:sandstone":21,"minecraft:wooden_pickaxe":1,"quark:yellow_shingles":2},"minecraft:mined":{"biomesoplenty:mossy_black_sand":1,"minecraft:tuff":10,"farmersdelight:rich_soil":1,"minecraft:dark_oak_leaves":1,"minecraft:deepslate_diamond_ore":2,"minecraft:sculk_vein":2,"biomesoplenty:desert_grass":12,"minecraft:glow_lichen":1,"minecraft:grass_block":4,"minecraft:coal_block":8,"biomesoplenty:dune_grass":15,"minecraft:spawner":2,"minecraft:hay_block":30,"minecraft:large_fern":1,"minecraft:carrots":15,"minecraft:iron_ore":5,"quark:blossom_planks":2,"create:asurine":17,"minecraft:sculk_shrieker":2,"minecraft:bookshelf":17,"chococraft:gysahl_green":81,"minecraft:potatoes":1,"minecraft:deepslate_iron_ore":62,"biomesoplenty:webbing":8,"minecraft:stone":22,"biomesoplenty:spider_egg":3,"minecraft:iron_block":1,"sophisticatedbackpacks:backpack":1,"valhelsia_structures:big_purple_glazed_jar":1,"quark:oak_chest":2,"supplementaries:book_pile":1,"biomesoplenty:glowworm_silk":3,"biomesoplenty:wildflower":1,"quark:crate":1,"biomesoplenty:black_sand":3,"biomesoplenty:hanging_cobweb_strand":2,"valhelsia_structures:blue_glazed_jar":1,"minecraft:crafting_table":9,"biomesoplenty:black_sandstone":2,"minecraft:campfire":1,"minecraft:dead_bush":1,"minecraft:rose_bush":2,"supplementaries:wild_flax":1,"quark:blossom_log":45,"minecraft:tall_grass":8,"minecraft:cobblestone":3,"biomesoplenty:sprout":11,"minecraft:sugar_cane":10,"minecraft:sculk":11,"supplementaries:urn":11,"minecraft:purple_bed":1,"minecraft:cactus":1,"minecraft:jungle_wood":6,"minecraft:beehive":1,"minecraft:tnt":1,"quark:deepslate_furnace":2,"minecraft:grass":237,"biomesoplenty:clover":6,"minecraft:oak_log":5,"vinery:jungle_grape_bush_white":1,"minecraft:gravel":64,"minecraft:dirt":8,"biomesoplenty:stringy_cobweb":9,"minecraft:sandstone_wall":1,"minecraft:cobweb":75,"minecraft:piston":1,"minecraft:oak_leaves":1,"minecraft:deepslate":29,"minecraft:fern":60},"minecraft:used":{"quark:ancient_tome":1,"minecraft:stone_sword":123,"minecraft:shield":115,"minecraft:iron_sword":705,"minecraft:torch":12,"minecraft:dirt":4,"quark:yellow_blossom_sapling":3,"minecraft:tuff":3,"minecraft:iron_hoe":16,"quark:deepslate_furnace":2,"minecraft:lantern":1,"tombstone:gift":5,"quark:blossom_planks":12,"minecraft:cobbled_deepslate":17,"farmersdelight:iron_knife":28,"minecraft:stone_pickaxe":128,"minecraft:wooden_pickaxe":5,"quark:forgotten_hat":1,"minecraft:crafting_table":16,"qualitycrops:carrot_diamond":2,"minecraft:campfire":1,"minecraft:cod":5,"qualitycrops:potato_diamond":1,"tombstone:bag_of_seeds":2,"sophisticatedbackpacks:backpack":1,"chococraft:gysahl_green_seeds":12,"minecraft:bread":50,"minecraft:iron_pickaxe":55,"tombstone:magic_scroll":3,"minecraft:gravel":3,"minecraft:stone_axe":106,"minecraft:wooden_sword":4,"minecraft:cobblestone":12,"minecraft:purple_bed":1,"chococraft:gysahl_green":5,"alexsmobs:animal_dictionary":1,"minecraft:cobweb":8,"minecraft:experience_bottle":2},"minecraft:killed":{"minecraft:cave_spider":8,"minecraft:witch":1,"minecraft:spider":13,"quark:toretoise":2,"minecraft:slime":3,"quark:forgotten":3,"minecraft:horse":2,"minecraft:skeleton":26,"takesapillage:clay_golem":1,"minecraft:husk":3,"alexsmobs:guster":1,"minecraft:iron_golem":3,"minecraft:bat":1,"minecraft:creeper":7,"alexsmobs:cockroach":1,"minecraft:zombie":59,"alexsmobs:crocodile":1,"minecraft:cow":10},"minecraft:killed_by":{"minecraft:iron_golem":1,"alexsmobs:crocodile":1,"minecraft:cave_spider":1,"alexsmobs:centipede_head":1,"minecraft:zombie":2}},"DataVersion":3465}