{"stats":{"minecraft:dropped":{"qualitycrops:wheat_gold":1,"biomesoplenty:black_sand":4,"minecraft:wooden_sword":1,"minecraft:cooked_mutton":1,"biomesoplenty:black_sandstone":2},"minecraft:crafted":{"minecraft:wooden_sword":1,"minecraft:oak_planks":20,"minecraft:crafting_table":1,"minecraft:stick":8,"minecraft:wooden_pickaxe":1},"minecraft:used":{"minecraft:lantern":1,"minecraft:wooden_pickaxe":5,"minecraft:wooden_sword":4,"minecraft:crafting_table":1,"alexsmobs:animal_dictionary":1,"minecraft:cod":5},"minecraft:custom":{"minecraft:time_since_rest":6015,"minecraft:sprint_one_cm":38495,"minecraft:damage_taken":95,"minecraft:walk_one_cm":56524,"minecraft:mob_kills":1,"minecraft:drop":9,"minecraft:damage_dealt":126,"minecraft:talked_to_villager":1,"minecraft:interact_with_crafting_table":3,"minecraft:fly_one_cm":41893,"minecraft:open_chest":2,"minecraft:crouch_one_cm":1135,"minecraft:play_time":12265,"tombstone:undead_killed":1,"minecraft:sneak_time":474,"minecraft:jump":195,"minecraft:time_since_death":12265,"minecraft:sleep_in_bed":1,"minecraft:total_world_time":12265,"minecraft:climb_one_cm":2450,"minecraft:fall_one_cm":5723},"minecraft:mined":{"minecraft:hay_block":27,"biomesoplenty:mossy_black_sand":1,"quark:oak_chest":2,"biomesoplenty:black_sand":3,"biomesoplenty:black_sandstone":2,"minecraft:grass_block":3,"minecraft:grass":1,"chococraft:gysahl_green":2,"minecraft:oak_log":5,"minecraft:rose_bush":1,"minecraft:dirt":8,"minecraft:cobweb":2,"minecraft:stone":3,"biomesoplenty:sprout":3,"minecraft:sugar_cane":6},"minecraft:picked_up":{"biomesoplenty:black_sandstone":2,"qualitycrops:wheat_gold":1,"minecraft:oak_log":5,"chococraft:gysahl_green_seeds":2,"quark:oak_chest":2,"minecraft:dirt":11,"minecraft:string":1,"minecraft:lantern":2,"minecraft:item_frame":3,"minecraft:cooked_mutton":1,"minecraft:experience_bottle":2,"chococraft:gysahl_green":5,"minecraft:wheat_seeds":3,"biomesoplenty:black_sand":4,"minecraft:hay_block":27,"minecraft:rose_bush":1,"minecraft:bread":1,"minecraft:sugar_cane":18,"minecraft:cobblestone":3,"qualitycrops:sugar_cane_iron":4},"minecraft:killed":{"minecraft:zombie":1}},"DataVersion":3465}