{"stats":{"minecraft:custom":{"minecraft:animals_bred":1,"minecraft:interact_with_crafting_table":55,"minecraft:open_barrel":39,"minecraft:bell_ring":1,"minecraft:leave_game":19,"minecraft:time_since_death":27177,"minecraft:sprint_one_cm":565783,"minecraft:damage_blocked_by_shield":3045,"minecraft:drop":105,"minecraft:talked_to_villager":8,"minecraft:play_time":347666,"minecraft:deaths":12,"minecraft:jump":4601,"minecraft:walk_on_water_one_cm":56193,"minecraft:interact_with_furnace":7,"minecraft:traded_with_villager":1,"minecraft:sleep_in_bed":5,"minecraft:waystone_activated":3,"minecraft:damage_dealt":34894,"minecraft:crouch_one_cm":21400,"tombstone:undead_killed":105,"minecraft:mob_kills":171,"minecraft:interact_with_campfire":12,"minecraft:climb_one_cm":29021,"minecraft:walk_one_cm":1131788,"minecraft:damage_dealt_absorbed":80,"minecraft:sneak_time":9095,"minecraft:walk_under_water_one_cm":82717,"minecraft:interact_with_lectern":2,"minecraft:total_world_time":347666,"tombstone:raider_killed":14,"minecraft:time_since_rest":24778,"minecraft:damage_taken":6742,"minecraft:damage_absorbed":40,"minecraft:trigger_trapped_chest":3,"minecraft:swim_one_cm":40853,"minecraft:fly_one_cm":848958,"minecraft:open_chest":62,"minecraft:fall_one_cm":124874},"minecraft:broken":{"minecraft:iron_shovel":1,"minecraft:stone_pickaxe":1,"minecraft:iron_sword":3,"quark:forgotten_hat":2,"minecraft:stone_sword":1,"minecraft:shield":1},"minecraft:picked_up":{"chococraft:loverly_gysahl_green":12,"qualitycrops:wheat_gold":1,"minecraft:wheat":1,"vinery:red_grape_seeds":2,"minecraft:enchanted_book":2,"tombstone:grave_key":1,"minecraft:string":97,"minecraft:raw_copper":12,"minecraft:armor_stand":6,"minecraft:experience_bottle":3,"minecraft:activator_rail":3,"quark:vertical_birch_planks":6,"supplementaries:hourglass":1,"minecraft:gold_nugget":20,"minecraft:cobbled_deepslate":49,"minecraft:rose_bush":1,"quark:sandstone_bricks_stairs":4,"minecraft:iron_pickaxe":1,"minecraft:coal_block":8,"qualitycrops:sugar_cane_iron":4,"vinery:jungle_grape_seeds_white":5,"farmersdelight:cabbage_seeds":2,"minecraft:golden_helmet":3,"minecraft:stick":5,"create:dripstone_pillar":1,"betterarcheology:guardian_fossil_head":1,"minecraft:acacia_log":21,"quark:blossom_log":39,"minecraft:pointed_dripstone":2,"tombstone:grave_dust":6,"alexsmobs:centipede_leg":1,"quark:blossom_planks":2,"quark:ancient_tome":1,"minecraft:honey_bottle":1,"minecraft:rotten_flesh":57,"minecraft:blue_glazed_terracotta":1,"minecraft:iron_block":1,"create:asurine":17,"alexsmobs:emu_egg":2,"farmersdelight:rope":2,"create:crafting_blueprint":1,"supplementaries:ash":22,"minecraft:cobblestone":34,"minecraft:feather":2,"biomesoplenty:dried_salt":2,"minecraft:golden_leggings":2,"minecraft:jungle_wood":7,"minecraft:potato":8,"paraglider:spirit_orb":2,"minecraft:flint":7,"minecraft:tuff":10,"supplementaries:flax_seeds":1,"minecraft:lapis_lazuli":8,"minecraft:dirt":11,"minecraft:lantern":3,"minecraft:bone":77,"minecraft:bow":2,"minecraft:wheat_seeds":26,"minecraft:raw_gold":7,"wardrobe:hardened_leather":12,"minecraft:music_disc_13":1,"minecraft:sand":9,"create:copycat_panel":2,"quark:polished_limestone_slab":1,"minecraft:chiseled_sandstone":3,"create:honeyed_apple":3,"tombstone:scroll_of_mercy":1,"minecraft:bundle":2,"alexsmobs:guster_eye":2,"minecraft:sugar":2,"minecraft:diamond":4,"tombstone:tablet_of_recall":1,"minecraft:emerald":10,"minecraft:bread":10,"vinery:savanna_grape_seeds_white":1,"minecraft:charcoal":2,"minecraft:crafting_table":11,"minecraft:allium":2,"minecraft:clay_ball":3,"minecraft:chest_minecart":1,"qualitycrops:beef_diamond":4,"minecraft:gold_block":1,"supplementaries:globe":1,"minecraft:item_frame":7,"qualitycrops:beef_gold":3,"biomesoplenty:black_sand":6,"qualitycrops:carrot_iron":5,"minecraft:beef":22,"minecraft:poppy":2,"minecraft:iron_nugget":23,"supplementaries:cage":1,"quark:yellow_blossom_sapling":3,"biomesoplenty:wildflower":1,"minecraft:sugar_cane":39,"minecraft:piston":1,"minecraft:raw_iron":101,"minecraft:sandstone":11,"sophisticatedbackpacks:backpack":2,"quark:deepslate_furnace":2,"minecraft:carrot":63,"minecraft:redstone":6,"qualitycrops:potato_diamond":2,"minecraft:tnt":2,"minecraft:arrow":59,"minecraft:decorated_pot":1,"minecraft:beetroot_seeds":1,"biomesoplenty:orange_sandstone":6,"minecraft:hay_block":27,"tombstone:essence_of_undeath":2,"minecraft:rail":2,"minecraft:skeleton_skull":2,"biomesoplenty:orange_sand":272,"biomesoplenty:black_sandstone":4,"minecraft:cut_sandstone":17,"minecraft:leather":15,"waystones:sandy_waystone":2,"minecraft:oak_log":5,"minecraft:gunpowder":3,"quark:forgotten_hat":5,"minecraft:cooked_mutton":1,"chococraft:chocobo_feather":12,"chococraft:gysahl_green":304,"betterarcheology:creeper_fossil_body":1,"chococraft:gold_gysahl":4,"minecraft:rabbit_hide":24,"minecraft:iron_ingot":23,"minecraft:cobweb":8,"tombstone:bag_of_seeds":1,"minecraft:iron_sword":3,"minecraft:book":107,"vinery:taiga_grape_seeds_red":6,"create:copper_bars":3,"minecraft:gravel":62,"minecraft:dripstone_block":1,"qualitycrops:carrot_diamond":2,"chococraft:gysahl_green_seeds":67,"quark:oak_chest":2,"minecraft:spider_eye":5,"minecraft:purple_bed":1,"minecraft:slime_ball":3,"minecraft:stone_axe":3,"quark:sandstone_bricks":2,"tombstone:magic_scroll":3,"minecraft:melon_seeds":4,"minecraft:coal":66},"minecraft:crafted":{"minecraft:oak_planks":20,"quark:deepslate_furnace":1,"wardrobe:large_backpack":1,"minecraft:iron_boots":1,"wardrobe:bound_leather":12,"sophisticatedbackpacks:backpack":1,"minecraft:emerald":1,"quark:blossom_planks":120,"minecraft:crafting_table":8,"farmersdelight:iron_knife":1,"minecraft:wooden_pickaxe":1,"minecraft:campfire":1,"minecraft:iron_chestplate":1,"minecraft:shield":1,"minecraft:stick":60,"minecraft:iron_ingot":32,"minecraft:iron_pickaxe":1,"minecraft:stone_sword":1,"minecraft:gold_ingot":9,"minecraft:wooden_sword":1,"minecraft:coal":144,"chococraft:chocobo_saddle_bags":1,"minecraft:leather":6,"minecraft:iron_hoe":1,"minecraft:stone_pickaxe":1,"quark:blossom_wood":27,"minecraft:lead":6,"minecraft:wheat":9,"minecraft:coal_block":8,"minecraft:iron_sword":2,"wardrobe:travel_backpack":1,"minecraft:stone_axe":1,"minecraft:air":0,"minecraft:white_wool":3,"minecraft:iron_shovel":1,"minecraft:iron_leggings":1,"chococraft:chocobo_saddle":1,"minecraft:torch":16},"minecraft:dropped":{"farmersdelight:iron_knife":1,"minecraft:iron_sword":1,"minecraft:crafting_table":1,"biomesoplenty:black_sand":6,"minecraft:lantern":2,"biomesoplenty:black_sandstone":4,"create:copper_bars":2,"minecraft:dirt":7,"minecraft:wooden_sword":1,"minecraft:sand":19,"minecraft:iron_pickaxe":1,"minecraft:armor_stand":6,"minecraft:gravel":5,"minecraft:stone_axe":3,"quark:vertical_birch_planks":2,"alexsmobs:animal_dictionary":1,"minecraft:cobbled_deepslate":21,"qualitycrops:beef_gold":3,"qualitycrops:sugar_cane_iron":4,"minecraft:rotten_flesh":10,"minecraft:cooked_mutton":1,"minecraft:poppy":2,"supplementaries:flax_seeds":1,"supplementaries:ash":13,"vinery:savanna_grape_seeds_white":1,"qualitycrops:wheat_gold":1,"minecraft:skeleton_skull":1,"minecraft:beetroot_seeds":1,"minecraft:melon_seeds":4,"biomesoplenty:wildflower":1,"quark:forgotten_hat":1,"minecraft:bread":1,"minecraft:wheat_seeds":24,"minecraft:golden_helmet":4,"minecraft:cobblestone":14,"minecraft:jungle_wood":2,"quark:orange_shingles":5,"minecraft:stick":3,"qualitycrops:potato_diamond":1,"tombstone:grave_key":1,"minecraft:rose_bush":1,"minecraft:blue_glazed_terracotta":1,"minecraft:chiseled_sandstone":7,"minecraft:redstone":1,"create:dripstone_pillar":1,"minecraft:tuff":4,"farmersdelight:cabbage_seeds":2,"quark:sandstone_bricks_stairs":3,"minecraft:allium":2,"minecraft:orange_terracotta":2,"minecraft:bundle":1,"minecraft:golden_leggings":3,"minecraft:spider_eye":1,"biomesoplenty:orange_sandstone":2,"minecraft:sandstone":21,"minecraft:wooden_pickaxe":1,"quark:yellow_shingles":2},"minecraft:mined":{"biomesoplenty:mossy_black_sand":1,"quark:sandstone_bricks_stairs":4,"farmersdelight:rich_soil":1,"minecraft:sculk_vein":2,"minecraft:acacia_log":21,"minecraft:grass_block":4,"minecraft:coal_block":8,"biomesoplenty:dried_salt":2,"biomesoplenty:orange_sandstone":9,"minecraft:sandstone_stairs":1,"minecraft:spawner":2,"quark:polished_limestone_slab":1,"minecraft:iron_ore":28,"quark:blossom_planks":2,"supplementaries:globe":1,"create:asurine":17,"minecraft:sculk_shrieker":2,"chococraft:gysahl_green":81,"minecraft:pointed_dripstone":1,"biomesoplenty:webbing":8,"minecraft:iron_block":1,"valhelsia_structures:big_purple_glazed_jar":1,"minecraft:sandstone_slab":1,"minecraft:cut_sandstone":17,"supplementaries:book_pile":1,"biomesoplenty:glowworm_silk":3,"biomesoplenty:wildflower":1,"quark:crate":1,"biomesoplenty:hanging_cobweb_strand":2,"valhelsia_structures:blue_glazed_jar":1,"betterarcheology:creeper_fossil_body":1,"biomesoplenty:black_sandstone":2,"minecraft:dead_bush":12,"supplementaries:wild_flax":1,"quark:blossom_log":45,"minecraft:cobblestone":7,"minecraft:sugar_cane":10,"minecraft:oak_planks":1,"minecraft:jungle_wood":8,"supplementaries:hourglass":1,"create:copycat_panel":2,"minecraft:tnt":1,"minecraft:grass":237,"biomesoplenty:clover":6,"minecraft:oak_log":5,"minecraft:sand":5,"minecraft:dirt":8,"minecraft:sandstone_wall":1,"minecraft:piston":1,"minecraft:oak_leaves":1,"minecraft:deepslate":37,"minecraft:tuff":10,"minecraft:dark_oak_leaves":1,"minecraft:deepslate_diamond_ore":2,"biomesoplenty:desert_grass":54,"minecraft:glow_lichen":1,"minecraft:decorated_pot":1,"betterarcheology:guardian_fossil_head":1,"minecraft:sandstone":15,"biomesoplenty:dune_grass":74,"minecraft:large_fern":1,"minecraft:hay_block":30,"quark:sandstone_bricks":2,"minecraft:carrots":15,"minecraft:chiseled_sandstone":5,"minecraft:gold_block":1,"minecraft:bookshelf":17,"minecraft:potatoes":1,"minecraft:deepslate_iron_ore":68,"minecraft:rail":1,"minecraft:vine":1,"minecraft:blue_glazed_terracotta":1,"biomesoplenty:spider_egg":3,"minecraft:stone":38,"sophisticatedbackpacks:backpack":1,"minecraft:acacia_leaves":4,"minecraft:scaffolding":1,"quark:oak_chest":2,"biomesoplenty:orange_sand":376,"biomesoplenty:black_sand":3,"create:metal_girder":1,"minecraft:crafting_table":10,"minecraft:rose_bush":2,"minecraft:campfire":1,"minecraft:tall_grass":8,"biomesoplenty:sprout":24,"minecraft:sculk":11,"supplementaries:cage":1,"supplementaries:urn":15,"minecraft:purple_bed":1,"minecraft:cactus":1,"minecraft:beehive":1,"quark:vertical_birch_planks":6,"create:dripstone_pillar":2,"quark:deepslate_furnace":2,"vinery:jungle_grape_bush_white":1,"minecraft:gravel":71,"biomesoplenty:stringy_cobweb":9,"minecraft:cobweb":76,"minecraft:fern":60},"minecraft:used":{"quark:ancient_tome":1,"supplementaries:hourglass":1,"minecraft:iron_shovel":390,"minecraft:decorated_pot":1,"minecraft:shield":119,"minecraft:iron_sword":782,"supplementaries:globe":1,"minecraft:tuff":3,"quark:deepslate_furnace":3,"create:crafting_blueprint":2,"minecraft:lantern":1,"minecraft:bow":13,"minecraft:stone_pickaxe":128,"minecraft:wooden_pickaxe":5,"minecraft:sandstone":11,"minecraft:sand":5,"qualitycrops:carrot_diamond":2,"sophisticatedbackpacks:backpack":1,"minecraft:chiseled_sandstone":3,"minecraft:bread":69,"create:asurine":17,"minecraft:gravel":3,"biomesoplenty:dried_salt":2,"quark:sandstone_bricks_stairs":1,"minecraft:wooden_sword":4,"chococraft:gysahl_green":8,"minecraft:chest_minecart":1,"minecraft:cobweb":8,"minecraft:experience_bottle":2,"waystones:sandy_waystone":1,"minecraft:stone_sword":123,"minecraft:acacia_log":4,"quark:polished_limestone_slab":1,"minecraft:torch":12,"minecraft:dirt":4,"quark:yellow_blossom_sapling":3,"minecraft:iron_hoe":16,"minecraft:iron_axe":47,"biomesoplenty:orange_sand":81,"minecraft:totem_of_undying":1,"biomesoplenty:orange_sandstone":4,"quark:blossom_planks":12,"tombstone:gift":5,"minecraft:cobbled_deepslate":17,"quark:sandstone_bricks":2,"farmersdelight:iron_knife":34,"quark:forgotten_hat":1,"minecraft:cut_sandstone":17,"minecraft:jungle_wood":2,"minecraft:rail":16,"minecraft:crafting_table":18,"minecraft:campfire":1,"minecraft:cod":5,"qualitycrops:potato_diamond":1,"tombstone:bag_of_seeds":2,"minecraft:activator_rail":3,"supplementaries:cage":1,"quark:vertical_birch_planks":4,"chococraft:gysahl_green_seeds":12,"minecraft:iron_pickaxe":187,"minecraft:map":1,"tombstone:magic_scroll":4,"minecraft:stone_axe":125,"minecraft:cobblestone":12,"minecraft:purple_bed":1,"alexsmobs:animal_dictionary":1},"minecraft:killed":{"minecraft:cave_spider":8,"minecraft:witch":1,"minecraft:spider":14,"quark:forgotten":3,"minecraft:skeleton":28,"minecraft:iron_golem":4,"minecraft:creeper":7,"minecraft:pillager":1,"minecraft:zombie":70,"minecraft:cow":10,"quark:toretoise":2,"minecraft:slime":3,"minecraft:horse":2,"takesapillage:clay_golem":1,"minecraft:husk":4,"alexsmobs:guster":3,"takesapillage:skirmisher":1,"minecraft:bat":1,"alexsmobs:emu":1,"alexsmobs:crocodile":1,"alexsmobs:cockroach":1},"minecraft:killed_by":{"minecraft:creeper":1,"alexsmobs:emu":1,"alexsmobs:crocodile":1,"minecraft:cave_spider":1,"minecraft:zombie":2,"minecraft:iron_golem":1,"takesapillage:skirmisher":1,"alexsmobs:centipede_head":1}},"DataVersion":3465}