{"stats":{"minecraft:custom":{"minecraft:time_since_rest":1,"minecraft:play_time":9561,"minecraft:sprint_one_cm":17625,"minecraft:walk_one_cm":16044,"minecraft:damage_taken":646,"minecraft:deaths":2,"minecraft:sneak_time":122,"minecraft:walk_under_water_one_cm":58088,"minecraft:mob_kills":3,"minecraft:drop":3,"minecraft:jump":145,"minecraft:damage_dealt":453,"minecraft:leave_game":1,"minecraft:walk_on_water_one_cm":2469,"minecraft:time_since_death":1314,"minecraft:total_world_time":9561,"minecraft:damage_resisted":44,"minecraft:swim_one_cm":14891,"minecraft:fall_one_cm":2883,"minecraft:fly_one_cm":26643},"minecraft:dropped":{"tombstone:grave_dust":1,"born_in_chaos_v1:corpse_maggot":2},"minecraft:mined":{"minecraft:kelp_plant":1,"minecraft:kelp":1},"minecraft:picked_up":{"born_in_chaos_v1:corpse_maggot":4,"scuba_gear:scuba_boots":1,"scuba_gear:scuba_chestplate":1,"scuba_gear:scuba_helmet":1,"scuba_gear:scuba_leggings":1},"minecraft:killed_by":{"born_in_chaos_v1:decrepit_skeleton":1},"minecraft:used":{"minecraft:knowledge_book":42,"born_in_chaos_v1:corpse_maggot":2,"scuba_gear:scuba_boots":1,"scuba_gear:scuba_helmet":1,"scuba_gear:scuba_leggings":1,"tombstone:gift":1,"alexsmobs:animal_dictionary":2,"scuba_gear:scuba_chestplate":1},"minecraft:killed":{"born_in_chaos_v1:corpse_fly":2}},"DataVersion":3465}