{"stats":{"minecraft:picked_up":{"minecraft:stick":6,"minecraft:wheat":17,"qualitycrops:wheat_iron":2,"minecraft:stone_axe":1,"minecraft:wheat_seeds":47,"biomesoplenty:fir_planks":1,"biomesoplenty:fir_sapling":5,"biomesoplenty:fir_log":21,"qualitycrops:wheat_diamond":3},"minecraft:used":{"minecraft:farmland":1,"minecraft:stone_axe":5,"minecraft:wheat_seeds":33,"minecraft:grass_block":3,"alexsmobs:animal_dictionary":2,"biomesoplenty:fir_log":3},"minecraft:dropped":{"minecraft:stone_axe":1},"minecraft:mined":{"biomesoplenty:fir_planks":1,"minecraft:wheat":4,"biomesoplenty:fir_log":4},"minecraft:custom":{"minecraft:open_chest":3,"minecraft:time_since_rest":16670,"minecraft:crouch_one_cm":392,"minecraft:play_time":16670,"minecraft:sprint_one_cm":13272,"minecraft:damage_taken":30,"minecraft:walk_one_cm":40115,"minecraft:sneak_time":84,"minecraft:walk_under_water_one_cm":1396,"minecraft:drop":1,"minecraft:jump":169,"minecraft:leave_game":1,"minecraft:time_since_death":16670,"minecraft:walk_on_water_one_cm":3604,"minecraft:total_world_time":16670,"minecraft:fall_one_cm":1529,"minecraft:fly_one_cm":98709}},"DataVersion":3465}