{"stats":{"minecraft:crafted":{"minecraft:stick":8,"biomesoplenty:redwood_planks":16},"minecraft:custom":{"minecraft:jump":134,"minecraft:time_since_rest":2020,"minecraft:crouch_one_cm":12,"minecraft:sprint_one_cm":20083,"minecraft:play_time":18209,"minecraft:walk_on_water_one_cm":195,"minecraft:time_since_death":18209,"minecraft:walk_one_cm":22661,"minecraft:sleep_in_bed":1,"minecraft:sneak_time":114,"minecraft:total_world_time":18209,"minecraft:interact_with_crafting_table":2,"minecraft:fall_one_cm":7098,"minecraft:fly_one_cm":40030,"minecraft:open_barrel":1},"minecraft:mined":{"biomesoplenty:redwood_leaves":1,"biomesoplenty:redwood_wood":13},"minecraft:picked_up":{"biomesoplenty:redwood_wood":13}},"DataVersion":3465}