{"stats":{"minecraft:killed_by":{"minecraft:skeleton":1},"minecraft:used":{"minecraft:wheat_seeds":30,"minecraft:bread":1,"minecraft:stone_pickaxe":24,"minecraft:wooden_pickaxe":19,"minecraft:item_frame":13,"minecraft:pumpkin_pie":1},"minecraft:picked_up":{"minecraft:wheat":26,"minecraft:dirt":1,"qualitycrops:wheat_diamond":2,"minecraft:item_frame":1,"qualitycrops:wheat_iron":5,"minecraft:pumpkin_pie":2,"minecraft:wheat_seeds":78,"biomesoplenty:redwood_wood":13,"minecraft:coal":18,"minecraft:mutton":1,"minecraft:cobblestone":23},"minecraft:crafted":{"minecraft:stick":8,"biomesoplenty:redwood_planks":16,"minecraft:wooden_pickaxe":1,"minecraft:stone_pickaxe":1,"minecraft:wooden_axe":1,"minecraft:furnace":1,"minecraft:stone_axe":1,"minecraft:cooked_mutton":1,"minecraft:bread":8,"minecraft:air":0},"minecraft:custom":{"minecraft:time_since_rest":2728,"minecraft:interact_with_furnace":7,"minecraft:sprint_one_cm":48705,"minecraft:damage_taken":270,"minecraft:walk_one_cm":93483,"minecraft:drop":1,"minecraft:swim_one_cm":3123,"minecraft:interact_with_crafting_table":5,"minecraft:fly_one_cm":81168,"minecraft:open_barrel":1,"minecraft:open_chest":3,"minecraft:crouch_one_cm":6100,"minecraft:play_time":38296,"minecraft:deaths":1,"minecraft:sneak_time":1403,"minecraft:walk_under_water_one_cm":534,"minecraft:jump":318,"minecraft:eat_cake_slice":1,"minecraft:leave_game":1,"minecraft:walk_on_water_one_cm":5760,"minecraft:time_since_death":0,"minecraft:sleep_in_bed":1,"minecraft:climb_one_cm":689,"minecraft:interact_with_smoker":1,"minecraft:total_world_time":38296,"minecraft:fall_one_cm":11853},"minecraft:mined":{"minecraft:wheat":28,"minecraft:coal_ore":18,"biomesoplenty:redwood_leaves":1,"minecraft:dirt":1,"minecraft:stone":23,"biomesoplenty:redwood_wood":13},"minecraft:dropped":{"qualitycrops:wheat_iron":5}},"DataVersion":3465}