{"stats":{"minecraft:crafted":{"minecraft:stick":8,"biomesoplenty:redwood_planks":16,"minecraft:wooden_pickaxe":1,"minecraft:wooden_axe":1},"minecraft:used":{"minecraft:item_frame":13,"minecraft:pumpkin_pie":1,"minecraft:wooden_pickaxe":9},"minecraft:custom":{"minecraft:open_barrel":1,"minecraft:open_chest":3,"minecraft:time_since_rest":8020,"minecraft:interact_with_furnace":3,"minecraft:crouch_one_cm":2056,"minecraft:play_time":24209,"minecraft:sprint_one_cm":35603,"minecraft:damage_taken":20,"minecraft:walk_one_cm":67978,"minecraft:sneak_time":509,"minecraft:jump":221,"minecraft:eat_cake_slice":1,"minecraft:time_since_death":24209,"minecraft:walk_on_water_one_cm":195,"minecraft:sleep_in_bed":1,"minecraft:climb_one_cm":689,"minecraft:interact_with_smoker":1,"minecraft:total_world_time":24209,"minecraft:interact_with_crafting_table":3,"minecraft:fall_one_cm":9103,"minecraft:fly_one_cm":58828},"minecraft:mined":{"biomesoplenty:redwood_leaves":1,"minecraft:stone":9,"biomesoplenty:redwood_wood":13},"minecraft:picked_up":{"minecraft:item_frame":1,"minecraft:pumpkin_pie":2,"biomesoplenty:redwood_wood":13,"minecraft:cobblestone":8}},"DataVersion":3465}