{"stats":{"minecraft:killed_by":{"minecraft:skeleton":1},"minecraft:used":{"minecraft:wheat_seeds":30,"biomesoplenty:redwood_planks":2,"minecraft:bread":1,"minecraft:stone_pickaxe":46,"minecraft:wooden_pickaxe":19,"minecraft:item_frame":13,"minecraft:stone_axe":30,"minecraft:pumpkin_pie":1},"minecraft:picked_up":{"minecraft:raw_iron":7,"minecraft:wheat":26,"paraglider:spirit_orb":2,"minecraft:spider_eye":1,"minecraft:string":8,"minecraft:dirt":1,"qualitycrops:wheat_diamond":2,"minecraft:item_frame":1,"qualitycrops:wheat_iron":5,"minecraft:pumpkin_pie":2,"minecraft:wheat_seeds":78,"biomesoplenty:redwood_wood":13,"minecraft:coal":24,"minecraft:mutton":1,"minecraft:cobblestone":28},"minecraft:crafted":{"minecraft:stick":8,"biomesoplenty:redwood_planks":24,"minecraft:wooden_pickaxe":1,"minecraft:stone_pickaxe":1,"minecraft:wooden_axe":1,"minecraft:furnace":1,"minecraft:stone_axe":1,"minecraft:cooked_mutton":1,"minecraft:bread":8,"minecraft:air":0},"minecraft:custom":{"minecraft:time_since_rest":16174,"minecraft:interact_with_furnace":7,"minecraft:sprint_one_cm":60505,"minecraft:damage_taken":300,"minecraft:walk_one_cm":132819,"minecraft:mob_kills":8,"minecraft:drop":1,"minecraft:damage_dealt":978,"minecraft:swim_one_cm":36839,"minecraft:interact_with_crafting_table":5,"minecraft:fly_one_cm":103955,"minecraft:open_barrel":1,"minecraft:open_chest":5,"tombstone:undead_killed":1,"minecraft:crouch_one_cm":10299,"minecraft:play_time":61354,"minecraft:deaths":1,"minecraft:sneak_time":2750,"minecraft:walk_under_water_one_cm":2416,"minecraft:jump":474,"minecraft:eat_cake_slice":1,"minecraft:leave_game":2,"minecraft:walk_on_water_one_cm":10540,"minecraft:time_since_death":18573,"minecraft:sleep_in_bed":1,"minecraft:climb_one_cm":770,"minecraft:interact_with_smoker":1,"minecraft:total_world_time":61354,"minecraft:fall_one_cm":12811},"minecraft:killed":{"minecraft:zombie":1,"minecraft:spider":7},"minecraft:mined":{"minecraft:mossy_cobblestone":1,"minecraft:iron_ore":7,"minecraft:wheat":28,"valhelsia_structures:cracked_big_glazed_jar":1,"valhelsia_structures:cracked_glazed_jar":1,"minecraft:coal_ore":24,"biomesoplenty:redwood_leaves":1,"minecraft:dirt":1,"minecraft:stone":28,"biomesoplenty:redwood_wood":13,"minecraft:spawner":1},"minecraft:dropped":{"qualitycrops:wheat_iron":5}},"DataVersion":3465}