{"stats":{"minecraft:dropped":{"qualitycrops:wheat_iron":5},"minecraft:crafted":{"minecraft:stick":8,"biomesoplenty:redwood_planks":16,"minecraft:wooden_pickaxe":1,"minecraft:stone_pickaxe":1,"minecraft:wooden_axe":1,"minecraft:furnace":1,"minecraft:stone_axe":1,"minecraft:air":0,"minecraft:cooked_mutton":1,"minecraft:bread":8},"minecraft:used":{"minecraft:wheat_seeds":30,"minecraft:wooden_pickaxe":19,"minecraft:item_frame":13,"minecraft:pumpkin_pie":1},"minecraft:custom":{"minecraft:time_since_rest":13206,"minecraft:interact_with_furnace":7,"minecraft:sprint_one_cm":43482,"minecraft:damage_taken":20,"minecraft:walk_one_cm":79008,"minecraft:drop":1,"minecraft:interact_with_crafting_table":5,"minecraft:fly_one_cm":66179,"minecraft:open_barrel":1,"minecraft:open_chest":3,"minecraft:crouch_one_cm":5629,"minecraft:play_time":29395,"minecraft:sneak_time":1177,"minecraft:jump":262,"minecraft:eat_cake_slice":1,"minecraft:leave_game":1,"minecraft:walk_on_water_one_cm":704,"minecraft:time_since_death":29395,"minecraft:sleep_in_bed":1,"minecraft:total_world_time":29395,"minecraft:interact_with_smoker":1,"minecraft:climb_one_cm":689,"minecraft:fall_one_cm":10415},"minecraft:mined":{"minecraft:wheat":28,"minecraft:coal_ore":1,"biomesoplenty:redwood_leaves":1,"minecraft:stone":18,"biomesoplenty:redwood_wood":13},"minecraft:picked_up":{"minecraft:wheat":26,"qualitycrops:wheat_diamond":2,"minecraft:item_frame":1,"qualitycrops:wheat_iron":5,"minecraft:pumpkin_pie":2,"minecraft:wheat_seeds":78,"biomesoplenty:redwood_wood":13,"minecraft:mutton":1,"minecraft:coal":1,"minecraft:cobblestone":18}},"DataVersion":3465}