{"stats":{"minecraft:custom":{"minecraft:jump":34,"minecraft:time_since_rest":12209,"minecraft:crouch_one_cm":12,"minecraft:sprint_one_cm":5132,"minecraft:play_time":12209,"minecraft:time_since_death":12209,"minecraft:walk_one_cm":3980,"minecraft:sneak_time":76,"minecraft:total_world_time":12209,"minecraft:fall_one_cm":2001,"minecraft:fly_one_cm":8308},"minecraft:mined":{"biomesoplenty:redwood_leaves":1,"biomesoplenty:redwood_wood":13},"minecraft:picked_up":{"biomesoplenty:redwood_wood":13}},"DataVersion":3465}