{"stats":{"minecraft:dropped":{"quark:seed_pouch":1,"minecraft:flower_pot":1,"born_in_chaos_v1:rotten_fish":10,"minecraft:writable_book":1,"born_in_chaos_v1:sea_terror_stomach":1,"born_in_chaos_v1:sea_terror_eye":2},"minecraft:custom":{"minecraft:time_since_rest":27385,"lootr:looted_stat":19,"minecraft:sprint_one_cm":5480,"minecraft:damage_taken":245,"minecraft:walk_one_cm":71861,"minecraft:mob_kills":1,"minecraft:drop":6,"minecraft:damage_dealt":333,"minecraft:open_barrel":6,"minecraft:swim_one_cm":21092,"minecraft:interact_with_crafting_table":5,"minecraft:fly_one_cm":16032,"minecraft:open_chest":1,"minecraft:crouch_one_cm":376,"minecraft:play_time":27385,"minecraft:sneak_time":56,"minecraft:walk_under_water_one_cm":5263,"minecraft:jump":129,"minecraft:leave_game":2,"minecraft:walk_on_water_one_cm":2245,"minecraft:time_since_death":27385,"minecraft:climb_one_cm":4012,"minecraft:total_world_time":27385,"minecraft:fall_one_cm":4765},"minecraft:mined":{"regions_unexplored:socotra_leaves":1,"minecraft:white_bed":1,"regions_unexplored:socotra_log":2,"regions_unexplored:steppe_shrub":1,"supplementaries:bamboo_spikes":5,"minecraft:jungle_leaves":1,"minecraft:crafting_table":2,"minecraft:grass":2,"minecraft:acacia_log":2,"quark:jungle_leaf_carpet":1,"regions_unexplored:small_desert_shrub":1,"minecraft:acacia_planks":2,"minecraft:potted_bamboo":1,"quark:bamboo_mat_carpet":7},"minecraft:picked_up":{"minecraft:crafting_table":2,"minecraft:stick":2,"minecraft:flower_pot":1,"minecraft:acacia_log":2,"quark:seed_pouch":1,"minecraft:white_bed":1,"quark:jungle_leaf_carpet":1,"regions_unexplored:socotra_log":8,"supplementaries:bamboo_spikes":5,"quark:bamboo_mat_carpet":7,"minecraft:acacia_planks":2,"regions_unexplored:socotra_sapling":4,"minecraft:wheat_seeds":1,"born_in_chaos_v1:sea_terror_eye":2,"minecraft:writable_book":1,"minecraft:bamboo":1,"born_in_chaos_v1:rotten_fish":10,"born_in_chaos_v1:sea_terror_stomach":1},"minecraft:crafted":{"minecraft:wooden_sword":1,"regions_unexplored:socotra_planks":32,"minecraft:crafting_table":1,"minecraft:stick":4,"minecraft:wooden_axe":1,"regions_unexplored:socotra_boat":1,"minecraft:acacia_planks":4},"minecraft:used":{"minecraft:wooden_axe":20,"minecraft:writable_book":1,"minecraft:apple":2,"minecraft:acacia_log":1,"minecraft:melon_slice":4,"farmersdelight:melon_juice":1,"create:black_toolbox":1,"supplementaries:goblet":1,"regions_unexplored:socotra_sapling":4,"minecraft:wooden_sword":10,"minecraft:crafting_table":2,"regions_unexplored:socotra_boat":1,"supplementaries:bamboo_spikes":1,"minecraft:pumpkin_pie":1,"minecraft:acacia_planks":2,"minecraft:experience_bottle":2},"minecraft:killed":{"born_in_chaos_v1:glutton_fish":1}},"DataVersion":3465}