{"stats":{"minecraft:custom":{"lootr:looted_stat":62,"minecraft:mob_kills":18,"minecraft:interact_with_crafting_table":6,"minecraft:open_barrel":13,"minecraft:interact_with_loom":1,"minecraft:bell_ring":94,"minecraft:damage_dealt_resisted":30,"minecraft:leave_game":2,"minecraft:time_since_death":30062,"minecraft:climb_one_cm":5572,"minecraft:time_since_rest":29915,"minecraft:waystone_activated":1,"minecraft:sprint_one_cm":66939,"minecraft:damage_taken":1039,"minecraft:walk_one_cm":261928,"minecraft:drop":22,"minecraft:damage_dealt":2076,"minecraft:swim_one_cm":21092,"minecraft:talked_to_villager":4,"minecraft:fly_one_cm":76547,"minecraft:open_chest":2,"minecraft:crouch_one_cm":2991,"minecraft:play_time":69385,"tombstone:undead_killed":10,"minecraft:deaths":1,"minecraft:sneak_time":837,"minecraft:walk_under_water_one_cm":6223,"minecraft:interact_with_lectern":12,"minecraft:boat_one_cm":60,"minecraft:jump":467,"minecraft:walk_on_water_one_cm":3968,"minecraft:total_world_time":69385,"minecraft:interact_with_smoker":3,"minecraft:fall_one_cm":13325},"minecraft:dropped":{"quark:seed_pouch":1,"minecraft:wheat_seeds":5,"minecraft:glass_bottle":1,"born_in_chaos_v1:rotten_fish":10,"born_in_chaos_v1:sea_terror_stomach":1,"minecraft:iron_boots":5,"born_in_chaos_v1:sea_terror_eye":2,"minecraft:golden_apple":1,"minecraft:flower_pot":1,"minecraft:diamond_chestplate":1,"minecraft:iron_chestplate":1,"tombstone:grave_dust":1,"minecraft:iron_leggings":1,"minecraft:writable_book":1,"minecraft:diamond_boots":1,"minecraft:glistering_melon_slice":1},"minecraft:mined":{"minecraft:white_bed":1,"born_in_chaos_v1:marigolds":1,"minecraft:jungle_leaves":1,"minecraft:crafting_table":3,"minecraft:acacia_log":2,"minecraft:spruce_fence":4,"regions_unexplored:small_desert_shrub":1,"minecraft:spruce_wall_sign":1,"minecraft:potted_bamboo":1,"minecraft:wall_torch":3,"quark:bamboo_mat_carpet":7,"minecraft:spawner":1,"minecraft:spruce_stairs":2,"regions_unexplored:socotra_leaves":1,"regions_unexplored:socotra_log":2,"regions_unexplored:steppe_shrub":1,"supplementaries:bamboo_spikes":7,"minecraft:grass":4,"quark:jungle_leaf_carpet":1,"regions_unexplored:joshua_planks":1,"minecraft:acacia_planks":2,"minecraft:spruce_slab":1},"minecraft:picked_up":{"minecraft:crafting_table":3,"minecraft:flower_pot":1,"regions_unexplored:joshua_planks":4,"minecraft:potato":1,"minecraft:lily_pad":1,"quark:jungle_leaf_carpet":1,"tombstone:gift":1,"minecraft:acacia_planks":2,"minecraft:wheat_seeds":6,"minecraft:iron_ingot":2,"minecraft:iron_pickaxe":1,"minecraft:bamboo":1,"minecraft:iron_boots":6,"minecraft:stick":2,"minecraft:acacia_log":2,"quark:seed_pouch":1,"tombstone:grave_dust":1,"minecraft:white_bed":1,"minecraft:dead_bush":1,"regions_unexplored:socotra_log":8,"minecraft:diamond_chestplate":1,"quark:bamboo_mat_carpet":7,"supplementaries:bamboo_spikes":7,"regions_unexplored:socotra_sapling":4,"born_in_chaos_v1:sea_terror_eye":2,"minecraft:diamond_boots":1,"minecraft:writable_book":1,"born_in_chaos_v1:rotten_fish":10,"create:black_toolbox":1,"born_in_chaos_v1:sea_terror_stomach":1},"minecraft:crafted":{"minecraft:wooden_sword":1,"minecraft:crafting_table":1,"minecraft:iron_sword":1,"regions_unexplored:socotra_boat":1,"regions_unexplored:socotra_planks":32,"minecraft:stick":4,"minecraft:iron_pickaxe":1,"minecraft:wooden_axe":1,"minecraft:acacia_planks":4},"minecraft:killed_by":{"minecraft:creeper":1},"minecraft:used":{"minecraft:writable_book":1,"minecraft:acacia_log":1,"minecraft:iron_sword":9,"regions_unexplored:joshua_planks":4,"farmersdelight:melon_juice":3,"regions_unexplored:socotra_sapling":4,"regions_unexplored:socotra_planks":1,"minecraft:crafting_table":3,"minecraft:wooden_axe":32,"minecraft:apple":10,"minecraft:melon_slice":21,"minecraft:iron_pickaxe":4,"create:black_toolbox":1,"supplementaries:goblet":1,"minecraft:wooden_sword":54,"regions_unexplored:socotra_boat":1,"supplementaries:bamboo_spikes":3,"tombstone:gift":4,"minecraft:pumpkin_pie":1,"minecraft:acacia_planks":2,"minecraft:experience_bottle":2},"minecraft:killed":{"minecraft:cave_spider":1,"born_in_chaos_v1:glutton_fish":1,"born_in_chaos_v1:maggot":5,"minecraft:skeleton":5,"minecraft:zombie":5}},"DataVersion":3465}