{"stats":{"minecraft:used":{"minecraft:stone_pickaxe":7,"minecraft:wooden_pickaxe":35,"biomesoplenty:lavender":2,"biomesoplenty:flowering_oak_sapling":1,"minecraft:stone_axe":9,"minecraft:cobblestone":6,"minecraft:crafting_table":3,"minecraft:oak_sapling":8,"minecraft:furnace":1,"minecraft:oak_boat":2},"minecraft:picked_up":{"biomesoplenty:lavender":2,"minecraft:stick":6,"minecraft:crafting_table":3,"minecraft:oak_log":10,"biomesoplenty:flowering_oak_sapling":1,"minecraft:oak_boat":1,"supplementaries:cage":1,"minecraft:oak_sapling":8,"minecraft:coal":16,"minecraft:cobblestone":23,"minecraft:furnace":1},"minecraft:crafted":{"minecraft:wooden_sword":1,"minecraft:oak_boat":1,"minecraft:oak_planks":40,"minecraft:crafting_table":1,"minecraft:stick":52,"minecraft:wooden_pickaxe":1,"minecraft:stone_pickaxe":1,"minecraft:stone_sword":1,"minecraft:furnace":1,"minecraft:torch":64,"minecraft:stone_axe":1},"minecraft:custom":{"minecraft:time_since_rest":11567,"minecraft:interact_with_furnace":1,"minecraft:sprint_one_cm":7187,"minecraft:damage_taken":100,"minecraft:walk_one_cm":44803,"minecraft:trigger_trapped_chest":1,"minecraft:damage_dealt":20,"minecraft:interact_with_crafting_table":8,"minecraft:swim_one_cm":15462,"minecraft:fly_one_cm":15250,"minecraft:crouch_one_cm":198,"minecraft:play_time":11567,"minecraft:sneak_time":24,"minecraft:walk_under_water_one_cm":1413,"minecraft:jump":143,"minecraft:leave_game":1,"minecraft:time_since_death":11567,"minecraft:walk_on_water_one_cm":6942,"minecraft:total_world_time":11567,"minecraft:fall_one_cm":3965},"minecraft:mined":{"minecraft:air":1,"minecraft:furnace":1,"biomesoplenty:lavender":5,"minecraft:crafting_table":3,"minecraft:grass":5,"minecraft:oak_log":8,"minecraft:coal_ore":17,"biomesoplenty:flowering_oak_leaves":1,"minecraft:stone":23,"minecraft:oak_leaves":5,"supplementaries:cage":1}},"DataVersion":3465}