{"stats":{"minecraft:crafted":{"minecraft:oak_planks":16,"minecraft:crafting_table":1},"minecraft:used":{"minecraft:crafting_table":1,"minecraft:oak_sapling":1},"minecraft:custom":{"minecraft:time_since_rest":2753,"minecraft:crouch_one_cm":149,"minecraft:play_time":2753,"minecraft:sprint_one_cm":3875,"minecraft:walk_one_cm":12257,"minecraft:sneak_time":13,"minecraft:trigger_trapped_chest":1,"minecraft:jump":44,"minecraft:damage_dealt":20,"minecraft:leave_game":1,"minecraft:time_since_death":2753,"minecraft:total_world_time":2753,"minecraft:interact_with_crafting_table":1,"minecraft:fall_one_cm":1374,"minecraft:fly_one_cm":8429},"minecraft:mined":{"minecraft:grass":1,"minecraft:oak_log":4,"biomesoplenty:flowering_oak_leaves":1,"biomesoplenty:lavender":2,"minecraft:oak_leaves":2,"supplementaries:cage":1},"minecraft:picked_up":{"minecraft:stick":2,"minecraft:oak_log":4,"supplementaries:cage":1,"minecraft:oak_sapling":4}},"DataVersion":3465}