{"stats":{"minecraft:dropped":{"born_in_chaos_v1:rotten_fish":10,"born_in_chaos_v1:sea_terror_stomach":1,"born_in_chaos_v1:sea_terror_eye":2},"minecraft:custom":{"minecraft:time_since_rest":15385,"minecraft:sprint_one_cm":5092,"minecraft:damage_taken":120,"minecraft:walk_one_cm":36545,"minecraft:mob_kills":1,"minecraft:drop":3,"minecraft:damage_dealt":327,"minecraft:swim_one_cm":21092,"minecraft:interact_with_crafting_table":5,"minecraft:fly_one_cm":15616,"minecraft:crouch_one_cm":361,"minecraft:play_time":15385,"minecraft:sneak_time":40,"minecraft:walk_under_water_one_cm":5263,"minecraft:jump":92,"minecraft:leave_game":2,"minecraft:walk_on_water_one_cm":2181,"minecraft:time_since_death":15385,"minecraft:total_world_time":15385,"minecraft:fall_one_cm":3908},"minecraft:mined":{"regions_unexplored:socotra_leaves":1,"regions_unexplored:socotra_log":2,"regions_unexplored:steppe_shrub":1,"minecraft:crafting_table":2,"minecraft:grass":2,"minecraft:acacia_log":2,"regions_unexplored:small_desert_shrub":1,"minecraft:acacia_planks":2,"minecraft:potted_bamboo":1,"quark:bamboo_mat_carpet":7},"minecraft:picked_up":{"minecraft:crafting_table":2,"minecraft:stick":2,"minecraft:flower_pot":1,"minecraft:acacia_log":2,"regions_unexplored:socotra_log":8,"quark:bamboo_mat_carpet":7,"minecraft:acacia_planks":2,"regions_unexplored:socotra_sapling":4,"minecraft:wheat_seeds":1,"born_in_chaos_v1:sea_terror_eye":2,"minecraft:bamboo":1,"born_in_chaos_v1:rotten_fish":10,"born_in_chaos_v1:sea_terror_stomach":1},"minecraft:crafted":{"minecraft:wooden_sword":1,"regions_unexplored:socotra_planks":32,"minecraft:crafting_table":1,"minecraft:stick":4,"minecraft:wooden_axe":1,"regions_unexplored:socotra_boat":1,"minecraft:acacia_planks":4},"minecraft:used":{"minecraft:wooden_axe":12,"minecraft:acacia_log":1,"regions_unexplored:socotra_sapling":4,"minecraft:wooden_sword":10,"minecraft:crafting_table":2,"regions_unexplored:socotra_boat":1,"minecraft:acacia_planks":2},"minecraft:killed":{"born_in_chaos_v1:glutton_fish":1}},"DataVersion":3465}