{"stats":{"minecraft:custom":{"lootr:looted_stat":28,"minecraft:mob_kills":2,"minecraft:interact_with_crafting_table":5,"minecraft:open_barrel":11,"minecraft:bell_ring":94,"minecraft:leave_game":2,"minecraft:time_since_death":6062,"minecraft:climb_one_cm":4356,"minecraft:time_since_rest":5915,"minecraft:waystone_activated":1,"minecraft:sprint_one_cm":40533,"minecraft:damage_taken":648,"minecraft:walk_one_cm":166288,"minecraft:drop":9,"minecraft:damage_dealt":475,"minecraft:swim_one_cm":21092,"minecraft:fly_one_cm":48990,"minecraft:open_chest":1,"minecraft:crouch_one_cm":2731,"minecraft:play_time":45385,"tombstone:undead_killed":1,"minecraft:deaths":1,"minecraft:sneak_time":714,"minecraft:walk_under_water_one_cm":6223,"minecraft:boat_one_cm":60,"minecraft:jump":335,"minecraft:walk_on_water_one_cm":3885,"minecraft:total_world_time":45385,"minecraft:interact_with_smoker":3,"minecraft:fall_one_cm":8033},"minecraft:dropped":{"quark:seed_pouch":1,"minecraft:wheat_seeds":1,"minecraft:glass_bottle":1,"born_in_chaos_v1:rotten_fish":10,"born_in_chaos_v1:sea_terror_stomach":1,"born_in_chaos_v1:sea_terror_eye":2,"minecraft:flower_pot":1,"tombstone:grave_dust":1,"minecraft:writable_book":1},"minecraft:mined":{"minecraft:white_bed":1,"born_in_chaos_v1:marigolds":1,"minecraft:jungle_leaves":1,"minecraft:crafting_table":2,"minecraft:acacia_log":2,"regions_unexplored:small_desert_shrub":1,"minecraft:potted_bamboo":1,"quark:bamboo_mat_carpet":7,"regions_unexplored:socotra_leaves":1,"regions_unexplored:socotra_log":2,"regions_unexplored:steppe_shrub":1,"supplementaries:bamboo_spikes":6,"minecraft:grass":4,"quark:jungle_leaf_carpet":1,"minecraft:acacia_planks":2},"minecraft:picked_up":{"minecraft:crafting_table":2,"minecraft:flower_pot":1,"minecraft:potato":1,"minecraft:lily_pad":1,"quark:jungle_leaf_carpet":1,"minecraft:acacia_planks":2,"minecraft:wheat_seeds":4,"minecraft:bamboo":1,"minecraft:stick":2,"minecraft:acacia_log":2,"quark:seed_pouch":1,"tombstone:grave_dust":1,"minecraft:white_bed":1,"regions_unexplored:socotra_log":8,"quark:bamboo_mat_carpet":7,"supplementaries:bamboo_spikes":6,"regions_unexplored:socotra_sapling":4,"born_in_chaos_v1:sea_terror_eye":2,"minecraft:writable_book":1,"born_in_chaos_v1:rotten_fish":10,"born_in_chaos_v1:sea_terror_stomach":1},"minecraft:crafted":{"minecraft:wooden_sword":1,"minecraft:crafting_table":1,"regions_unexplored:socotra_boat":1,"regions_unexplored:socotra_planks":32,"minecraft:stick":4,"minecraft:wooden_axe":1,"minecraft:acacia_planks":4},"minecraft:killed_by":{"minecraft:creeper":1},"minecraft:used":{"minecraft:writable_book":1,"minecraft:acacia_log":1,"farmersdelight:melon_juice":3,"regions_unexplored:socotra_sapling":4,"minecraft:crafting_table":2,"minecraft:wooden_axe":21,"minecraft:apple":2,"minecraft:melon_slice":12,"create:black_toolbox":1,"supplementaries:goblet":1,"minecraft:wooden_sword":18,"regions_unexplored:socotra_boat":1,"supplementaries:bamboo_spikes":2,"tombstone:gift":2,"minecraft:pumpkin_pie":1,"minecraft:acacia_planks":2,"minecraft:experience_bottle":2},"minecraft:killed":{"born_in_chaos_v1:glutton_fish":1,"minecraft:zombie":1}},"DataVersion":3465}