{"stats":{"minecraft:used":{"minecraft:stone_sword":2,"minecraft:chicken":2,"minecraft:stone_pickaxe":7,"minecraft:suspicious_stew":1,"minecraft:wooden_pickaxe":35,"biomesoplenty:lavender":2,"biomesoplenty:flowering_oak_sapling":1,"minecraft:torch":5,"minecraft:stone_axe":19,"minecraft:cobblestone":6,"minecraft:crafting_table":3,"minecraft:oak_sapling":8,"minecraft:furnace":1,"minecraft:oak_boat":3},"minecraft:picked_up":{"biomesoplenty:lavender":2,"minecraft:feather":4,"minecraft:stick":6,"minecraft:crafting_table":3,"minecraft:chicken":2,"qualitycrops:egg_iron":1,"minecraft:spruce_stairs":4,"minecraft:oak_log":10,"minecraft:ink_sac":3,"qualitycrops:kelp_iron":1,"biomesoplenty:flowering_oak_sapling":1,"minecraft:wheat_seeds":1,"minecraft:spruce_planks":6,"minecraft:oak_boat":2,"supplementaries:cage":1,"minecraft:oak_sapling":8,"minecraft:coal":16,"biomesoplenty:toadstool":1,"minecraft:cobblestone":23,"minecraft:furnace":1},"minecraft:crafted":{"minecraft:wooden_sword":1,"minecraft:oak_boat":1,"minecraft:oak_planks":40,"minecraft:crafting_table":1,"minecraft:stick":52,"minecraft:wooden_pickaxe":1,"minecraft:stone_pickaxe":1,"minecraft:stone_sword":1,"minecraft:furnace":1,"minecraft:torch":64,"minecraft:stone_axe":1},"minecraft:custom":{"minecraft:time_since_rest":16395,"minecraft:interact_with_furnace":1,"minecraft:sprint_one_cm":9746,"minecraft:damage_taken":130,"minecraft:walk_one_cm":59119,"minecraft:trigger_trapped_chest":1,"minecraft:mob_kills":2,"minecraft:damage_dealt":100,"minecraft:interact_with_crafting_table":8,"minecraft:swim_one_cm":15462,"minecraft:fly_one_cm":16727,"minecraft:open_chest":5,"minecraft:crouch_one_cm":218,"minecraft:play_time":16395,"minecraft:sneak_time":46,"minecraft:walk_under_water_one_cm":7514,"minecraft:jump":210,"minecraft:leave_game":2,"minecraft:time_since_death":16395,"minecraft:walk_on_water_one_cm":10126,"minecraft:total_world_time":16395,"minecraft:fall_one_cm":5807},"minecraft:killed":{"minecraft:chicken":2},"minecraft:mined":{"minecraft:air":1,"minecraft:spruce_stairs":4,"minecraft:spruce_planks":6,"minecraft:furnace":1,"biomesoplenty:lavender":5,"minecraft:crafting_table":3,"minecraft:grass":5,"minecraft:grass_block":1,"minecraft:oak_log":8,"minecraft:coal_ore":17,"biomesoplenty:flowering_oak_leaves":1,"minecraft:stone":23,"minecraft:oak_leaves":5,"supplementaries:cage":1,"minecraft:fern":1}},"DataVersion":3465}