{"stats":{"minecraft:crafted":{"minecraft:wooden_sword":1,"minecraft:oak_boat":1,"minecraft:oak_planks":40,"minecraft:crafting_table":1,"minecraft:stick":52,"minecraft:wooden_pickaxe":1,"minecraft:stone_pickaxe":1,"minecraft:stone_sword":1,"minecraft:furnace":1,"minecraft:torch":64,"minecraft:stone_axe":1,"biomesoplenty:fir_planks":136},"minecraft:used":{"minecraft:stone_sword":12,"biomesoplenty:fir_sapling":1,"minecraft:chicken":3,"minecraft:stone_pickaxe":7,"minecraft:suspicious_stew":1,"minecraft:wooden_pickaxe":35,"biomesoplenty:lavender":2,"biomesoplenty:flowering_oak_sapling":1,"minecraft:torch":5,"minecraft:stone_axe":70,"minecraft:cobblestone":6,"minecraft:crafting_table":4,"minecraft:furnace":1,"minecraft:oak_sapling":8,"minecraft:oak_boat":3},"minecraft:custom":{"minecraft:damage_taken":200,"minecraft:interact_with_furnace":1,"minecraft:sprint_one_cm":16433,"minecraft:walk_one_cm":80828,"minecraft:trigger_trapped_chest":1,"minecraft:mob_kills":7,"minecraft:damage_dealt":378,"minecraft:swim_one_cm":15462,"minecraft:interact_with_crafting_table":11,"minecraft:fly_one_cm":30115,"minecraft:open_chest":5,"minecraft:crouch_one_cm":218,"minecraft:play_time":19782,"minecraft:sneak_time":53,"minecraft:walk_under_water_one_cm":7684,"minecraft:jump":267,"minecraft:leave_game":3,"minecraft:time_since_death":19782,"minecraft:walk_on_water_one_cm":10368,"minecraft:total_world_time":19782,"minecraft:fall_one_cm":7187,"minecraft:time_since_rest":19782},"minecraft:mined":{"minecraft:air":1,"minecraft:spruce_stairs":4,"minecraft:spruce_planks":6,"minecraft:furnace":1,"biomesoplenty:toadstool":4,"biomesoplenty:lavender":5,"biomesoplenty:fir_log":36,"minecraft:crafting_table":3,"minecraft:grass":11,"minecraft:grass_block":1,"minecraft:oak_log":8,"minecraft:coal_ore":17,"biomesoplenty:fir_leaves":2,"biomesoplenty:flowering_oak_leaves":1,"biomesoplenty:sprout":4,"minecraft:stone":23,"minecraft:oak_leaves":5,"supplementaries:cage":1,"minecraft:fern":2},"minecraft:picked_up":{"biomesoplenty:lavender":2,"biomesoplenty:toadstool":5,"minecraft:stick":6,"minecraft:crafting_table":3,"minecraft:feather":10,"qualitycrops:egg_iron":1,"minecraft:chicken":7,"minecraft:spruce_stairs":4,"biomesoplenty:fir_sapling":1,"biomesoplenty:fir_log":34,"minecraft:oak_log":10,"minecraft:ink_sac":3,"qualitycrops:kelp_iron":1,"biomesoplenty:flowering_oak_sapling":1,"minecraft:wheat_seeds":2,"minecraft:spruce_planks":6,"minecraft:oak_boat":2,"qualitycrops:chicken_diamond":1,"supplementaries:cage":1,"minecraft:oak_sapling":8,"minecraft:coal":16,"minecraft:cobblestone":23,"minecraft:furnace":1},"minecraft:killed":{"minecraft:chicken":7}},"DataVersion":3465}