{"stats":{"minecraft:used":{"minecraft:calcite":17,"minecraft:stone_pickaxe":13,"minecraft:iron_sword":49,"biomesoplenty:lavender":2,"minecraft:stone_hoe":101,"minecraft:torch":42,"minecraft:dirt":4,"minecraft:crafting_table":4,"biomesoplenty:jacaranda_planks":11,"minecraft:iron_hoe":372,"minecraft:wooden_axe":27,"minecraft:iron_axe":1,"biomesoplenty:tall_lavender":1,"minecraft:iron_pickaxe":11,"minecraft:iron_boots":1,"minecraft:stone_axe":2,"qualitycrops:sweet_berries_iron":3,"minecraft:sweet_berries":3,"minecraft:furnace":2,"minecraft:cooked_porkchop":4,"tombstone:gift":1,"chococraft:gysahl_green":14,"alexsmobs:animal_dictionary":2},"minecraft:picked_up":{"biomesoplenty:lavender":6,"minecraft:crafting_table":4,"vinery:jungle_grape_seeds_red":1,"biomesoplenty:jacaranda_sapling":4,"minecraft:oak_log":8,"biomesoplenty:jacaranda_planks":1,"minecraft:gunpowder":1,"minecraft:dirt":4,"qualitycrops:sweet_berries_iron":3,"biomesoplenty:tall_lavender":1,"minecraft:bone":5,"chococraft:gysahl_green":17,"minecraft:candle":3,"minecraft:gold_nugget":24,"minecraft:cobbled_deepslate":2,"minecraft:raw_gold":1,"minecraft:iron_ingot":1,"tombstone:tablet_of_guard":1,"minecraft:cobweb":3,"minecraft:calcite":5,"minecraft:furnace":2,"minecraft:raw_iron":18,"minecraft:stick":3,"qualitycrops:sweet_berries_gold":2,"minecraft:sweet_berries":26,"minecraft:torch":21,"sophisticatedbackpacks:backpack":1,"chococraft:gysahl_green_seeds":12,"tombstone:grave_dust":1,"tombstone:scroll_of_purification":1,"minecraft:bundle":1,"minecraft:arrow":1,"biomesoplenty:jacaranda_log":5,"minecraft:diamond":5,"vinery:white_grape_seeds":2,"minecraft:emerald":3,"supplementaries:ash":8,"minecraft:mutton":1,"minecraft:coal":20,"minecraft:white_wool":1},"minecraft:crafted":{"minecraft:oak_planks":32,"biomesoplenty:jacaranda_planks":20,"minecraft:crafting_table":2,"minecraft:iron_helmet":1,"minecraft:wooden_pickaxe":1,"minecraft:iron_sword":1,"minecraft:air":0,"minecraft:iron_boots":1,"minecraft:diamond_pickaxe":1,"minecraft:iron_axe":1,"minecraft:iron_hoe":2,"minecraft:stick":8,"minecraft:iron_ingot":18,"minecraft:iron_pickaxe":1,"minecraft:wooden_axe":1,"chococraft:gysahl_green_seeds":3},"minecraft:broken":{"minecraft:stone_hoe":1,"minecraft:iron_hoe":1},"minecraft:custom":{"minecraft:interact_with_furnace":11,"minecraft:mob_kills":10,"tombstone:raider_killed":3,"minecraft:interact_with_crafting_table":14,"minecraft:damage_dealt_resisted":305,"minecraft:leave_game":2,"minecraft:time_since_death":32655,"minecraft:climb_one_cm":190,"minecraft:time_since_rest":32655,"minecraft:sprint_one_cm":60226,"minecraft:damage_taken":655,"minecraft:walk_one_cm":92155,"minecraft:trigger_trapped_chest":2,"minecraft:drop":10,"minecraft:damage_dealt":2041,"minecraft:damage_dealt_absorbed":81,"minecraft:swim_one_cm":13110,"minecraft:fly_one_cm":136813,"minecraft:crouch_one_cm":11752,"minecraft:play_time":32655,"tombstone:undead_killed":5,"minecraft:sneak_time":3027,"minecraft:walk_under_water_one_cm":3561,"minecraft:jump":820,"minecraft:walk_on_water_one_cm":9459,"minecraft:total_world_time":32655,"minecraft:fall_one_cm":23898},"minecraft:killed":{"minecraft:witch":1,"minecraft:sheep":1,"minecraft:skeleton":1,"minecraft:pillager":2,"minecraft:zombie":4,"alexsmobs:banana_slug":1},"minecraft:mined":{"biomesoplenty:jacaranda_leaves":3,"minecraft:deepslate_diamond_ore":5,"minecraft:candle":1,"biomesoplenty:jacaranda_planks":1,"minecraft:sculk_vein":40,"minecraft:torch":3,"minecraft:crafting_table":4,"minecraft:calcite":5,"minecraft:grass_block":1,"minecraft:sculk_sensor":5,"minecraft:tall_grass":3,"minecraft:deepslate_gold_ore":1,"biomesoplenty:huge_clover_petal":24,"minecraft:sculk":444,"minecraft:wall_torch":5,"supplementaries:urn":4,"biomesoplenty:jacaranda_log":5,"biomesoplenty:tall_lavender":1,"minecraft:sculk_catalyst":2,"minecraft:furnace":2,"minecraft:sweet_berry_bush":15,"biomesoplenty:lavender":8,"minecraft:grass":8,"biomesoplenty:clover":4,"chococraft:gysahl_green":6,"minecraft:oak_log":8,"minecraft:deepslate_iron_ore":3,"minecraft:dirt":3,"minecraft:deepslate":3,"minecraft:fern":5},"minecraft:dropped":{"minecraft:stone_axe":1,"biomesoplenty:jacaranda_sapling":4,"biomesoplenty:lavender":2,"vinery:white_grape_seeds":1,"chococraft:gysahl_green_seeds":12,"vinery:jungle_grape_seeds_red":1,"minecraft:emerald":1,"minecraft:stone_pickaxe":1}},"DataVersion":3465}