{"stats":{"minecraft:crafted":{"minecraft:oak_planks":32,"biomesoplenty:jacaranda_planks":20,"minecraft:crafting_table":1,"minecraft:stick":8,"minecraft:wooden_pickaxe":1,"minecraft:wooden_axe":1},"minecraft:used":{"minecraft:wooden_axe":13,"minecraft:crafting_table":1,"biomesoplenty:tall_lavender":1,"biomesoplenty:lavender":2},"minecraft:custom":{"minecraft:time_since_rest":7089,"minecraft:crouch_one_cm":908,"minecraft:play_time":7089,"minecraft:sprint_one_cm":18059,"minecraft:damage_taken":155,"minecraft:walk_one_cm":12625,"minecraft:sneak_time":423,"minecraft:walk_under_water_one_cm":2144,"minecraft:mob_kills":1,"minecraft:jump":189,"minecraft:damage_dealt":81,"minecraft:leave_game":1,"minecraft:walk_on_water_one_cm":1212,"minecraft:time_since_death":7089,"minecraft:total_world_time":7089,"minecraft:swim_one_cm":7088,"minecraft:interact_with_crafting_table":2,"minecraft:fall_one_cm":7706,"minecraft:fly_one_cm":48342},"minecraft:mined":{"minecraft:grass":4,"minecraft:oak_log":8,"biomesoplenty:jacaranda_leaves":3,"biomesoplenty:jacaranda_log":5,"biomesoplenty:tall_lavender":1,"minecraft:tall_grass":3,"biomesoplenty:lavender":6,"minecraft:fern":5,"chococraft:gysahl_green":6},"minecraft:picked_up":{"minecraft:stick":3,"biomesoplenty:lavender":4,"biomesoplenty:tall_lavender":1,"chococraft:gysahl_green":17,"biomesoplenty:jacaranda_log":5,"biomesoplenty:jacaranda_sapling":2,"minecraft:oak_log":8,"chococraft:gysahl_green_seeds":6},"minecraft:killed":{"alexsmobs:banana_slug":1}},"DataVersion":3465}