{"stats":{"minecraft:used":{"minecraft:calcite":25,"minecraft:stone_pickaxe":13,"minecraft:iron_sword":69,"biomesoplenty:lavender":2,"minecraft:stone_hoe":101,"minecraft:torch":85,"minecraft:dirt":4,"minecraft:crafting_table":5,"biomesoplenty:jacaranda_planks":11,"minecraft:iron_hoe":445,"minecraft:wooden_axe":27,"minecraft:iron_axe":2,"biomesoplenty:tall_lavender":1,"minecraft:iron_pickaxe":48,"minecraft:iron_boots":1,"minecraft:stone_axe":2,"qualitycrops:sweet_berries_iron":3,"minecraft:sweet_berries":3,"minecraft:furnace":2,"minecraft:cooked_porkchop":5,"tombstone:gift":1,"chococraft:gysahl_green":14,"alexsmobs:animal_dictionary":2,"minecraft:cobbled_deepslate":7},"minecraft:picked_up":{"biomesoplenty:lavender":6,"minecraft:crafting_table":5,"vinery:jungle_grape_seeds_red":1,"minecraft:enchanted_book":2,"biomesoplenty:jacaranda_sapling":4,"minecraft:oak_log":8,"biomesoplenty:jacaranda_planks":1,"minecraft:gunpowder":1,"minecraft:lapis_lazuli":50,"minecraft:dirt":4,"qualitycrops:sweet_berries_iron":3,"biomesoplenty:tall_lavender":1,"minecraft:bone":12,"chococraft:gysahl_green":17,"minecraft:candle":3,"minecraft:gold_nugget":33,"minecraft:cobbled_deepslate":8,"minecraft:raw_gold":15,"minecraft:stone_pickaxe":1,"minecraft:iron_ingot":1,"tombstone:tablet_of_guard":2,"minecraft:cobweb":5,"minecraft:calcite":5,"minecraft:iron_nugget":31,"tombstone:scroll_of_frost_resistance":1,"minecraft:furnace":2,"minecraft:raw_iron":22,"minecraft:stick":3,"qualitycrops:sweet_berries_gold":2,"minecraft:sweet_berries":26,"minecraft:torch":33,"sophisticatedbackpacks:backpack":1,"chococraft:gysahl_green_seeds":12,"tombstone:grave_dust":1,"tombstone:scroll_of_purification":1,"minecraft:bundle":1,"minecraft:arrow":1,"biomesoplenty:jacaranda_log":5,"minecraft:diamond":5,"minecraft:stone_axe":1,"vinery:white_grape_seeds":2,"supplementaries:antique_ink":1,"minecraft:gold_ingot":2,"minecraft:emerald":6,"supplementaries:ash":8,"minecraft:mutton":1,"minecraft:coal":20,"minecraft:white_wool":1},"minecraft:crafted":{"minecraft:oak_planks":32,"biomesoplenty:jacaranda_planks":20,"minecraft:crafting_table":2,"minecraft:iron_helmet":1,"minecraft:wooden_pickaxe":1,"minecraft:iron_sword":1,"minecraft:air":0,"minecraft:iron_boots":1,"minecraft:diamond_pickaxe":1,"minecraft:iron_axe":1,"minecraft:iron_hoe":2,"minecraft:stick":8,"minecraft:iron_ingot":21,"minecraft:iron_pickaxe":1,"minecraft:wooden_axe":1,"chococraft:gysahl_green_seeds":3},"minecraft:broken":{"minecraft:stone_hoe":1,"minecraft:iron_hoe":1},"minecraft:custom":{"minecraft:interact_with_furnace":11,"minecraft:mob_kills":10,"tombstone:raider_killed":3,"minecraft:interact_with_crafting_table":15,"minecraft:damage_dealt_resisted":305,"minecraft:leave_game":2,"minecraft:time_since_death":38655,"minecraft:climb_one_cm":190,"minecraft:time_since_rest":38655,"minecraft:sprint_one_cm":72438,"minecraft:damage_taken":795,"minecraft:walk_one_cm":126845,"minecraft:trigger_trapped_chest":2,"minecraft:drop":14,"minecraft:damage_dealt":2534,"minecraft:damage_dealt_absorbed":81,"minecraft:swim_one_cm":13627,"minecraft:fly_one_cm":154602,"minecraft:crouch_one_cm":21795,"minecraft:play_time":38655,"tombstone:undead_killed":5,"minecraft:sneak_time":5217,"minecraft:walk_under_water_one_cm":4193,"minecraft:jump":1054,"minecraft:walk_on_water_one_cm":14466,"minecraft:total_world_time":38655,"minecraft:fall_one_cm":26861},"minecraft:killed":{"minecraft:witch":1,"minecraft:sheep":1,"minecraft:skeleton":1,"minecraft:pillager":2,"minecraft:zombie":4,"alexsmobs:banana_slug":1},"minecraft:mined":{"biomesoplenty:jacaranda_leaves":3,"minecraft:deepslate_diamond_ore":5,"minecraft:candle":1,"biomesoplenty:jacaranda_planks":1,"minecraft:sculk_vein":45,"minecraft:torch":4,"minecraft:crafting_table":5,"minecraft:calcite":5,"minecraft:grass_block":1,"minecraft:sculk_sensor":26,"minecraft:tall_grass":3,"minecraft:deepslate_gold_ore":16,"biomesoplenty:huge_clover_petal":24,"minecraft:sculk":487,"minecraft:wall_torch":5,"supplementaries:urn":8,"biomesoplenty:jacaranda_log":5,"biomesoplenty:tall_lavender":1,"minecraft:sculk_catalyst":3,"minecraft:furnace":2,"minecraft:cobbled_deepslate":1,"minecraft:sweet_berry_bush":15,"biomesoplenty:lavender":8,"minecraft:deepslate_lapis_ore":8,"minecraft:sculk_shrieker":4,"minecraft:grass":8,"biomesoplenty:clover":4,"chococraft:gysahl_green":6,"minecraft:oak_log":8,"minecraft:deepslate_iron_ore":7,"minecraft:dirt":3,"minecraft:deepslate":8,"minecraft:fern":5},"minecraft:dropped":{"minecraft:enchanted_book":1,"minecraft:stone_axe":2,"biomesoplenty:jacaranda_sapling":4,"biomesoplenty:lavender":2,"vinery:white_grape_seeds":1,"chococraft:gysahl_green_seeds":12,"vinery:jungle_grape_seeds_red":2,"minecraft:emerald":1,"minecraft:stone_pickaxe":2}},"DataVersion":3465}