{"stats":{"minecraft:dropped":{"biomesoplenty:jacaranda_sapling":4,"biomesoplenty:lavender":2,"chococraft:gysahl_green_seeds":12,"minecraft:emerald":1},"minecraft:crafted":{"minecraft:oak_planks":32,"biomesoplenty:jacaranda_planks":20,"minecraft:crafting_table":2,"minecraft:stick":8,"minecraft:wooden_pickaxe":1,"minecraft:wooden_axe":1,"minecraft:iron_sword":1,"chococraft:gysahl_green_seeds":3},"minecraft:used":{"minecraft:wooden_axe":27,"biomesoplenty:tall_lavender":1,"minecraft:iron_sword":26,"biomesoplenty:lavender":2,"minecraft:dirt":4,"qualitycrops:sweet_berries_iron":3,"minecraft:sweet_berries":3,"minecraft:crafting_table":2,"alexsmobs:animal_dictionary":2,"chococraft:gysahl_green":14,"biomesoplenty:jacaranda_planks":11},"minecraft:custom":{"minecraft:time_since_rest":23475,"minecraft:damage_taken":310,"minecraft:sprint_one_cm":37975,"minecraft:trigger_trapped_chest":2,"minecraft:walk_one_cm":37568,"minecraft:mob_kills":7,"minecraft:drop":6,"tombstone:raider_killed":2,"minecraft:damage_dealt":1321,"minecraft:damage_dealt_absorbed":81,"minecraft:interact_with_crafting_table":4,"minecraft:swim_one_cm":13110,"minecraft:fly_one_cm":94670,"minecraft:play_time":23475,"minecraft:crouch_one_cm":4276,"tombstone:undead_killed":3,"minecraft:sneak_time":1608,"minecraft:walk_under_water_one_cm":3011,"minecraft:jump":435,"minecraft:damage_dealt_resisted":305,"minecraft:leave_game":2,"minecraft:time_since_death":23475,"minecraft:walk_on_water_one_cm":6507,"minecraft:total_world_time":23475,"minecraft:climb_one_cm":190,"minecraft:fall_one_cm":14918},"minecraft:mined":{"biomesoplenty:jacaranda_leaves":3,"biomesoplenty:jacaranda_log":5,"biomesoplenty:tall_lavender":1,"biomesoplenty:jacaranda_planks":1,"minecraft:sweet_berry_bush":15,"biomesoplenty:lavender":8,"minecraft:crafting_table":1,"minecraft:grass":8,"biomesoplenty:clover":4,"chococraft:gysahl_green":6,"minecraft:grass_block":1,"minecraft:oak_log":8,"minecraft:dirt":3,"minecraft:tall_grass":3,"biomesoplenty:huge_clover_petal":24,"minecraft:fern":5},"minecraft:picked_up":{"biomesoplenty:lavender":6,"minecraft:stick":3,"minecraft:crafting_table":1,"minecraft:sweet_berries":26,"qualitycrops:sweet_berries_gold":2,"sophisticatedbackpacks:backpack":1,"biomesoplenty:jacaranda_sapling":4,"minecraft:oak_log":8,"chococraft:gysahl_green_seeds":12,"tombstone:grave_dust":1,"biomesoplenty:jacaranda_planks":1,"minecraft:dirt":4,"qualitycrops:sweet_berries_iron":3,"biomesoplenty:tall_lavender":1,"chococraft:gysahl_green":17,"biomesoplenty:jacaranda_log":5,"minecraft:emerald":1,"minecraft:mutton":1,"minecraft:white_wool":1},"minecraft:killed":{"minecraft:sheep":1,"minecraft:pillager":2,"minecraft:zombie":3,"alexsmobs:banana_slug":1}},"DataVersion":3465}