{"stats":{"minecraft:dropped":{"biomesoplenty:jacaranda_sapling":4,"biomesoplenty:lavender":2,"chococraft:gysahl_green_seeds":12},"minecraft:crafted":{"minecraft:oak_planks":32,"biomesoplenty:jacaranda_planks":20,"minecraft:crafting_table":2,"minecraft:stick":8,"minecraft:wooden_pickaxe":1,"minecraft:wooden_axe":1,"minecraft:iron_sword":1},"minecraft:used":{"minecraft:wooden_axe":27,"biomesoplenty:tall_lavender":1,"minecraft:iron_sword":22,"biomesoplenty:lavender":2,"minecraft:dirt":1,"minecraft:crafting_table":2,"alexsmobs:animal_dictionary":2,"chococraft:gysahl_green":13,"biomesoplenty:jacaranda_planks":11},"minecraft:custom":{"minecraft:time_since_rest":14660,"minecraft:sprint_one_cm":32895,"minecraft:damage_taken":310,"minecraft:walk_one_cm":26513,"minecraft:trigger_trapped_chest":2,"minecraft:mob_kills":5,"minecraft:drop":5,"tombstone:raider_killed":2,"minecraft:damage_dealt":1101,"minecraft:damage_dealt_absorbed":81,"minecraft:swim_one_cm":13110,"minecraft:interact_with_crafting_table":4,"minecraft:fly_one_cm":78907,"minecraft:crouch_one_cm":3664,"minecraft:play_time":14660,"tombstone:undead_killed":2,"minecraft:sneak_time":1563,"minecraft:walk_under_water_one_cm":3011,"minecraft:damage_dealt_resisted":305,"minecraft:jump":368,"minecraft:leave_game":1,"minecraft:walk_on_water_one_cm":6507,"minecraft:time_since_death":14660,"minecraft:climb_one_cm":190,"minecraft:total_world_time":14660,"minecraft:fall_one_cm":13755},"minecraft:mined":{"biomesoplenty:jacaranda_leaves":3,"biomesoplenty:jacaranda_log":5,"biomesoplenty:tall_lavender":1,"biomesoplenty:jacaranda_planks":1,"biomesoplenty:lavender":8,"minecraft:crafting_table":1,"minecraft:grass":7,"minecraft:grass_block":1,"biomesoplenty:clover":4,"chococraft:gysahl_green":6,"minecraft:oak_log":8,"minecraft:dirt":2,"minecraft:tall_grass":3,"biomesoplenty:huge_clover_petal":24,"minecraft:fern":5},"minecraft:picked_up":{"biomesoplenty:lavender":6,"minecraft:stick":3,"minecraft:crafting_table":1,"sophisticatedbackpacks:backpack":1,"biomesoplenty:jacaranda_sapling":4,"minecraft:oak_log":8,"chococraft:gysahl_green_seeds":12,"biomesoplenty:jacaranda_planks":1,"minecraft:dirt":3,"biomesoplenty:tall_lavender":1,"chococraft:gysahl_green":17,"biomesoplenty:jacaranda_log":5},"minecraft:killed":{"minecraft:pillager":2,"minecraft:zombie":2,"alexsmobs:banana_slug":1}},"DataVersion":3465}