{"stats":{"minecraft:custom":{"minecraft:interact_with_smithing_table":1,"minecraft:interact_with_anvil":1,"minecraft:mob_kills":23,"tombstone:use_vanishing":2,"minecraft:interact_with_crafting_table":30,"minecraft:damage_dealt_resisted":305,"minecraft:leave_game":4,"minecraft:time_since_death":13194,"minecraft:climb_one_cm":1082,"minecraft:sprint_one_cm":200573,"minecraft:walk_one_cm":283083,"minecraft:drop":78,"minecraft:damage_dealt_absorbed":81,"minecraft:talked_to_villager":8,"minecraft:play_time":76034,"minecraft:deaths":1,"minecraft:sneak_time":7165,"minecraft:walk_under_water_one_cm":5451,"minecraft:jump":2039,"minecraft:interact_with_blast_furnace":7,"minecraft:walk_on_water_one_cm":20084,"minecraft:total_world_time":76034,"minecraft:interact_with_furnace":15,"tombstone:raider_killed":3,"minecraft:sleep_in_bed":2,"minecraft:time_since_rest":13068,"minecraft:damage_taken":1435,"minecraft:trigger_trapped_chest":2,"minecraft:damage_dealt":4693,"minecraft:swim_one_cm":20103,"minecraft:fly_one_cm":390243,"minecraft:open_chest":11,"minecraft:crouch_one_cm":28118,"tombstone:undead_killed":11,"minecraft:fall_one_cm":59948},"minecraft:broken":{"minecraft:stone_hoe":1,"minecraft:iron_hoe":1},"minecraft:picked_up":{"tombstone:dust_of_vanishing":1,"minecraft:crafting_table":7,"qualitycrops:wheat_gold":24,"minecraft:wheat":230,"minecraft:anvil":1,"biomesoplenty:jacaranda_sapling":4,"minecraft:enchanted_book":3,"qualitycrops:sweet_berries_iron":3,"paraglider:goddess_statue":2,"minecraft:string":12,"qualitycrops:wheat_diamond":19,"minecraft:raw_copper":7,"qualitysdelight:tomato_iron":7,"biomesoplenty:tall_lavender":1,"minecraft:zombie_head":1,"minecraft:candle":3,"minecraft:gold_nugget":41,"minecraft:cobbled_deepslate":16,"minecraft:calcite":5,"minecraft:iron_nugget":51,"minecraft:sugar_cane":39,"qualitycrops:sugar_cane_iron":3,"minecraft:furnace":2,"minecraft:stick":12,"minecraft:raw_iron":29,"qualitycrops:sweet_berries_gold":2,"qualitycrops:sugar_cane_gold":1,"farmersdelight:rotten_tomato":3,"minecraft:composter":1,"minecraft:torch":45,"sophisticatedbackpacks:backpack":1,"tombstone:grave_dust":3,"minecraft:diorite":2,"minecraft:redstone":22,"tombstone:scroll_of_purification":1,"minecraft:arrow":4,"minecraft:rotten_flesh":5,"biomesoplenty:jacaranda_log":5,"minecraft:peony":1,"supplementaries:antique_ink":2,"vinery:white_grape_seeds":2,"minecraft:hay_block":54,"minecraft:iron_block":1,"minecraft:gold_ingot":8,"supplementaries:ash":50,"paraglider:horned_statue":2,"minecraft:mutton":5,"minecraft:white_wool":2,"minecraft:cobblestone":6,"biomesoplenty:lavender":6,"minecraft:feather":1,"minecraft:andesite":1,"vinery:jungle_grape_seeds_red":1,"minecraft:potato":2,"minecraft:oak_log":99,"supplementaries:flax_seeds":8,"biomesoplenty:jacaranda_planks":1,"minecraft:gunpowder":5,"tombstone:voodoo_poppet":3,"minecraft:lapis_lazuli":50,"farmersdelight:tomato":11,"minecraft:dirt":8,"minecraft:bone":42,"chococraft:gysahl_green":20,"minecraft:wheat_seeds":682,"minecraft:raw_gold":15,"tombstone:tablet_of_guard":2,"minecraft:iron_ingot":6,"minecraft:stone_pickaxe":1,"minecraft:cobweb":14,"minecraft:oak_planks":15,"tombstone:scroll_of_frost_resistance":1,"qualitysdelight:tomato_gold":1,"minecraft:sweet_berries":26,"minecraft:raw_iron_block":5,"minecraft:amethyst_shard":15,"chococraft:gysahl_green_seeds":13,"minecraft:spider_eye":3,"minecraft:bundle":1,"qualitycrops:wheat_iron":26,"tombstone:familiar_stone":1,"minecraft:diamond":5,"minecraft:stone_axe":1,"tombstone:scroll_of_knowledge":1,"minecraft:emerald":9,"tombstone:magic_scroll":1,"minecraft:oak_sapling":5,"minecraft:coal":20},"minecraft:crafted":{"minecraft:oak_planks":76,"minecraft:raw_iron":45,"qualitycrops:sugar_iron":4,"minecraft:bone_meal":39,"minecraft:iron_boots":1,"minecraft:iron_axe":1,"minecraft:iron_hoe":2,"sophisticatedbackpacks:iron_backpack":1,"minecraft:wheat":66,"qualitycrops:wheat_gold":19,"biomesoplenty:jacaranda_planks":20,"minecraft:crafting_table":8,"minecraft:iron_helmet":1,"minecraft:wooden_pickaxe":1,"minecraft:iron_sword":1,"minecraft:hay_block":6,"minecraft:bucket":1,"qualitycrops:wheat_iron":43,"qualitycrops:sugar_cane_iron":1,"minecraft:bread":94,"minecraft:air":0,"minecraft:charcoal":4,"minecraft:iron_chestplate":1,"minecraft:diamond_pickaxe":1,"minecraft:stick":8,"minecraft:iron_ingot":76,"minecraft:iron_pickaxe":1,"minecraft:wooden_axe":1,"chococraft:gysahl_green_seeds":3,"minecraft:torch":12},"minecraft:dropped":{"minecraft:bread":24,"minecraft:enchanted_book":1,"biomesoplenty:jacaranda_sapling":4,"minecraft:wheat_seeds":319,"minecraft:oak_log":16,"biomesoplenty:lavender":6,"minecraft:feather":1,"minecraft:cobblestone":1,"vinery:white_grape_seeds":2,"chococraft:gysahl_green_seeds":13,"vinery:jungle_grape_seeds_red":2,"minecraft:stick":2,"minecraft:emerald":1,"minecraft:cobweb":9,"tombstone:dust_of_vanishing":2,"minecraft:diorite":6,"minecraft:mutton":4,"tombstone:grave_dust":2,"minecraft:string":5,"minecraft:white_wool":3,"tombstone:voodoo_poppet":2,"vinery:taiga_grape_seeds_white":6,"minecraft:bone":19,"farmersdelight:rotten_tomato":3,"minecraft:stone_axe":2,"minecraft:sugar_cane":13,"minecraft:iron_nugget":12,"minecraft:cobbled_deepslate":12,"minecraft:raw_copper":7,"minecraft:wheat":2,"minecraft:raw_iron":4,"minecraft:rotten_flesh":5,"qualitycrops:sugar_iron":4,"supplementaries:antique_ink":1,"qualitycrops:wheat_iron":3,"minecraft:hay_block":30,"supplementaries:ash":8,"minecraft:potato":1,"minecraft:gunpowder":4,"minecraft:oak_sapling":5,"minecraft:spider_eye":1,"minecraft:arrow":2,"minecraft:stone_pickaxe":2,"chococraft:gysahl_green":3},"minecraft:mined":{"minecraft:deepslate_diamond_ore":5,"minecraft:candle":1,"minecraft:sculk_vein":46,"minecraft:grass_block":4,"minecraft:redstone_wire":1,"minecraft:composter":1,"minecraft:spawner":1,"minecraft:hay_block":24,"minecraft:redstone_ore":5,"biomesoplenty:jacaranda_log":5,"minecraft:raw_iron_block":5,"biomesoplenty:tall_lavender":1,"minecraft:sculk_catalyst":3,"minecraft:furnace":2,"minecraft:iron_ore":5,"minecraft:cobbled_deepslate":3,"biomesoplenty:lavender":8,"minecraft:andesite":1,"minecraft:deepslate_lapis_ore":8,"minecraft:anvil":1,"minecraft:peony":1,"minecraft:sculk_shrieker":5,"chococraft:gysahl_green":6,"minecraft:deepslate_iron_ore":7,"biomesoplenty:webbing":13,"minecraft:stone":7,"biomesoplenty:spider_egg":4,"minecraft:iron_block":1,"minecraft:podzol":1,"biomesoplenty:jacaranda_leaves":3,"biomesoplenty:jacaranda_planks":1,"minecraft:crafting_table":7,"minecraft:torch":4,"minecraft:calcite":5,"minecraft:sculk_sensor":28,"minecraft:copper_ore":2,"minecraft:tall_grass":3,"biomesoplenty:huge_clover_petal":24,"minecraft:deepslate_gold_ore":16,"minecraft:oak_planks":15,"minecraft:sugar_cane":5,"minecraft:diorite":2,"minecraft:sculk":506,"minecraft:wall_torch":6,"minecraft:air":3,"supplementaries:urn":24,"paraglider:horned_statue":2,"minecraft:wheat":189,"minecraft:sweet_berry_bush":15,"minecraft:grass":14,"biomesoplenty:clover":4,"minecraft:oak_log":45,"minecraft:dirt":3,"biomesoplenty:stringy_cobweb":2,"minecraft:deepslate":8,"minecraft:fern":5,"paraglider:goddess_statue":2},"minecraft:used":{"minecraft:peony":1,"minecraft:redstone":1,"minecraft:iron_sword":139,"minecraft:stone_hoe":101,"minecraft:torch":106,"paraglider:goddess_statue":1,"minecraft:dirt":8,"minecraft:iron_hoe":495,"paraglider:horned_statue":1,"minecraft:wooden_axe":27,"farmersdelight:tomato":2,"minecraft:iron_axe":63,"biomesoplenty:tall_lavender":1,"minecraft:iron_boots":1,"minecraft:sweet_berries":26,"minecraft:furnace":3,"tombstone:gift":5,"minecraft:cobbled_deepslate":7,"minecraft:calcite":25,"minecraft:wheat_seeds":366,"minecraft:water_bucket":2,"tombstone:scroll_of_knowledge":1,"minecraft:diorite":2,"minecraft:bundle":1,"minecraft:stone_pickaxe":13,"minecraft:oak_planks":25,"biomesoplenty:lavender":2,"minecraft:composter":1,"minecraft:crafting_table":10,"biomesoplenty:jacaranda_planks":11,"minecraft:diamond_pickaxe":1,"minecraft:zombie_head":1,"minecraft:iron_pickaxe":95,"minecraft:bread":12,"minecraft:stone_axe":2,"minecraft:cobblestone":10,"qualitycrops:sweet_berries_iron":3,"qualitysdelight:tomato_gold":1,"minecraft:cooked_porkchop":5,"minecraft:andesite":1,"minecraft:bucket":3,"chococraft:gysahl_green":14,"alexsmobs:animal_dictionary":2,"minecraft:candle":3,"minecraft:bone_meal":39,"minecraft:chainmail_leggings":1},"minecraft:killed":{"minecraft:cave_spider":6,"minecraft:witch":1,"minecraft:skeleton":3,"alexsmobs:banana_slug":1,"minecraft:sheep":2,"minecraft:pillager":2,"minecraft:zombie":8}},"DataVersion":3465}