{"stats":{"minecraft:used":{"minecraft:iron_sword":88,"minecraft:stone_hoe":101,"minecraft:torch":93,"paraglider:goddess_statue":1,"minecraft:dirt":4,"minecraft:iron_hoe":467,"paraglider:horned_statue":1,"minecraft:wooden_axe":27,"minecraft:iron_axe":45,"biomesoplenty:tall_lavender":1,"minecraft:iron_boots":1,"minecraft:sweet_berries":26,"minecraft:furnace":2,"tombstone:gift":1,"minecraft:cobbled_deepslate":7,"minecraft:calcite":25,"minecraft:wheat_seeds":17,"minecraft:bundle":1,"minecraft:stone_pickaxe":13,"minecraft:composter":1,"biomesoplenty:lavender":2,"minecraft:crafting_table":8,"biomesoplenty:jacaranda_planks":11,"minecraft:diamond_pickaxe":1,"minecraft:bread":3,"minecraft:iron_pickaxe":63,"minecraft:stone_axe":2,"qualitycrops:sweet_berries_iron":3,"minecraft:cobblestone":5,"minecraft:cooked_porkchop":5,"chococraft:gysahl_green":14,"alexsmobs:animal_dictionary":2,"minecraft:candle":3},"minecraft:picked_up":{"qualitycrops:wheat_gold":20,"minecraft:crafting_table":6,"minecraft:wheat":144,"biomesoplenty:jacaranda_sapling":4,"minecraft:enchanted_book":3,"paraglider:goddess_statue":2,"qualitycrops:wheat_diamond":11,"minecraft:string":5,"qualitycrops:sweet_berries_iron":3,"biomesoplenty:tall_lavender":1,"minecraft:gold_nugget":33,"minecraft:candle":3,"minecraft:cobbled_deepslate":10,"minecraft:calcite":5,"minecraft:iron_nugget":51,"minecraft:sugar_cane":13,"qualitycrops:sugar_cane_iron":3,"minecraft:furnace":2,"minecraft:stick":8,"minecraft:raw_iron":26,"qualitycrops:sweet_berries_gold":2,"qualitycrops:sugar_cane_gold":1,"minecraft:composter":1,"minecraft:torch":33,"sophisticatedbackpacks:backpack":1,"tombstone:grave_dust":3,"tombstone:scroll_of_purification":1,"minecraft:arrow":2,"minecraft:rotten_flesh":2,"biomesoplenty:jacaranda_log":5,"vinery:white_grape_seeds":2,"supplementaries:antique_ink":2,"minecraft:iron_block":1,"minecraft:gold_ingot":4,"supplementaries:ash":23,"paraglider:horned_statue":2,"minecraft:mutton":3,"minecraft:white_wool":2,"minecraft:cobblestone":1,"biomesoplenty:lavender":6,"minecraft:feather":1,"vinery:jungle_grape_seeds_red":1,"minecraft:potato":2,"minecraft:oak_log":32,"supplementaries:flax_seeds":6,"biomesoplenty:jacaranda_planks":1,"minecraft:gunpowder":5,"minecraft:lapis_lazuli":50,"minecraft:dirt":4,"minecraft:bone":38,"chococraft:gysahl_green":20,"minecraft:wheat_seeds":270,"minecraft:raw_gold":15,"tombstone:tablet_of_guard":2,"minecraft:iron_ingot":1,"minecraft:stone_pickaxe":1,"minecraft:cobweb":10,"tombstone:scroll_of_frost_resistance":1,"minecraft:sweet_berries":26,"minecraft:raw_iron_block":3,"chococraft:gysahl_green_seeds":13,"minecraft:bundle":1,"qualitycrops:wheat_iron":16,"minecraft:diamond":5,"minecraft:stone_axe":1,"minecraft:emerald":9,"minecraft:oak_sapling":1,"minecraft:coal":20},"minecraft:crafted":{"minecraft:oak_planks":36,"qualitycrops:sugar_iron":4,"minecraft:iron_boots":1,"minecraft:iron_axe":1,"minecraft:iron_hoe":2,"qualitycrops:wheat_gold":11,"minecraft:wheat":44,"biomesoplenty:jacaranda_planks":20,"minecraft:crafting_table":3,"minecraft:wooden_pickaxe":1,"minecraft:iron_helmet":1,"minecraft:iron_sword":1,"qualitycrops:wheat_iron":31,"qualitycrops:sugar_cane_iron":1,"minecraft:bread":75,"minecraft:air":0,"minecraft:iron_chestplate":1,"minecraft:diamond_pickaxe":1,"minecraft:stick":8,"minecraft:iron_ingot":31,"minecraft:iron_pickaxe":1,"minecraft:wooden_axe":1,"chococraft:gysahl_green_seeds":3},"minecraft:broken":{"minecraft:stone_hoe":1,"minecraft:iron_hoe":1},"minecraft:custom":{"minecraft:mob_kills":14,"tombstone:use_vanishing":1,"minecraft:interact_with_crafting_table":23,"minecraft:damage_dealt_resisted":305,"minecraft:leave_game":2,"minecraft:time_since_death":50655,"minecraft:climb_one_cm":1082,"minecraft:sprint_one_cm":121991,"minecraft:walk_one_cm":196092,"minecraft:drop":38,"minecraft:damage_dealt_absorbed":81,"minecraft:talked_to_villager":8,"minecraft:play_time":50655,"minecraft:sneak_time":5687,"minecraft:walk_under_water_one_cm":4747,"minecraft:jump":1463,"minecraft:interact_with_blast_furnace":1,"minecraft:walk_on_water_one_cm":16818,"minecraft:total_world_time":50655,"minecraft:interact_with_furnace":11,"tombstone:raider_killed":3,"minecraft:time_since_rest":50655,"minecraft:damage_taken":854,"minecraft:trigger_trapped_chest":2,"minecraft:damage_dealt":3271,"minecraft:swim_one_cm":19270,"minecraft:fly_one_cm":257018,"minecraft:open_chest":8,"minecraft:crouch_one_cm":23828,"tombstone:undead_killed":8,"minecraft:fall_one_cm":39028},"minecraft:killed":{"minecraft:witch":1,"minecraft:skeleton":2,"alexsmobs:banana_slug":1,"minecraft:sheep":2,"minecraft:pillager":2,"minecraft:zombie":6},"minecraft:mined":{"minecraft:deepslate_diamond_ore":5,"minecraft:candle":1,"minecraft:sculk_vein":46,"minecraft:grass_block":1,"minecraft:composter":1,"minecraft:spawner":1,"biomesoplenty:jacaranda_log":5,"minecraft:raw_iron_block":3,"biomesoplenty:tall_lavender":1,"minecraft:sculk_catalyst":3,"minecraft:furnace":2,"minecraft:cobbled_deepslate":3,"biomesoplenty:lavender":8,"minecraft:deepslate_lapis_ore":8,"minecraft:sculk_shrieker":5,"chococraft:gysahl_green":6,"minecraft:deepslate_iron_ore":7,"minecraft:iron_block":1,"biomesoplenty:jacaranda_leaves":3,"biomesoplenty:jacaranda_planks":1,"minecraft:crafting_table":6,"minecraft:torch":4,"minecraft:calcite":5,"minecraft:sculk_sensor":28,"minecraft:tall_grass":3,"biomesoplenty:huge_clover_petal":24,"minecraft:deepslate_gold_ore":16,"minecraft:sugar_cane":5,"minecraft:sculk":506,"minecraft:wall_torch":5,"minecraft:air":3,"supplementaries:urn":13,"minecraft:wheat":189,"paraglider:horned_statue":2,"minecraft:sweet_berry_bush":15,"minecraft:grass":10,"biomesoplenty:clover":4,"minecraft:oak_log":45,"minecraft:dirt":3,"minecraft:deepslate":8,"minecraft:fern":5,"paraglider:goddess_statue":2},"minecraft:dropped":{"minecraft:enchanted_book":1,"biomesoplenty:jacaranda_sapling":4,"minecraft:oak_log":16,"biomesoplenty:lavender":2,"minecraft:feather":1,"minecraft:cobblestone":1,"vinery:white_grape_seeds":2,"chococraft:gysahl_green_seeds":13,"vinery:jungle_grape_seeds_red":2,"minecraft:stick":2,"minecraft:emerald":1,"minecraft:cobweb":5,"tombstone:grave_dust":1,"minecraft:string":5,"minecraft:bone":19,"minecraft:stone_axe":2,"minecraft:sugar_cane":13,"minecraft:iron_nugget":12,"minecraft:wheat":1,"minecraft:raw_iron":4,"minecraft:rotten_flesh":2,"supplementaries:antique_ink":1,"supplementaries:ash":8,"minecraft:potato":1,"minecraft:gunpowder":4,"minecraft:oak_sapling":1,"minecraft:arrow":2,"minecraft:stone_pickaxe":2,"chococraft:gysahl_green":3}},"DataVersion":3465}