{
  "overweight_farming:building_blocks/waxed_seedless_peeled_melon_from_honeycomb": {
    "criteria": {
      "has_the_recipe": "2024-07-26 08:12:24 +0000"
    },
    "done": true
  },
  "idas:idas_root": {
    "criteria": {
      "always": "2024-07-26 08:12:24 +0000"
    },
    "done": true
  },
  "takesapillage:root": {
    "criteria": {
      "always": "2024-07-26 08:12:24 +0000"
    },
    "done": true
  },
  "minecraft:story/obtain_armor": {
    "criteria": {
      "iron_helmet": "2024-07-26 08:31:47 +0000"
    },
    "done": true
  },
  "biomesoplenty:biomesoplenty/all_biomes": {
    "criteria": {
      "woodland": "2024-07-26 09:06:30 +0000",
      "lavender_forest": "2024-07-26 08:14:21 +0000",
      "mediterranean_forest": "2024-07-26 08:44:06 +0000",
      "spider_nest": "2024-07-26 08:52:26 +0000",
      "wasteland": "2024-07-26 09:10:02 +0000",
      "seasonal_forest": "2024-07-26 08:19:45 +0000",
      "rocky_rainforest": "2024-07-26 09:11:38 +0000",
      "volcanic_plains": "2024-07-26 09:09:25 +0000",
      "lavender_field": "2024-07-26 08:12:25 +0000",
      "rainforest": "2024-07-26 09:08:28 +0000"
    },
    "done": false
  },
  "minecraft:adventure/sleep_in_bed": {
    "criteria": {
      "slept_in_bed": "2024-07-26 08:21:46 +0000"
    },
    "done": true
  },
  "minecraft:adventure/root": {
    "criteria": {
      "killed_something": "2024-07-26 08:54:16 +0000"
    },
    "done": true
  },
  "minecraft:adventure/kill_all_mobs": {
    "criteria": {
      "minecraft:skeleton": "2024-07-26 08:54:16 +0000",
      "quark:forgotten": "2024-07-26 08:59:12 +0000",
      "minecraft:cave_spider": "2024-07-26 08:56:03 +0000",
      "minecraft:zombie": "2024-07-26 08:58:21 +0000"
    },
    "done": false
  },
  "paraglider:root": {
    "criteria": {
      "crafting_table": "2024-07-26 08:48:47 +0000"
    },
    "done": true
  },
  "minecraft:husbandry/tame_an_animal": {
    "criteria": {
      "tamed_animal": "2024-07-26 09:34:57 +0000"
    },
    "done": true
  },
  "overweight_farming:building_blocks/waxed_seeded_peeled_melon_from_honeycomb": {
    "criteria": {
      "has_the_recipe": "2024-07-26 08:12:24 +0000"
    },
    "done": true
  },
  "minecraft:story/iron_tools": {
    "criteria": {
      "iron_pickaxe": "2024-07-26 08:16:39 +0000"
    },
    "done": true
  },
  "minecraft:adventure/kill_a_mob": {
    "criteria": {
      "minecraft:skeleton": "2024-07-26 08:54:16 +0000"
    },
    "done": true
  },
  "tombstone:recipes/from_grave_dust": {
    "criteria": {
      "has_ingredient": "2024-07-26 08:58:22 +0000"
    },
    "done": true
  },
  "quark:get_forgotten_hat": {
    "criteria": {
      "get_forgotten_hat": "2024-07-26 09:00:17 +0000"
    },
    "done": true
  },
  "minecraft:adventure/adventuring_time": {
    "criteria": {
      "minecraft:savanna_plateau": "2024-07-26 08:26:23 +0000",
      "minecraft:river": "2024-07-26 08:19:52 +0000",
      "minecraft:dripstone_caves": "2024-07-26 08:24:07 +0000",
      "minecraft:forest": "2024-07-26 09:06:21 +0000",
      "minecraft:jungle": "2024-07-26 09:15:43 +0000",
      "minecraft:meadow": "2024-07-26 08:26:28 +0000",
      "minecraft:savanna": "2024-07-26 08:25:48 +0000",
      "minecraft:plains": "2024-07-26 08:23:19 +0000"
    },
    "done": false
  },
  "minecraft:husbandry/plant_seed": {
    "criteria": {
      "beetroots": "2024-07-26 08:37:55 +0000"
    },
    "done": true
  },
  "tombstone:adventure/find_grave_dust": {
    "criteria": {
      "from_undead": "2024-07-26 08:58:21 +0000"
    },
    "done": true
  },
  "minecraft:husbandry/balanced_diet": {
    "criteria": {
      "cooked_mutton": "2024-07-26 08:42:07 +0000",
      "potato": "2024-07-26 08:40:53 +0000",
      "bread": "2024-07-26 08:18:03 +0000",
      "cod": "2024-07-26 08:41:15 +0000"
    },
    "done": false
  },
  "overweight_farming:building_blocks/vegetable_compost": {
    "criteria": {
      "has_the_recipe": "2024-07-26 08:12:24 +0000"
    },
    "done": true
  },
  "minecraft:story/mine_stone": {
    "criteria": {
      "get_stone": "2024-07-26 08:17:49 +0000"
    },
    "done": true
  },
  "vinery:main/get_apple": {
    "criteria": {
      "apple": "2024-07-26 08:14:49 +0000"
    },
    "done": true
  },
  "minecraft:husbandry/root": {
    "criteria": {
      "consumed_item": "2024-07-26 08:18:03 +0000"
    },
    "done": true
  },
  "farmersdelight:main/root": {
    "criteria": {
      "seeds": "2024-07-26 08:12:24 +0000"
    },
    "done": true
  },
  "create:root": {
    "criteria": {
      "0": "2024-07-26 08:12:24 +0000"
    },
    "done": true
  },
  "betterdeserttemples:root": {
    "criteria": {
      "always": "2024-07-26 08:12:24 +0000"
    },
    "done": true
  },
  "minecraft:story/mine_diamond": {
    "criteria": {
      "diamond": "2024-07-26 08:55:48 +0000"
    },
    "done": true
  },
  "farmersdelight:main/plant_all_crops": {
    "criteria": {
      "beetroot": "2024-07-26 08:37:55 +0000"
    },
    "done": false
  },
  "minecraft:adventure/salvage_sherd": {
    "criteria": {
      "has_sherd": "2024-07-26 08:20:58 +0000"
    },
    "done": false
  },
  "tombstone:adventure/root": {
    "criteria": {
      "auto": "2024-07-26 08:12:25 +0000"
    },
    "done": true
  },
  "biomesoplenty:biomesoplenty/root": {
    "criteria": {
      "lavender_field": "2024-07-26 08:12:25 +0000"
    },
    "done": true
  },
  "minecraft:story/root": {
    "criteria": {
      "crafting_table": "2024-07-26 08:48:47 +0000"
    },
    "done": true
  },
  "minecraft:story/form_obsidian": {
    "criteria": {
      "obsidian": "2024-07-26 08:31:46 +0000"
    },
    "done": true
  },
  "alexsmobs:alexsmobs/acacia_blossom": {
    "criteria": {
      "acacia_blossom": "2024-07-26 09:44:35 +0000"
    },
    "done": true
  },
  "bakery:main/root": {
    "criteria": {
      "seeds": "2024-07-26 08:12:24 +0000"
    },
    "done": true
  },
  "vinery:main/root": {
    "criteria": {
      "seeds": "2024-07-26 08:12:24 +0000"
    },
    "done": true
  },
  "overweight_farming:building_blocks/waxed_half_seeded_peeled_melon_from_honeycomb": {
    "criteria": {
      "has_the_recipe": "2024-07-26 08:12:24 +0000"
    },
    "done": true
  },
  "minecraft:story/smelt_iron": {
    "criteria": {
      "iron": "2024-07-26 08:16:21 +0000"
    },
    "done": true
  },
  "DataVersion": 3465
}